Order_ID,Order_Date,Customer_ID,Region,City,Product_ID,Product_Category,Payment_Method,Discount,Product_Price,Quantity,Total_Before_Discount,Discount_Amount,Total_Sales
1,01-01-2023 00:00,1102,South,Pune,141,Electronics,Card,0.21,4411.3,6,26467.8,5558.238,20528.8
2,01-01-2023 01:00,1435,West,Mumbai,318,Clothing,NetBanking,0.11,4726.34,9,42537.06,4679.0766,37301.49
3,01-01-2023 02:00,1860,South,Delhi,156,Electronics,Card,0.04,387.23,1,387.23,15.4892,197.89
4,01-01-2023 03:00,1270,East,Pune,325,Clothing,UPI,0.26,3725.55,4,14902.2,3874.572,10944.11
5,01-01-2023 04:00,1106,East,Delhi,295,Clothing,NetBanking,0.18,3659.87,2,7319.74,1317.5532,5898.62
6,01-01-2023 05:00,1071,South,Pune,347,Clothing,UPI,0.11,4740.84,9,42667.56,4693.4316,37776.26
7,01-01-2023 06:00,1700,North,Chennai,265,Home,NetBanking,0.01,1339.28,3,4017.84,40.1784,3904.26
8,01-01-2023 07:00,1020,East,Chennai,161,Clothing,Cash,0.16,3736.68,2,7473.36,1195.7376,6342.27
9,01-01-2023 08:00,1614,North,Mumbai,362,Electronics,Card,0.28,367.67,8,2941.36,823.5808,1856.17
10,01-01-2023 09:00,1121,East,Mumbai,211,Clothing,NetBanking,0.18,3193.1,4,12772.4,2299.032,10774.02
11,01-01-2023 10:00,1466,North,Delhi,352,Electronics,Cash,0.29,1819.15,2,3638.3,1055.107,2528.28
12,01-01-2023 11:00,1214,North,Pune,298,Clothing,UPI,0.04,3867.66,4,15470.64,618.8256,15145.64
13,01-01-2023 12:00,1330,North,Bangalore,277,Clothing,Cash,0.17,4330.19,7,30311.33,5152.9261,25237.46
14,01-01-2023 13:00,1458,South,Mumbai,125,Home,UPI,0.24,1887.62,7,13213.34,3171.2016,9664.06
15,01-01-2023 14:00,1087,North,Bangalore,345,Electronics,NetBanking,0.16,2675.37,,2675.37,428.0592,1660.82
16,01-01-2023 15:00,1372,North,Bangalore,118,Clothing,NetBanking,0.03,675.28,1,675.28,20.2584,974.52
17,01-01-2023 16:00,1099,North,Pune,364,Clothing,Card,0.17,2142.84,3,6428.52,1092.8484,5061.94
18,01-01-2023 17:00,1871,East,Delhi,416,Electronics,Card,0.18,1867.92,2,3735.84,672.4512,3034.24
19,01-01-2023 18:00,1663,North,Pune,119,Clothing,NetBanking,0.22,997.3,3,2991.9,658.218,2152.86
20,01-01-2023 19:00,1130,East,Mumbai,205,Sports,UPI,0.23,4482.95,4,17931.8,4124.314,14210.21
21,01-01-2023 20:00,1661,North,Bangalore,336,Home,UPI,0.23,825.63,7,5779.41,1329.2643,4427.74
22,01-01-2023 21:00,1308,North,Pune,405,Electronics,NetBanking,0.2,3215.12,2,6430.24,1286.048,4730.11
23,01-01-2023 22:00,1769,South,Pune,345,Home,UPI,,4461.7,7,31231.9,1873.914,29278.84
24,01-01-2023 23:00,1343,East,Pune,180,Sports,NetBanking,0.12,4568.65,5,22843.25,2741.19,20439.46
25,02-01-2023 00:00,1491,North,Mumbai,249,Sports,Card,0.23,3986.87,8,31894.96,7335.8408,24298.1
26,02-01-2023 01:00,1413,East,Delhi,496,Sports,UPI,0.29,963.09,8,7704.72,2234.3688,5001.84
27,02-01-2023 02:00,1805,East,Pune,495,Electronics,Card,0.02,4105.41,5,20527.05,410.541,20335.57
28,02-01-2023 03:00,1385,West,Mumbai,109,Sports,Cash,0.16,1455.17,8,11641.36,1862.6176,9485.06
29,02-01-2023 04:00,1191,South,Bangalore,420,Electronics,Card,0.09,4619.75,9,41577.75,3741.9975,37325.76
30,02-01-2023 05:00,1955,South,Chennai,323,Electronics,Cash,0.07,3574.52,7,25021.64,1751.5148,22986.55
31,02-01-2023 06:00,1276,South,Mumbai,363,Clothing,Card,0.15,3947.81,,23686.86,3553.029,20200.5
32,02-01-2023 07:00,1160,West,Chennai,248,Electronics,Card,0.18,516.66,7,3616.62,650.9916,3081.68
33,02-01-2023 08:00,1459,West,Pune,377,Sports,UPI,0,2955.55,7,20688.85,0,20792.03
34,02-01-2023 09:00,1313,South,Pune,373,Electronics,Card,0.23,4123.6,3,12370.8,2845.284,9201.96
35,02-01-2023 10:00,1021,West,Mumbai,293,Electronics,NetBanking,0.25,4321.79,6,25930.74,6482.685,19702.11
36,02-01-2023 11:00,1252,West,Chennai,271,Home,UPI,0.29,240.3,6,1441.8,418.122,1228.76
37,02-01-2023 12:00,1747,West,Pune,364,Sports,UPI,0.05,4701.88,9,42316.92,2115.846,40330.86
38,02-01-2023 13:00,1856,South,Bangalore,409,Electronics,UPI,0.18,312.36,1,312.36,56.2248,-75.26
39,02-01-2023 14:00,1560,South,Delhi,125,Clothing,Card,0.13,3111.14,7,21777.98,2831.1374,75006.08
40,02-01-2023 15:00,1474,South,Delhi,449,Electronics,UPI,0.1,3497.6,1,3497.6,349.76,3232.31
41,02-01-2023 16:00,1058,West,Pune,455,Electronics,Cash,0.17,625.99,4,2503.96,425.6732,2242.12
42,02-01-2023 17:00,1510,South,Chennai,125,Home,Cash,,335.26,7,2346.82,539.7686,1493.36
43,02-01-2023 18:00,1681,West,Pune,133,Sports,Card,0.01,,6,23676.42,236.7642,23954.91
44,02-01-2023 19:00,1475,North,Chennai,363,Sports,UPI,0.29,1984.89,6,11909.34,3453.7086,8404.76
45,02-01-2023 20:00,1699,West,Bangalore,237,Clothing,NetBanking,0.24,624.85,5,3124.25,749.82,2649.59
46,02-01-2023 21:00,1975,East,Chennai,403,Clothing,NetBanking,0.23,3837.07,7,26859.49,6177.6827,20299.85
47,02-01-2023 22:00,1782,South,Pune,282,Clothing,Cash,0.23,4260.9,9,38348.1,8820.063,29580.66
48,02-01-2023 23:00,1189,South,Bangalore,462,Electronics,Card,0.12,2978.19,6,17869.14,2144.2968,15335.97
49,03-01-2023 00:00,1957,East,Mumbai,341,Electronics,Card,0.23,890.06,7,6230.42,1432.9966,4833.76
50,03-01-2023 01:00,1686,West,Delhi,153,Clothing,Card,0.12,174.59,9,1571.31,188.5572,1512.48
51,03-01-2023 02:00,1957,North,Pune,267,Sports,Card,0.27,3533.93,7,24737.51,6679.1277,18204.75
52,03-01-2023 03:00,1562,East,Pune,218,Sports,Card,0.05,2795.68,6,16774.08,838.704,15705.06
53,03-01-2023 04:00,1875,East,Pune,242,Clothing,UPI,0.09,3288.91,3,9866.73,888.0057,8424.01
54,03-01-2023 05:00,1566,West,Bangalore,180,Home,UPI,0.17,4084.6,1,4084.6,694.382,3477.97
55,03-01-2023 06:00,1243,South,Mumbai,344,Sports,UPI,0.1,2227.72,9,20049.48,2004.948,17915.96
56,03-01-2023 07:00,1831,West,Chennai,451,Sports,NetBanking,0.13,710.13,7,4970.91,646.2183,4195.96
57,03-01-2023 08:00,1504,East,Mumbai,457,Clothing,UPI,0.15,4705.92,,14117.76,2117.664,11714.46
58,03-01-2023 09:00,1130,East,Bangalore,161,Sports,Card,0.26,2771.78,9,24946.02,6485.9652,18434.94
59,03-01-2023 10:00,1484,South,Pune,145,Electronics,Card,0.16,3114.94,3,9344.82,1495.1712,7839.26
60,03-01-2023 11:00,1818,South,Delhi,186,Electronics,NetBanking,0.11,4673.72,3,14021.16,1542.3276,12786.34
61,03-01-2023 12:00,1646,South,Pune,198,Sports,NetBanking,0.07,4664.76,7,32653.32,2285.7324,29753.62
62,03-01-2023 13:00,1020,West,Chennai,394,Electronics,Cash,0.12,2903.26,2,5806.52,696.7824,4703.9
63,03-01-2023 14:00,1840,South,Delhi,498,Home,NetBanking,0.15,1558.3,7,10908.1,1636.215,9400.86
64,03-01-2023 15:00,1166,East,Pune,152,Sports,Cash,0.22,4985.86,7,34901.02,7678.2244,26553.32
65,03-01-2023 16:00,1273,East,Delhi,291,Clothing,UPI,0.04,3436,1,3436,137.44,3072.71
66,03-01-2023 17:00,1387,North,Mumbai,179,Electronics,Card,0.07,2101.34,2,4202.68,294.1876,4611.87
67,03-01-2023 18:00,1600,West,Bangalore,115,Home,Cash,0.11,2843.2,5,14216,1563.76,12559.92
68,03-01-2023 19:00,1315,North,Pune,459,Home,Cash,0.11,2137.59,4,8550.36,940.5396,7810.64
69,03-01-2023 20:00,1013,East,Chennai,425,Electronics,Cash,0.12,4452.7,3,13358.1,1602.972,11241.61
70,03-01-2023 21:00,1241,North,Mumbai,293,Home,NetBanking,0.24,2464.25,8,19714,4731.36,15183.67
71,03-01-2023 22:00,1776,East,Pune,240,Sports,NetBanking,0.1,4135.29,7,28947.03,2894.703,25930.15
72,03-01-2023 23:00,1345,North,Mumbai,207,Home,NetBanking,0.15,4216.86,9,37951.74,5692.761,32336.78
73,04-01-2023 00:00,1564,South,Chennai,402,Electronics,Cash,0.19,4139.23,3,12417.69,2359.3611,10216.37
74,04-01-2023 01:00,1897,North,Pune,364,Home,UPI,,3638.72,1,3638.72,254.7104,3220.67
75,04-01-2023 02:00,1339,South,Chennai,389,Electronics,Card,0.22,4288.9,9,38600.1,8492.022,30245.1
76,04-01-2023 03:00,1091,South,Delhi,308,Electronics,NetBanking,0.16,1997.42,9,17976.78,2876.2848,14755.29
77,04-01-2023 04:00,1366,West,Chennai,264,Home,UPI,0.13,661.85,1,661.85,86.0405,582.97
78,04-01-2023 05:00,1955,South,Delhi,441,Electronics,NetBanking,0.24,,8,33824.24,8117.8176,25853.43
79,04-01-2023 06:00,1454,South,Pune,470,Electronics,NetBanking,,2541.03,1,2541.03,177.8721,2192.33
80,04-01-2023 07:00,1427,North,Delhi,419,Clothing,Cash,0.26,724.14,6,4344.84,1129.6584,2917.36
81,04-01-2023 08:00,1508,East,Pune,251,Sports,Cash,0.17,665.03,9,5985.27,1017.4959,4821.91
82,04-01-2023 09:00,1775,West,Pune,389,Electronics,NetBanking,0.18,880.29,3,2640.87,475.3566,2483.57
83,04-01-2023 10:00,1942,South,Bangalore,367,Sports,Card,0.26,3779.77,6,22678.62,5896.4412,17054.23
84,04-01-2023 11:00,1034,West,Pune,250,Clothing,NetBanking,0.25,3583.2,3,10749.6,2687.4,8281.44
85,04-01-2023 12:00,1205,North,Delhi,306,Clothing,Card,0.18,1098.71,5,5493.55,988.839,4957.06
86,04-01-2023 13:00,1080,South,Bangalore,354,Clothing,UPI,0.23,4249.92,7,29749.44,6842.3712,22908.96
87,04-01-2023 14:00,1931,North,Bangalore,452,Clothing,NetBanking,0.13,1478.34,4,5913.36,768.7368,5197.39
88,04-01-2023 15:00,1561,West,Pune,476,Sports,Card,0.16,3985.63,4,15942.52,2550.8032,12793.83
89,04-01-2023 16:00,1871,North,Chennai,240,Home,UPI,0.02,2495.15,,17466.05,349.321,16843.72
90,04-01-2023 17:00,1387,West,Chennai,442,Home,UPI,0.03,3684.59,5,18422.95,552.6885,18023.7
91,04-01-2023 18:00,1001,North,Bangalore,457,Sports,Cash,0.25,1968.8,1,1968.8,492.2,1737.07
92,04-01-2023 19:00,1389,West,Pune,195,Electronics,UPI,0.02,1800.99,2,3601.98,72.0396,3142.11
93,04-01-2023 20:00,1565,East,Chennai,469,Sports,Cash,,4222.66,6,25335.96,1266.798,24041.24
94,04-01-2023 21:00,1105,North,Pune,326,Electronics,UPI,0.24,272.98,9,2456.82,589.6368,2515.01
95,04-01-2023 22:00,1771,North,Pune,292,Electronics,UPI,0,4876.21,7,34133.47,0,34107.16
96,04-01-2023 23:00,1821,East,Bangalore,402,Home,Card,0.08,3276.08,4,13104.32,1048.3456,12489.43
97,05-01-2023 00:00,1476,East,Bangalore,413,Clothing,Card,0.18,2219.17,2,4438.34,798.9012,3743.63
98,05-01-2023 01:00,1702,North,Mumbai,488,Home,Cash,0.18,3177.47,4,12709.88,2287.7784,10590.51
99,05-01-2023 02:00,1401,East,Chennai,476,Home,NetBanking,0.23,701.43,5,3507.15,806.6445,2427.66
100,05-01-2023 03:00,1729,South,Chennai,217,Sports,Card,0.15,2618.86,2,5237.72,785.658,3969.38
101,05-01-2023 04:00,1555,West,Chennai,104,Sports,UPI,0.15,4926.97,1,4926.97,739.0455,4404.65
102,05-01-2023 05:00,1161,West,Delhi,451,Electronics,Cash,0.22,1252.82,4,5011.28,1102.4816,4000.93
103,05-01-2023 06:00,1201,West,Pune,342,Sports,Cash,0.15,3639.16,6,21834.96,3275.244,18577.89
104,05-01-2023 07:00,1957,South,Bangalore,120,Electronics,Cash,0.18,2231.36,1,2231.36,401.6448,1431.58
105,05-01-2023 08:00,1995,East,Chennai,251,Electronics,UPI,0.27,3297.04,,3297.04,890.2008,2299.81
106,05-01-2023 09:00,1269,East,Mumbai,227,Clothing,Card,0.12,1103.95,9,9935.55,1192.266,8558.28
107,05-01-2023 10:00,1862,North,Chennai,223,Clothing,NetBanking,0.12,2405.28,5,12026.4,1443.168,10427.61
108,05-01-2023 11:00,1815,East,Pune,245,Home,Cash,0,4902.45,2,9804.9,0,9873.44
109,05-01-2023 12:00,1270,North,Pune,376,Clothing,UPI,0.18,1056.91,2,2113.82,380.4876,1945.2
110,05-01-2023 13:00,1455,South,Bangalore,409,Electronics,Card,0.01,3218.58,4,12874.32,128.7432,12831.4
111,05-01-2023 14:00,1461,West,Delhi,493,Sports,Card,,2920.43,2,5840.86,876.129,5023.07
112,05-01-2023 15:00,1726,West,Bangalore,251,Clothing,NetBanking,0.24,2868.75,4,11475,2754,8755.06
113,05-01-2023 16:00,1251,West,Chennai,459,Clothing,Cash,0.16,3114.1,6,18684.6,2989.536,15642.63
114,05-01-2023 17:00,1701,East,Mumbai,210,Clothing,UPI,0.08,2560.97,7,17926.79,1434.1432,16243.45
115,05-01-2023 18:00,1295,North,Bangalore,215,Clothing,Card,0.24,182.96,6,1097.76,263.4624,848.35
116,05-01-2023 19:00,1724,North,Delhi,287,Electronics,UPI,0.08,4510.47,4,18041.88,1443.3504,16822.71
117,05-01-2023 20:00,1719,South,Bangalore,156,Electronics,Card,0.22,4152.2,3,12456.6,2740.452,9681.56
118,05-01-2023 21:00,1748,East,Pune,350,Home,Cash,,953.42,4,3813.68,686.4624,2851.11
119,05-01-2023 22:00,1337,South,Chennai,483,Sports,Cash,0.05,2125.04,5,10625.2,531.26,9735.25
120,05-01-2023 23:00,1878,North,Chennai,249,Home,NetBanking,0.27,3875.69,4,15502.76,4185.7452,11030.88
121,06-01-2023 00:00,1052,North,Chennai,261,Home,Card,0.06,4902.31,3,14706.93,882.4158,13481.39
122,06-01-2023 01:00,1791,West,Chennai,219,Clothing,UPI,0.3,4760.57,1,4760.57,1428.171,4199.76
123,06-01-2023 02:00,1921,East,Chennai,169,Sports,Card,0,4506.86,3,13520.58,0,13257.26
124,06-01-2023 03:00,1216,North,Chennai,450,Clothing,UPI,0.08,876.03,5,4380.15,350.412,4018.21
125,06-01-2023 04:00,1763,West,Mumbai,198,Electronics,NetBanking,,4580.93,6,27485.58,1649.1348,25810.41
126,06-01-2023 05:00,1187,East,Delhi,266,Home,Card,0,4404.38,4,17617.52,0,18041.51
127,06-01-2023 06:00,1379,South,Chennai,397,Sports,Cash,0.22,1947.05,1,1947.05,428.351,1647.51
128,06-01-2023 07:00,1492,East,Delhi,250,Electronics,UPI,0.21,2033.16,7,14232.12,2988.7452,45482.88
129,06-01-2023 08:00,1040,East,Chennai,425,Home,Cash,0.24,2353.55,9,21181.95,5083.668,16150.6
130,06-01-2023 09:00,1156,North,Bangalore,101,Sports,NetBanking,0.08,3315.26,6,19891.56,1591.3248,18382.76
131,06-01-2023 10:00,1014,North,Chennai,251,Home,NetBanking,0.13,1378.09,6,8268.54,1074.9102,7290.31
132,06-01-2023 11:00,1812,East,Pune,464,Sports,UPI,0.2,212.45,9,1912.05,382.41,1341.42
133,06-01-2023 12:00,1064,North,Mumbai,164,Home,Card,0.13,792.02,4,3168.08,411.8504,2481.02
134,06-01-2023 13:00,1856,North,Bangalore,425,Clothing,Cash,0.21,2256.57,5,11282.85,2369.3985,8931.04
135,06-01-2023 14:00,1838,North,Bangalore,168,Home,Cash,0.19,1481.81,5,7409.05,1407.7195,5840.25
136,06-01-2023 15:00,1520,West,Pune,220,Home,UPI,0.03,3846.13,5,19230.65,576.9195,18709.04
137,06-01-2023 16:00,1343,West,Chennai,208,Sports,UPI,0.23,622.78,8,4982.24,1145.9152,3512.55
138,06-01-2023 17:00,1128,East,Mumbai,415,Sports,UPI,0.22,4595.58,1,4595.58,1011.0276,3142.42
139,06-01-2023 18:00,1647,North,Bangalore,346,Clothing,NetBanking,0.2,4487.1,3,13461.3,2692.26,10385.24
140,06-01-2023 19:00,1471,West,Mumbai,192,Sports,NetBanking,0.05,4552.91,8,36423.28,1821.164,34579.95
141,06-01-2023 20:00,1062,East,Bangalore,367,Home,Cash,0.08,3724.09,9,33516.81,2681.3448,30350.79
142,06-01-2023 21:00,1138,North,Chennai,202,Sports,Card,0.12,624.3,2,1248.6,149.832,1683.67
143,06-01-2023 22:00,1498,South,Bangalore,211,Sports,UPI,0.08,2246.87,4,8987.48,718.9984,8854.15
144,06-01-2023 23:00,1592,North,Bangalore,420,Sports,NetBanking,0.07,743.89,8,5951.12,416.5784,5800.19
145,07-01-2023 00:00,1391,North,Delhi,403,Clothing,Card,0.24,4939.73,5,24698.65,5927.676,18660.15
146,07-01-2023 01:00,1674,West,Chennai,443,Clothing,UPI,0.19,1731.89,1,1731.89,329.0591,1257.75
147,07-01-2023 02:00,1418,East,Pune,161,Electronics,Card,0.17,,6,17808.72,3027.4824,14870.2
148,07-01-2023 03:00,1288,East,Pune,399,Clothing,UPI,0.07,3919.03,9,35271.27,2468.9889,32981.27
149,07-01-2023 04:00,1378,West,Chennai,235,Clothing,Card,0.28,4611.02,9,41499.18,11619.7704,29968.29
150,07-01-2023 05:00,1772,North,Pune,154,Clothing,Cash,0.06,3802.18,1,3802.18,228.1308,3180.91
151,07-01-2023 06:00,1489,South,Chennai,207,Home,UPI,0.24,3405.07,4,13620.28,3268.8672,10294.44
152,07-01-2023 07:00,1230,North,Pune,402,Electronics,UPI,0.29,2383.31,1,2383.31,691.1599,1852.13
153,07-01-2023 08:00,1040,North,Delhi,357,Home,Cash,0.22,3066.46,7,21465.22,4722.3484,16034.41
154,07-01-2023 09:00,1027,South,Pune,352,Clothing,UPI,0.3,561.4,3,1684.2,505.26,847.35
155,07-01-2023 10:00,1134,West,Bangalore,321,Clothing,UPI,0.2,4431.22,2,8862.44,1772.488,7247.71
156,07-01-2023 11:00,1200,East,Chennai,468,Electronics,NetBanking,0.07,2764.51,,22116.08,1548.1256,20474.31
157,07-01-2023 12:00,1839,West,Mumbai,266,Electronics,Cash,0.06,296.66,9,2669.94,160.1964,2416.41
158,07-01-2023 13:00,1779,West,Mumbai,259,Sports,NetBanking,0.1,4607.52,7,32252.64,3225.264,29359.91
159,07-01-2023 14:00,1929,North,Chennai,265,Clothing,Cash,0,2497.58,6,14985.48,0,14969.34
160,07-01-2023 15:00,1032,East,Delhi,304,Clothing,Card,0.2,4356.09,6,26136.54,5227.308,20767.2
161,07-01-2023 16:00,1047,East,Pune,366,Home,Cash,0.08,4298.75,9,38688.75,3095.1,35501.08
162,07-01-2023 17:00,1502,West,Delhi,237,Sports,Cash,0.24,4097.18,5,20485.9,4916.616,15486.59
163,07-01-2023 18:00,1406,South,Mumbai,467,Clothing,NetBanking,0.11,400.87,5,2004.35,220.4785,1533.51
164,07-01-2023 19:00,1573,West,Chennai,445,Home,UPI,0.14,1310.63,2,2621.26,366.9764,2187.52
165,07-01-2023 20:00,1727,South,Chennai,347,Electronics,Cash,0.29,4390.18,6,26341.08,7638.9132,18360.2
166,07-01-2023 21:00,1804,East,Delhi,154,Home,UPI,0.07,4505.06,6,27030.36,1892.1252,25038.24
167,07-01-2023 22:00,1098,West,Delhi,308,Clothing,Cash,0.22,2344.54,6,14067.24,3094.7928,10817.62
168,07-01-2023 23:00,1683,North,Pune,116,Home,NetBanking,0.23,2256.2,4,9024.8,2075.704,7018.5
169,08-01-2023 00:00,1871,West,Bangalore,167,Home,Cash,0.07,958.19,7,6707.33,469.5131,6692.17
170,08-01-2023 01:00,1725,East,Bangalore,232,Sports,Card,0.15,4845.21,9,43606.89,6541.0335,37143.73
171,08-01-2023 02:00,1986,North,Pune,287,Sports,Cash,0.11,1144.38,1,1144.38,125.8818,1049.44
172,08-01-2023 03:00,1546,North,Bangalore,407,Electronics,Cash,0.23,1035.59,3,3106.77,714.5571,2462.36
173,08-01-2023 04:00,1960,South,Mumbai,237,Sports,UPI,0.19,3337.57,9,30038.13,5707.2447,24072.04
174,08-01-2023 05:00,1738,North,Bangalore,273,Home,UPI,0.14,1289.94,5,6449.7,902.958,5757.33
175,08-01-2023 06:00,1612,North,Pune,196,Sports,Card,0.23,4699.98,6,28199.88,6485.9724,21835.83
176,08-01-2023 07:00,1942,West,Bangalore,270,Clothing,Cash,0.07,153.44,8,1227.52,85.9264,1128.1
177,08-01-2023 08:00,1461,East,Chennai,253,Home,UPI,0.23,128.19,9,1153.71,265.3533,994.85
178,08-01-2023 09:00,1642,South,Delhi,282,Home,Cash,0.26,2573.9,8,20591.2,5353.712,15335.78
179,08-01-2023 10:00,1768,West,Mumbai,341,Home,NetBanking,0.26,2491.51,3,7474.53,1943.3778,5629.99
180,08-01-2023 11:00,1004,North,Chennai,403,Clothing,NetBanking,0.24,,1,900.48,216.1152,982.64
181,08-01-2023 12:00,1217,North,Chennai,384,Home,Card,0.12,2523.15,5,12615.75,1513.89,10874.42
182,08-01-2023 13:00,1502,South,Pune,126,Sports,NetBanking,0.29,2117.14,7,14819.98,4297.7942,10915.55
183,08-01-2023 14:00,1766,East,Delhi,459,Clothing,UPI,0.11,4462.61,2,8925.22,981.7742,7462.65
184,08-01-2023 15:00,1397,South,Delhi,159,Home,UPI,0.19,145.34,1,145.34,27.6146,316.29
185,08-01-2023 16:00,1870,West,Mumbai,301,Sports,Card,0.05,4883.72,4,19534.88,976.744,18608.46
186,08-01-2023 17:00,1794,South,Pune,349,Sports,Cash,0.29,3159.52,3,9478.56,2748.7824,6440.9
187,08-01-2023 18:00,1392,North,Mumbai,461,Electronics,UPI,0.21,844.03,4,3376.12,708.9852,2975.87
188,08-01-2023 19:00,1206,West,Bangalore,168,Sports,NetBanking,0.23,329.12,1,329.12,75.6976,-290.63
189,08-01-2023 20:00,1014,North,Chennai,469,Sports,UPI,0.02,2736.72,2,5473.44,109.4688,5851.54
190,08-01-2023 21:00,1857,East,Mumbai,120,Electronics,Card,0.23,1250.96,1,1250.96,287.7208,1640.28
191,08-01-2023 22:00,1553,North,Chennai,251,Electronics,NetBanking,0.23,1575.71,3,4727.13,1087.2399,3590.93
192,08-01-2023 23:00,1891,North,Pune,201,Clothing,NetBanking,0.2,1301.15,4,5204.6,1040.92,3855.36
193,09-01-2023 00:00,1460,South,Bangalore,486,Sports,NetBanking,0.09,3285.84,1,3285.84,295.7256,2816.79
194,09-01-2023 01:00,1690,North,Pune,194,Clothing,Card,0.15,,6,16873.74,2531.061,14635.21
195,09-01-2023 02:00,1574,West,Bangalore,460,Clothing,Card,0.03,482.07,2,964.14,28.9242,838.5
196,09-01-2023 03:00,1863,West,Bangalore,328,Home,Cash,0.14,2679.98,5,13399.9,1875.986,10643.27
197,09-01-2023 04:00,1742,East,Chennai,224,Clothing,Cash,0.07,3976.83,,31814.64,2227.0248,29702.64
198,09-01-2023 05:00,1240,West,Pune,357,Clothing,Cash,0.1,497.85,,1991.4,199.14,2060.41
199,09-01-2023 06:00,1563,South,Pune,421,Clothing,Card,0.05,4459.72,5,22298.6,1114.93,21337.96
200,09-01-2023 07:00,1095,East,Mumbai,468,Clothing,NetBanking,0.07,2933.7,9,26403.3,1848.231,24757.07
201,09-01-2023 08:00,1899,West,Pune,335,Electronics,NetBanking,0.02,4758.06,2,9516.12,190.3224,9807.15
202,09-01-2023 09:00,1733,South,Mumbai,261,Sports,UPI,0.28,825.89,,1651.78,462.4984,1125.84
203,09-01-2023 10:00,1484,West,Delhi,141,Home,Cash,0.16,4968.47,6,29810.82,4769.7312,25556.59
204,09-01-2023 11:00,1406,West,Delhi,375,Electronics,NetBanking,0.12,3256.94,6,19541.64,2344.9968,17150.33
205,09-01-2023 12:00,1230,North,Delhi,452,Home,NetBanking,0.16,2880.72,3,8642.16,1382.7456,7597.41
206,09-01-2023 13:00,1748,West,Pune,167,Home,NetBanking,0.19,2624.87,9,23623.83,4488.5277,19092.58
207,09-01-2023 14:00,1654,West,Pune,272,Electronics,NetBanking,0.28,215.91,1,215.91,60.4548,766.95
208,09-01-2023 15:00,1170,South,Mumbai,430,Clothing,Card,0.05,4704.23,3,14112.69,705.6345,13601.43
209,09-01-2023 16:00,1540,South,Bangalore,224,Electronics,Cash,0.09,3255.57,8,26044.56,2344.0104,23671.7
210,09-01-2023 17:00,1035,North,Mumbai,269,Home,NetBanking,0.29,548.97,8,4391.76,1273.6104,2758.27
211,09-01-2023 18:00,1524,West,Delhi,146,Home,NetBanking,0.11,202.67,4,810.68,89.1748,783.37
212,09-01-2023 19:00,1159,North,Mumbai,360,Clothing,NetBanking,0.01,348.84,8,2790.72,27.9072,2517.03
213,09-01-2023 20:00,1838,West,Bangalore,316,Electronics,NetBanking,,3086.04,8,24688.32,987.5328,23833.09
214,09-01-2023 21:00,1698,East,Pune,404,Sports,UPI,0.01,3108.68,1,3108.68,31.0868,3275.28
215,09-01-2023 22:00,1242,East,Mumbai,223,Home,NetBanking,0.3,2548.37,3,7645.11,2293.533,5663.69
216,09-01-2023 23:00,1085,North,Delhi,392,Electronics,NetBanking,,1603.15,1,1603.15,128.252,1636.21
217,10-01-2023 00:00,1795,North,Delhi,261,Clothing,NetBanking,0.28,2705.54,2,5411.08,1515.1024,3919.99
218,10-01-2023 01:00,1577,North,Pune,300,Clothing,UPI,0.3,2629.88,4,10519.52,3155.856,7761.03
219,10-01-2023 02:00,1681,South,Mumbai,374,Sports,Card,0.18,195.14,3,585.42,105.3756,912.18
220,10-01-2023 03:00,1556,South,Bangalore,305,Home,UPI,0.01,1484.1,6,8904.6,89.046,8499.74
221,10-01-2023 04:00,1573,South,Pune,139,Sports,NetBanking,0.02,360.61,5,1803.05,36.061,2295.61
222,10-01-2023 05:00,1952,North,Mumbai,372,Sports,Card,0.14,4510.76,5,22553.8,3157.532,19764.98
223,10-01-2023 06:00,1645,West,Chennai,287,Sports,NetBanking,0.12,3653.59,7,25575.13,3069.0156,22250.18
224,10-01-2023 07:00,1795,East,Delhi,454,Sports,Card,0.18,4980.96,7,34866.72,6276.0096,28026.97
225,10-01-2023 08:00,1027,North,Bangalore,192,Clothing,NetBanking,0.13,,9,14225.76,1849.3488,12737.75
226,10-01-2023 09:00,1619,South,Bangalore,141,Home,NetBanking,0.28,4404.58,8,35236.64,9866.2592,25432.25
227,10-01-2023 10:00,1555,South,Bangalore,478,Sports,Card,,3054.97,3,9164.91,1466.3856,7561.92
228,10-01-2023 11:00,1339,North,Delhi,206,Home,Card,0.21,2320.31,2,4640.62,974.5302,3760.27
229,10-01-2023 12:00,1797,North,Mumbai,427,Clothing,NetBanking,,1190.61,,1190.61,321.4647,1225.03
230,10-01-2023 13:00,1957,South,Pune,164,Clothing,UPI,0.04,,6,22308.72,892.3488,20806.9
231,10-01-2023 14:00,1330,West,Mumbai,464,Electronics,UPI,0.07,4530.29,4,18121.16,1268.4812,16890.53
232,10-01-2023 15:00,1639,South,Pune,408,Electronics,UPI,0.03,1253.01,3,3759.03,112.7709,3663.48
233,10-01-2023 16:00,1505,South,Bangalore,234,Home,UPI,0.04,,2,1918.82,76.7528,2291
234,10-01-2023 17:00,1347,North,Mumbai,488,Electronics,Card,0.15,3511.49,2,7022.98,1053.447,6218.09
235,10-01-2023 18:00,1472,West,Bangalore,123,Sports,Card,0.1,4887.17,4,19548.68,1954.868,17839.58
236,10-01-2023 19:00,1230,South,Chennai,127,Home,UPI,0.13,3774.78,1,3774.78,490.7214,3150.9
237,10-01-2023 20:00,1189,South,Bangalore,161,Clothing,Cash,0.29,1494.45,6,8966.7,2600.343,6567.23
238,10-01-2023 21:00,1224,East,Bangalore,372,Clothing,Cash,0.05,2157.78,5,10788.9,539.445,10103.91
239,10-01-2023 22:00,1384,North,Pune,328,Sports,Cash,0.16,1983.16,9,17848.44,2855.7504,14960.07
240,10-01-2023 23:00,1376,East,Chennai,119,Electronics,NetBanking,0.03,4275.27,,8550.54,256.5162,8466.19
241,11-01-2023 00:00,1282,East,Bangalore,102,Home,UPI,0.1,,9,34917.48,3491.748,31451.35
242,11-01-2023 01:00,1957,South,Bangalore,317,Home,NetBanking,0.16,2985.98,9,26873.82,4299.8112,22668.88
243,11-01-2023 02:00,1632,North,Chennai,498,Sports,Card,0.28,1447.3,9,13025.7,3647.196,9772.42
244,11-01-2023 03:00,1627,West,Chennai,406,Electronics,Card,0.12,4696.14,4,18784.56,2254.1472,16420.92
245,11-01-2023 04:00,1972,South,Mumbai,235,Home,Cash,0.02,3301.24,5,16506.2,330.124,15864.8
246,11-01-2023 05:00,1744,West,Pune,496,Sports,Cash,0.12,4855.34,8,38842.72,4661.1264,33909.56
247,11-01-2023 06:00,1258,West,Chennai,102,Home,Card,0.04,2942.57,8,23540.56,941.6224,22261.59
248,11-01-2023 07:00,1358,North,Chennai,292,Clothing,Cash,0.07,4123.84,1,4123.84,288.6688,4317.4
249,11-01-2023 08:00,1709,East,Delhi,172,Home,Cash,0.19,4084.22,1,4084.22,776.0018,3504.49
250,11-01-2023 09:00,1455,North,Chennai,460,Home,Card,0.02,1752.91,6,10517.46,210.3492,10628.27
251,11-01-2023 10:00,1410,West,Pune,217,Home,NetBanking,0.14,4823.7,7,33765.9,4727.226,29306.06
252,11-01-2023 11:00,1648,South,Bangalore,253,Electronics,Cash,0.18,207.51,,415.02,74.7036,280.8
253,11-01-2023 12:00,1317,West,Bangalore,308,Electronics,NetBanking,0.13,3866.68,2,7733.36,1005.3368,7216.99
254,11-01-2023 13:00,1676,South,Bangalore,133,Sports,Cash,0.01,4831.23,5,24156.15,241.5615,23707.32
255,11-01-2023 14:00,1224,South,Bangalore,236,Electronics,UPI,0.3,1760.65,9,15845.85,4753.755,11695.81
256,11-01-2023 15:00,1818,North,Delhi,417,Home,NetBanking,0.11,3275.74,,16378.7,1801.657,14614.16
257,11-01-2023 16:00,1233,West,Chennai,219,Home,NetBanking,0.23,2854.89,8,22839.12,5252.9976,18122.73
258,11-01-2023 17:00,1683,East,Bangalore,214,Electronics,Cash,0.1,3831.39,8,30651.12,3065.112,27271.28
259,11-01-2023 18:00,1663,West,Mumbai,112,Electronics,NetBanking,0.14,4344.27,5,21721.35,3040.989,18550.93
260,11-01-2023 19:00,1974,West,Bangalore,168,Home,UPI,0.12,3054.92,8,24439.36,2932.7232,21025.77
261,11-01-2023 20:00,1826,East,Chennai,432,Home,Card,0.1,4097.93,8,32783.44,3278.344,29817.77
262,11-01-2023 21:00,1373,North,Bangalore,356,Clothing,UPI,0.01,1630.2,5,8151,81.51,8145.46
263,11-01-2023 22:00,1671,West,Delhi,188,Sports,Card,0.11,1220.08,5,6100.4,671.044,6034.34
264,11-01-2023 23:00,1607,West,Pune,146,Electronics,UPI,0.27,2210.27,4,8841.08,2387.0916,6308.79
265,12-01-2023 00:00,1471,South,Pune,359,Sports,UPI,0.21,3420.91,1,3420.91,718.3911,3103.64
266,12-01-2023 01:00,1232,West,Chennai,327,Home,NetBanking,0.04,1017.51,9,9157.59,366.3036,8815.26
267,12-01-2023 02:00,1691,East,Pune,279,Sports,UPI,0.18,3433.73,2,6867.46,1236.1428,5603.18
268,12-01-2023 03:00,1112,South,Pune,109,Electronics,Cash,0.27,2031.06,1,2031.06,548.3862,1395.86
269,12-01-2023 04:00,1829,North,Mumbai,383,Electronics,Cash,0.21,3998.32,6,23989.92,5037.8832,18698.49
270,12-01-2023 05:00,1496,South,Chennai,476,Sports,Cash,0.04,280.5,5,1402.5,56.1,1458.67
271,12-01-2023 06:00,1441,East,Chennai,225,Electronics,Cash,0.26,3373.11,1,3373.11,877.0086,2559.52
272,12-01-2023 07:00,1563,East,Pune,233,Clothing,NetBanking,0.09,3284.13,7,22988.91,2069.0019,20448.1
273,12-01-2023 08:00,1267,South,Pune,254,Home,Cash,0.14,4710.58,7,32974.06,4616.3684,27604.33
274,12-01-2023 09:00,1509,North,Pune,347,Home,UPI,0.16,,,10786.5,1725.84,8966.76
275,12-01-2023 10:00,1806,South,Delhi,239,Electronics,Cash,0.26,4001.88,8,32015.04,8323.9104,24039.73
276,12-01-2023 11:00,1385,North,Bangalore,417,Home,NetBanking,,4532.5,6,27195,7614.6,19647.02
277,12-01-2023 12:00,1386,South,Delhi,275,Clothing,Card,0.28,3407.75,4,13631,3816.68,9423.51
278,12-01-2023 13:00,1112,East,Chennai,422,Electronics,UPI,0,1521.75,3,4565.25,0,4033.1
279,12-01-2023 14:00,1612,West,Mumbai,273,Clothing,UPI,0.28,4361.89,1,4361.89,1221.3292,3487
280,12-01-2023 15:00,1624,West,Bangalore,173,Clothing,NetBanking,0.02,3763.13,2,7526.26,150.5252,6879.82
281,12-01-2023 16:00,1951,North,Mumbai,450,Home,Card,0.08,2179.74,2,4359.48,348.7584,4238.52
282,12-01-2023 17:00,1080,North,Chennai,242,Home,Cash,0.15,3581.59,5,17907.95,2686.1925,15392.47
283,12-01-2023 18:00,1698,North,Chennai,391,Sports,Card,0.14,4351.68,4,17406.72,2436.9408,15460.18
284,12-01-2023 19:00,1112,East,Mumbai,497,Clothing,UPI,0.18,4880.7,2,9761.4,1757.052,7815.6
285,12-01-2023 20:00,1001,South,Mumbai,211,Home,UPI,0.14,4766.52,9,42898.68,6005.8152,37174.66
286,12-01-2023 21:00,1641,East,Mumbai,305,Clothing,UPI,0.28,1694.11,7,11858.77,3320.4556,8958.28
287,12-01-2023 22:00,1219,West,Chennai,230,Sports,Card,0.07,2166.3,8,17330.4,1213.128,15716.13
288,12-01-2023 23:00,1565,North,Pune,468,Clothing,Cash,0.08,636.73,8,5093.84,407.5072,4726.25
289,13-01-2023 00:00,1854,South,Mumbai,209,Electronics,UPI,0.28,,2,2625.94,735.2632,1878.56
290,13-01-2023 01:00,1996,West,Bangalore,469,Sports,NetBanking,0.02,4423.86,5,22119.3,442.386,21357.78
291,13-01-2023 02:00,1735,West,Chennai,166,Sports,Cash,0.18,1868.16,3,5604.48,1008.8064,4674.97
292,13-01-2023 03:00,1224,West,Delhi,481,Clothing,UPI,0.2,3140.71,9,28266.39,5653.278,22262.41
293,13-01-2023 04:00,1384,East,Delhi,185,Clothing,Cash,0.15,3363.23,9,30269.07,4540.3605,25843.36
294,13-01-2023 05:00,1402,North,Bangalore,374,Home,NetBanking,0.21,3930.96,6,23585.76,4953.0096,19284.88
295,13-01-2023 06:00,1637,West,Pune,326,Electronics,Card,0.05,995.72,4,3982.88,199.144,3722.47
296,13-01-2023 07:00,1129,North,Mumbai,424,Sports,UPI,0.26,1593.58,8,12748.64,3314.6464,9405.53
297,13-01-2023 08:00,1052,East,Chennai,109,Sports,NetBanking,0.04,,5,11484.25,459.37,11449.83
298,13-01-2023 09:00,1683,West,Mumbai,496,Sports,UPI,0.12,1887.72,3,5663.16,679.5792,5361.43
299,13-01-2023 10:00,1729,East,Chennai,483,Home,UPI,0.02,4916.24,8,39329.92,786.5984,38358.03
300,13-01-2023 11:00,1671,East,Delhi,454,Electronics,Card,0.16,4191.21,6,25147.26,4023.5616,21330.16
301,13-01-2023 12:00,1709,North,Mumbai,387,Sports,Card,0.2,2450.47,5,12252.35,2450.47,8916.09
302,13-01-2023 13:00,1415,West,Bangalore,211,Sports,Cash,0.28,4408.42,1,4408.42,1234.3576,2872.83
303,13-01-2023 14:00,1246,East,Pune,123,Home,NetBanking,0.22,1803.5,3,5410.5,1190.31,4541.15
304,13-01-2023 15:00,1835,West,Bangalore,390,Clothing,NetBanking,0.16,3950.56,7,27653.92,4424.6272,23076.23
305,13-01-2023 16:00,1438,North,Pune,438,Sports,Card,0.28,,3,3588.03,1004.6484,2523.28
306,13-01-2023 17:00,1202,East,Mumbai,425,Electronics,UPI,0.14,3884.38,,3884.38,543.8132,3063.27
307,13-01-2023 18:00,1183,North,Mumbai,267,Electronics,Cash,0.17,2336.62,8,18692.96,3177.8032,15189.74
308,13-01-2023 19:00,1122,West,Pune,208,Electronics,Card,0.18,626.75,7,4387.25,789.705,2848.69
309,13-01-2023 20:00,1400,West,Delhi,289,Electronics,Cash,0.12,1438.99,5,7194.95,863.394,6222.61
310,13-01-2023 21:00,1766,North,Chennai,454,Home,Cash,0.25,2071.15,5,10355.75,2588.9375,7906.5
311,13-01-2023 22:00,1293,South,Bangalore,295,Sports,NetBanking,0.06,3771.54,6,22629.24,1357.7544,21345.54
312,13-01-2023 23:00,1279,East,Bangalore,132,Home,Cash,0.17,457.62,7,3203.34,544.5678,2409.17
313,14-01-2023 00:00,1836,West,Bangalore,304,Electronics,NetBanking,0.22,3331.78,3,9995.34,2198.9748,7367.67
314,14-01-2023 01:00,1883,West,Mumbai,411,Electronics,UPI,0.27,3608.47,4,14433.88,3897.1476,10424.57
315,14-01-2023 02:00,1609,East,Bangalore,281,Electronics,UPI,0.27,3304.21,1,3304.21,892.1367,2013.38
316,14-01-2023 03:00,1197,North,Chennai,246,Home,Card,0.15,3827.28,7,26790.96,4018.644,22542.04
317,14-01-2023 04:00,1981,North,Chennai,367,Electronics,UPI,0.19,973.03,2,1946.06,369.7514,1615.04
318,14-01-2023 05:00,1906,North,Pune,110,Sports,NetBanking,0.12,2976.81,7,20837.67,2500.5204,18075.7
319,14-01-2023 06:00,1510,South,Mumbai,169,Electronics,Cash,0.14,4711.61,6,28269.66,3957.7524,24697.8
320,14-01-2023 07:00,1751,South,Chennai,355,Sports,Cash,0.27,3092.84,4,12371.36,3340.2672,8717.35
321,14-01-2023 08:00,1143,West,Delhi,495,Sports,UPI,0.28,3095.55,2,6191.1,1733.508,4276.16
322,14-01-2023 09:00,1608,North,Mumbai,318,Electronics,NetBanking,0.27,3708.55,7,25959.85,7009.1595,19205.61
323,14-01-2023 10:00,1200,East,Mumbai,396,Home,Cash,0.04,1732.7,7,12128.9,485.156,11850.87
324,14-01-2023 11:00,1123,West,Chennai,461,Clothing,UPI,0.26,3532.33,5,17661.65,4592.029,13224.61
325,14-01-2023 12:00,1186,East,Delhi,358,Clothing,NetBanking,0.28,4589.55,9,41305.95,11565.666,29548.87
326,14-01-2023 13:00,1325,West,Pune,102,Sports,NetBanking,0.11,153.39,3,460.17,50.6187,584.79
327,14-01-2023 14:00,1463,South,Chennai,183,Home,Cash,0.16,4363.55,,39271.95,6283.512,33226.06
328,14-01-2023 15:00,1348,West,Delhi,255,Clothing,Card,0.23,,5,5856.15,1346.9145,4641.74
329,14-01-2023 16:00,1770,South,Mumbai,250,Electronics,Card,0.17,2334.02,2,4668.04,793.5668,3864.76
330,14-01-2023 17:00,1659,West,Delhi,275,Electronics,NetBanking,0.3,4276.5,9,38488.5,11546.55,27115.08
331,14-01-2023 18:00,1763,North,Mumbai,294,Sports,NetBanking,0.14,4137.17,1,4137.17,579.2038,3535.23
332,14-01-2023 19:00,1954,East,Chennai,206,Home,UPI,0.21,4470.44,1,4470.44,938.7924,3652.83
333,14-01-2023 20:00,1931,North,Chennai,233,Home,NetBanking,0.24,4708.04,7,32956.28,7909.5072,25069.16
334,14-01-2023 21:00,1402,West,Bangalore,375,Clothing,UPI,0.15,,3,6873.21,1030.9815,5389.02
335,14-01-2023 22:00,1345,West,Bangalore,494,Clothing,UPI,0.26,3316.18,8,26529.44,6897.6544,19456.67
336,14-01-2023 23:00,1962,West,Bangalore,451,Electronics,UPI,0.16,2013.34,7,14093.38,2254.9408,12462.58
337,15-01-2023 00:00,1510,South,Chennai,479,Sports,NetBanking,0.12,1818.51,7,12729.57,1527.5484,10620.8
338,15-01-2023 01:00,1146,East,Pune,254,Home,NetBanking,0.03,2214.82,1,2214.82,66.4446,2614.05
339,15-01-2023 02:00,1147,East,Chennai,376,Clothing,UPI,0.12,3741.07,1,3741.07,448.9284,3479.8
340,15-01-2023 03:00,1863,West,Delhi,335,Clothing,Cash,0.22,2557.06,2,5114.12,1125.1064,3999.28
341,15-01-2023 04:00,1710,West,Chennai,339,Sports,NetBanking,0.28,4088.89,2,8177.78,2289.7784,5383.88
342,15-01-2023 05:00,1819,South,Chennai,469,Sports,Card,0.08,3751.57,5,18757.85,1500.628,17256.88
343,15-01-2023 06:00,1488,North,Mumbai,112,Electronics,Cash,0.11,200.34,9,1803.06,198.3366,1380.83
344,15-01-2023 07:00,1928,North,Mumbai,441,Sports,Card,0.05,3188.17,7,22317.19,1115.8595,21558.02
345,15-01-2023 08:00,1935,East,Mumbai,134,Electronics,NetBanking,0.21,2239.2,2,4478.4,940.464,3337.93
346,15-01-2023 09:00,1639,South,Chennai,146,Electronics,Cash,0.29,2337.48,5,11687.4,3389.346,8215.31
347,15-01-2023 10:00,1550,West,Pune,313,Sports,NetBanking,0.19,,5,20550.15,3904.5285,16719.48
348,15-01-2023 11:00,1337,East,Delhi,245,Sports,NetBanking,0.19,2783.28,,22266.24,4230.5856,17842.3
349,15-01-2023 12:00,1871,South,Delhi,258,Sports,Cash,0.17,4439.55,9,39955.95,6792.5115,33451.02
350,15-01-2023 13:00,1640,North,Pune,224,Sports,NetBanking,0.03,3592.75,8,28742,862.26,27790.97
351,15-01-2023 14:00,1778,South,Pune,209,Sports,Cash,0.22,2808.92,2,5617.84,1235.9248,3817.66
352,15-01-2023 15:00,1987,North,Delhi,136,Electronics,NetBanking,0.18,3797.24,4,15188.96,2734.0128,12500.18
353,15-01-2023 16:00,1952,South,Bangalore,376,Clothing,UPI,0.2,287.91,2,575.82,115.164,702.87
354,15-01-2023 17:00,1472,East,Mumbai,113,Home,Card,0.27,,6,1396.26,376.9902,1450.68
355,15-01-2023 18:00,1945,North,Mumbai,446,Home,UPI,0.24,508.41,4,2033.64,488.0736,1711.37
356,15-01-2023 19:00,1150,East,Delhi,331,Electronics,NetBanking,0.23,2244.07,7,15708.49,3612.9527,12441.48
357,15-01-2023 20:00,1414,East,Pune,415,Electronics,NetBanking,0.28,,2,2507.42,702.0776,1952.55
358,15-01-2023 21:00,1989,North,Bangalore,223,Clothing,NetBanking,0.3,4922.88,,44305.92,13291.776,122905.28
359,15-01-2023 22:00,1297,North,Delhi,378,Sports,UPI,0.17,2757.22,5,13786.1,2343.637,11208.09
360,15-01-2023 23:00,1610,West,Mumbai,210,Electronics,NetBanking,0.03,3345.84,1,3345.84,100.3752,2555.84
361,16-01-2023 00:00,1262,West,Chennai,223,Home,Cash,0.14,1466.22,3,4398.66,615.8124,3717.79
362,16-01-2023 01:00,1763,West,Pune,129,Sports,Card,0.24,1676.8,4,6707.2,1609.728,5293.32
363,16-01-2023 02:00,1143,East,Chennai,214,Electronics,NetBanking,0.01,1743.76,3,5231.28,52.3128,4705.62
364,16-01-2023 03:00,1345,East,Delhi,189,Sports,NetBanking,0.02,3523.8,6,21142.8,422.856,21108.14
365,16-01-2023 04:00,1623,West,Mumbai,311,Home,Card,0.02,2421.16,6,14526.96,290.5392,14205.58
366,16-01-2023 05:00,1571,East,Bangalore,137,Sports,Card,0.22,2636.65,7,18456.55,4060.441,14127.19
367,16-01-2023 06:00,1880,East,Chennai,182,Electronics,Card,0.15,3000.81,,27007.29,4051.0935,22481.32
368,16-01-2023 07:00,1001,North,Bangalore,126,Electronics,UPI,0.11,3867.18,9,34804.62,3828.5082,31474.43
369,16-01-2023 08:00,1896,North,Mumbai,316,Home,UPI,0.03,542.81,7,3799.67,113.9901,4040.31
370,16-01-2023 09:00,1303,East,Chennai,459,Clothing,NetBanking,0.22,3906.68,1,3906.68,859.4696,2926.19
371,16-01-2023 10:00,1253,West,Bangalore,471,Clothing,Card,0.1,2859.85,3,8579.55,857.955,8000.3
372,16-01-2023 11:00,1651,South,Bangalore,314,Sports,NetBanking,0.08,3378.57,5,16892.85,1351.428,15478.55
373,16-01-2023 12:00,1452,West,Chennai,320,Electronics,NetBanking,0.2,1705,6,10230,2046,8002.67
374,16-01-2023 13:00,1036,South,Mumbai,114,Electronics,NetBanking,,2106,6,12636,2148.12,10291.91
375,16-01-2023 14:00,1159,West,Bangalore,358,Home,UPI,0.11,1232.71,5,6163.55,677.9905,5415.92
376,16-01-2023 15:00,1008,North,Delhi,365,Home,Card,0.19,4898.57,6,29391.42,5584.3698,23687.48
377,16-01-2023 16:00,1232,East,Chennai,219,Electronics,NetBanking,0.08,2535.31,9,22817.79,1825.4232,21010.81
378,16-01-2023 17:00,1098,East,Pune,227,Home,UPI,0.24,4980.78,1,4980.78,1195.3872,4267.9
379,16-01-2023 18:00,1658,North,Pune,310,Clothing,Cash,0.07,2499.95,1,2499.95,174.9965,3008.45
380,16-01-2023 19:00,1815,South,Mumbai,110,Clothing,Cash,0.05,1176.78,9,10591.02,529.551,9700.7
381,16-01-2023 20:00,1207,South,Delhi,275,Sports,NetBanking,0.23,2586.52,8,20692.16,4759.1968,16070.8
382,16-01-2023 21:00,1130,South,Bangalore,232,Home,NetBanking,0.21,294.02,9,2646.18,555.6978,2153.37
383,16-01-2023 22:00,1403,North,Pune,424,Sports,Card,0.05,4533.37,7,31733.59,1586.6795,30306.05
384,16-01-2023 23:00,1151,South,Mumbai,419,Home,Card,0.03,4110.9,6,24665.4,739.962,23790.38
385,17-01-2023 00:00,1053,North,Delhi,113,Home,NetBanking,0.25,,9,32908.68,8227.17,24844.74
386,17-01-2023 01:00,1119,West,Delhi,149,Clothing,UPI,0.23,3088.15,2,6176.3,1420.549,4341.85
387,17-01-2023 02:00,1672,West,Mumbai,171,Electronics,NetBanking,0.1,2941.19,4,11764.76,1176.476,11602.96
388,17-01-2023 03:00,1919,North,Mumbai,168,Home,Card,0.2,4983.97,2,9967.94,1993.588,8061.53
389,17-01-2023 04:00,1627,East,Bangalore,490,Home,Card,,1462.19,6,8773.14,350.9256,8641.22
390,17-01-2023 05:00,1586,West,Mumbai,482,Home,UPI,0.15,3920.45,1,3920.45,588.0675,2996.91
391,17-01-2023 06:00,1624,South,Bangalore,115,Electronics,NetBanking,0.01,2948.88,7,20642.16,206.4216,20227.19
392,17-01-2023 07:00,1967,North,Bangalore,433,Sports,Card,0.12,4881.81,,34172.67,4100.7204,29631.37
393,17-01-2023 08:00,1419,South,Chennai,456,Sports,NetBanking,0.02,4156.24,7,29093.68,581.8736,28948.69
394,17-01-2023 09:00,1421,South,Delhi,155,Home,Card,0.14,4992.77,4,19971.08,2795.9512,16842.22
395,17-01-2023 10:00,1103,East,Delhi,204,Home,Cash,0.13,2982.79,8,23862.32,3102.1016,20703.57
396,17-01-2023 11:00,1851,South,Delhi,231,Sports,Cash,0.13,1102.27,5,5511.35,716.4755,4751.54
397,17-01-2023 12:00,1253,East,Chennai,147,Sports,Cash,0.01,2568.07,2,5136.14,51.3614,5226.74
398,17-01-2023 13:00,1226,West,Bangalore,347,Clothing,Card,0.11,3584.44,5,17922.2,1971.442,15563.03
399,17-01-2023 14:00,1111,North,Bangalore,372,Home,UPI,0.23,3894.37,9,35049.33,8061.3459,27245.87
400,17-01-2023 15:00,1509,South,Mumbai,210,Sports,Cash,0.11,102.5,1,102.5,11.275,464.72
401,17-01-2023 16:00,1472,North,Chennai,425,Clothing,Card,0.21,2574.63,2,5149.26,1081.3446,3869.9
402,17-01-2023 17:00,1098,South,Mumbai,435,Electronics,NetBanking,0.11,1252.65,8,10021.2,1102.332,8907.89
403,17-01-2023 18:00,1152,North,Chennai,448,Home,Cash,0.13,4387.07,5,21935.35,2851.5955,19271.72
404,17-01-2023 19:00,1860,South,Mumbai,137,Sports,UPI,0.17,849.24,9,7643.16,1299.3372,6420.49
405,17-01-2023 20:00,1913,South,Pune,456,Home,UPI,0.29,3365.64,6,20193.84,5856.2136,14037.71
406,17-01-2023 21:00,1895,South,Delhi,339,Clothing,UPI,0.03,1403.7,8,11229.6,336.888,11103.09
407,17-01-2023 22:00,1877,South,Delhi,417,Sports,NetBanking,0.01,1847.06,1,1847.06,18.4706,2282.4
408,17-01-2023 23:00,1337,South,Bangalore,220,Electronics,NetBanking,0.18,4708.74,9,42378.66,7628.1588,35203.37
409,18-01-2023 00:00,1705,South,Pune,147,Electronics,UPI,0.28,1278.2,9,11503.8,3221.064,8455.32
410,18-01-2023 01:00,1821,South,Delhi,109,Clothing,UPI,0.3,565.51,3,1696.53,508.959,1417.36
411,18-01-2023 02:00,1162,South,Bangalore,332,Electronics,UPI,0.15,439.5,,439.5,65.925,256.82
412,18-01-2023 03:00,1719,South,Pune,135,Electronics,NetBanking,0.14,2572.61,8,20580.88,2881.3232,17424.39
413,18-01-2023 04:00,1956,North,Delhi,103,Electronics,NetBanking,0.19,3244.39,8,25955.12,4931.4728,21003.03
414,18-01-2023 05:00,1680,East,Mumbai,143,Electronics,Card,0.17,1703.74,9,15333.66,2606.7222,13406.27
415,18-01-2023 06:00,1995,South,Chennai,155,Electronics,Cash,0.19,3482.27,6,20893.62,3969.7878,16764.53
416,18-01-2023 07:00,1160,East,Pune,141,Electronics,NetBanking,0.26,399.07,9,3591.63,933.8238,2788.13
417,18-01-2023 08:00,1579,South,Bangalore,354,Electronics,UPI,0.22,4300.94,9,38708.46,8515.8612,30305.93
418,18-01-2023 09:00,1800,South,Pune,327,Sports,Cash,0.15,4101.18,4,16404.72,2460.708,13831.72
419,18-01-2023 10:00,1397,North,Bangalore,213,Electronics,NetBanking,0.14,4928.93,5,24644.65,3450.251,21639.49
420,18-01-2023 11:00,1276,West,Pune,336,Sports,Cash,0.19,,6,28133.22,5345.3118,23264.55
421,18-01-2023 12:00,1815,West,Bangalore,496,Home,Card,0.14,1845.37,6,11072.22,1550.1108,10322.23
422,18-01-2023 13:00,1915,North,Delhi,273,Clothing,NetBanking,0.14,2056.45,2,4112.9,575.806,3297.57
423,18-01-2023 14:00,1503,East,Mumbai,354,Electronics,UPI,0,3755.23,,15020.92,0,15143.05
424,18-01-2023 15:00,1895,West,Delhi,376,Clothing,UPI,0.05,757.01,9,6813.09,340.6545,6499
425,18-01-2023 16:00,1391,North,Mumbai,434,Electronics,Card,0.15,1638.67,,11470.69,1720.6035,9544.16
426,18-01-2023 17:00,1134,North,Delhi,168,Sports,Card,0.25,680.85,9,6127.65,1531.9125,4395.88
427,18-01-2023 18:00,1194,West,Delhi,425,Electronics,Card,0.08,2328.94,6,13973.64,1117.8912,12905.8
428,18-01-2023 19:00,1400,East,Pune,329,Home,Card,0.16,2804.82,7,19633.74,3141.3984,65409.04
429,18-01-2023 20:00,1639,North,Chennai,166,Clothing,Card,0.1,1134.69,9,10212.21,1021.221,8897.09
430,18-01-2023 21:00,1032,South,Bangalore,403,Clothing,NetBanking,0.03,230.5,4,922,27.66,931.42
431,18-01-2023 22:00,1687,East,Bangalore,135,Home,NetBanking,0.29,3624.84,9,32623.56,9460.8324,22830.85
432,18-01-2023 23:00,1459,East,Bangalore,258,Sports,Cash,,198.03,3,594.09,154.4634,299.72
433,19-01-2023 00:00,1954,West,Mumbai,248,Sports,Card,0.02,4869.67,8,38957.36,779.1472,38286.74
434,19-01-2023 01:00,1882,West,Bangalore,126,Home,UPI,0.22,1185.88,3,3557.64,782.6808,2734.43
435,19-01-2023 02:00,1469,South,Bangalore,171,Clothing,UPI,0.1,3353.11,3,10059.33,1005.933,8976.17
436,19-01-2023 03:00,1374,North,Pune,347,Electronics,Card,0.3,2230.28,3,6690.84,2007.252,5226.24
437,19-01-2023 04:00,1021,West,Delhi,200,Sports,Card,0.09,392.4,9,3531.6,317.844,3634.54
438,19-01-2023 05:00,1749,West,Bangalore,289,Electronics,Card,0.07,2413.7,3,7241.1,506.877,6758.96
439,19-01-2023 06:00,1669,East,Chennai,195,Clothing,Card,0.17,2632.13,,15792.78,2684.7726,12803.71
440,19-01-2023 07:00,1037,West,Bangalore,483,Electronics,Card,0.25,4287.95,4,17151.8,4287.95,13107.08
441,19-01-2023 08:00,1229,West,Mumbai,381,Home,UPI,0.06,3688.51,2,7377.02,442.6212,7692.25
442,19-01-2023 09:00,1364,West,Mumbai,421,Sports,Cash,0.21,,3,1465.74,307.8054,1567.43
443,19-01-2023 10:00,1562,West,Mumbai,495,Sports,Card,0.02,1124.9,5,5624.5,112.49,5121.97
444,19-01-2023 11:00,1437,East,Bangalore,377,Home,Card,0.28,1628.25,4,6513,1823.64,4630.07
445,19-01-2023 12:00,1775,South,Pune,116,Home,Card,,670.4,5,3352,67.04,3065.06
446,19-01-2023 13:00,1282,South,Chennai,362,Sports,NetBanking,0.27,2338.81,1,2338.81,631.4787,1429.51
447,19-01-2023 14:00,1026,North,Bangalore,206,Sports,UPI,0.15,4923.12,4,19692.48,2953.872,17079.12
448,19-01-2023 15:00,1225,West,Pune,167,Sports,UPI,0.13,2621.6,3,7864.8,1022.424,7176.57
449,19-01-2023 16:00,1276,East,Pune,227,Clothing,Cash,0.29,3735.22,2,7470.44,2166.4276,5836.64
450,19-01-2023 17:00,1797,North,Bangalore,392,Clothing,NetBanking,0.3,3446.4,7,24124.8,7237.44,17090.86
451,19-01-2023 18:00,1608,North,Bangalore,393,Clothing,NetBanking,0.2,4264.57,,38381.13,7676.226,30691.47
452,19-01-2023 19:00,1283,South,Pune,195,Electronics,NetBanking,0.04,1157.05,1,1157.05,46.282,1167.14
453,19-01-2023 20:00,1878,East,Pune,494,Clothing,Cash,0.15,3793.75,7,26556.25,3983.4375,22301.14
454,19-01-2023 21:00,1959,East,Pune,100,Sports,Cash,0.16,4418.64,1,4418.64,706.9824,4122.69
455,19-01-2023 22:00,1480,East,Bangalore,397,Clothing,Cash,0.15,940.4,5,4702,705.3,3774.34
456,19-01-2023 23:00,1452,South,Pune,279,Sports,NetBanking,0.17,1799.33,1,1799.33,305.8861,1370.86
457,20-01-2023 00:00,1828,South,Mumbai,280,Home,UPI,,4853.5,3,14560.5,145.605,14323.79
458,20-01-2023 01:00,1815,South,Bangalore,334,Electronics,NetBanking,0.21,3925.86,8,31406.88,6595.4448,23890.14
459,20-01-2023 02:00,1658,South,Mumbai,418,Electronics,Cash,0.21,1484.7,4,5938.8,1247.148,4951.92
460,20-01-2023 03:00,1515,South,Delhi,436,Home,NetBanking,0.03,2863.31,1,2863.31,85.8993,2493.09
461,20-01-2023 04:00,1546,West,Bangalore,107,Sports,Card,0.17,2081.2,1,2081.2,353.804,1934.24
462,20-01-2023 05:00,1191,West,Delhi,126,Electronics,NetBanking,0.17,2500.83,8,20006.64,3401.1288,16470.94
463,20-01-2023 06:00,1048,East,Pune,407,Clothing,NetBanking,0.2,1840.31,8,14722.48,2944.496,11640.76
464,20-01-2023 07:00,1511,North,Pune,245,Sports,UPI,0.03,1468.72,4,5874.88,176.2464,5365.46
465,20-01-2023 08:00,1016,East,Chennai,190,Electronics,UPI,0.19,3406.34,4,13625.36,2588.8184,11453.07
466,20-01-2023 09:00,1171,North,Pune,441,Home,UPI,0.08,3914.85,2,7829.7,626.376,7686.69
467,20-01-2023 10:00,1219,South,Delhi,371,Sports,Card,,4382.39,2,8764.78,1314.717,7750.03
468,20-01-2023 11:00,1157,North,Pune,421,Electronics,UPI,0.23,861.12,6,5166.72,1188.3456,4057.91
469,20-01-2023 12:00,1476,East,Bangalore,104,Home,Card,0.21,4131.99,8,33055.92,6941.7432,26154.89
470,20-01-2023 13:00,1045,East,Pune,181,Sports,Cash,0.04,1348.52,7,9439.64,377.5856,9388.03
471,20-01-2023 14:00,1372,North,Chennai,486,Clothing,UPI,0.18,2193.95,7,15357.65,2764.377,12555.57
472,20-01-2023 15:00,1517,West,Pune,318,Sports,NetBanking,0.29,4517.07,3,13551.21,3929.8509,10016.66
473,20-01-2023 16:00,1098,South,Delhi,217,Clothing,NetBanking,0.05,2327.07,2,4654.14,232.707,4132.64
474,20-01-2023 17:00,1891,South,Delhi,180,Sports,Card,0.26,1065.61,7,7459.27,1939.4102,5814.33
475,20-01-2023 18:00,1744,East,Pune,169,Home,UPI,0.21,883.36,,3533.44,742.0224,3176.95
476,20-01-2023 19:00,1036,West,Delhi,214,Clothing,NetBanking,0.23,2417.62,1,2417.62,556.0526,1532.13
477,20-01-2023 20:00,1279,North,Delhi,362,Clothing,Cash,,3837.09,1,3837.09,306.9672,3278.41
478,20-01-2023 21:00,1348,South,Chennai,405,Sports,UPI,0.09,4986.31,4,19945.24,1795.0716,18136.83
479,20-01-2023 22:00,1496,West,Bangalore,241,Electronics,Cash,0.27,3958.3,5,19791.5,5343.705,14574.73
480,20-01-2023 23:00,1301,South,Chennai,306,Clothing,NetBanking,0.11,4397.36,5,21986.8,2418.548,19382.97
481,21-01-2023 00:00,1180,West,Mumbai,210,Sports,UPI,0.02,3764.38,1,3764.38,75.2876,3716.75
482,21-01-2023 01:00,1606,West,Chennai,402,Home,Card,0.18,4487.63,3,13462.89,2423.3202,10419.71
483,21-01-2023 02:00,1098,East,Pune,211,Sports,NetBanking,0.04,473.84,,2843.04,113.7216,2958.82
484,21-01-2023 03:00,1699,South,Bangalore,142,Sports,Cash,0.24,4656.66,,32596.62,7823.1888,25017.04
485,21-01-2023 04:00,1992,North,Pune,446,Clothing,UPI,0.19,2042.39,1,2042.39,388.0541,2110.64
486,21-01-2023 05:00,1115,East,Mumbai,384,Electronics,Cash,0.26,4615.91,8,36927.28,9601.0928,27498.32
487,21-01-2023 06:00,1190,East,Bangalore,227,Home,Cash,0.24,,4,1884.36,452.2464,1321.09
488,21-01-2023 07:00,1252,North,Delhi,284,Clothing,Card,0.03,3604.69,9,32442.21,973.2663,31164.65
489,21-01-2023 08:00,1980,East,Chennai,328,Clothing,Card,0.11,3704.87,6,22229.22,2445.2142,19540.06
490,21-01-2023 09:00,1927,West,Pune,488,Clothing,NetBanking,0.23,4984.86,1,4984.86,1146.5178,3811.7
491,21-01-2023 10:00,1982,West,Mumbai,320,Home,Card,0.13,3867.39,2,7734.78,1005.5214,6475.21
492,21-01-2023 11:00,1160,South,Delhi,451,Electronics,Card,0.29,1974.61,3,5923.83,1717.9107,3975.39
493,21-01-2023 12:00,1255,South,Chennai,216,Home,NetBanking,0.22,2830.52,,5661.04,1245.4288,4404.28
494,21-01-2023 13:00,1322,North,Delhi,169,Home,NetBanking,0,1896.1,,13272.7,0,12789.22
495,21-01-2023 14:00,1127,South,Chennai,485,Electronics,NetBanking,0.26,1060.49,1,1060.49,275.7274,487.53
496,21-01-2023 15:00,1017,West,Bangalore,169,Home,NetBanking,0.03,1317.66,9,11858.94,355.7682,11568.7
497,21-01-2023 16:00,1792,North,Delhi,209,Sports,Cash,0.04,1187.85,2,2375.7,95.028,2360.62
498,21-01-2023 17:00,1734,North,Delhi,231,Home,Cash,0.22,2789.2,4,11156.8,2454.496,8961.77
499,21-01-2023 18:00,1565,South,Delhi,155,Clothing,NetBanking,0.26,4540.19,8,36321.52,9443.5952,26924.41
500,21-01-2023 19:00,1569,West,Bangalore,188,Home,NetBanking,0.16,4572.36,3,13717.08,2194.7328,11531.62
501,21-01-2023 20:00,1322,North,Mumbai,236,Clothing,UPI,0.09,368.34,9,3315.06,298.3554,3207.81
502,21-01-2023 21:00,1871,West,Chennai,230,Home,UPI,0.11,491.51,,3440.57,378.4627,3119.2
503,21-01-2023 22:00,1685,West,Delhi,317,Clothing,UPI,0.1,1301.08,3,3903.24,390.324,3221.28
504,21-01-2023 23:00,1791,West,Bangalore,275,Clothing,Card,0.1,1349.79,3,4049.37,404.937,3404.57
505,22-01-2023 00:00,1625,South,Mumbai,270,Clothing,Cash,0.07,564.96,5,2824.8,197.736,3130.04
506,22-01-2023 01:00,1287,East,Chennai,199,Electronics,Cash,0.18,2003.47,5,10017.35,1803.123,9179.32
507,22-01-2023 02:00,1942,East,Bangalore,228,Home,UPI,0.27,2979.85,5,14899.25,4022.7975,11097.28
508,22-01-2023 03:00,1853,North,Chennai,156,Home,UPI,0.09,2932.99,9,26396.91,2375.7219,23718.66
509,22-01-2023 04:00,1662,West,Delhi,280,Sports,Cash,0.06,2762.81,,24865.29,1491.9174,23943.06
510,22-01-2023 05:00,1961,South,Mumbai,345,Sports,Card,0.25,1759.49,6,10556.94,2639.235,7788.63
511,22-01-2023 06:00,1638,West,Bangalore,243,Sports,UPI,0.22,3561.63,7,24931.41,5484.9102,19573.97
512,22-01-2023 07:00,1154,West,Mumbai,150,Home,NetBanking,0.28,4149.77,,33198.16,9295.4848,23896.55
513,22-01-2023 08:00,1489,South,Delhi,467,Electronics,UPI,0.05,1796.74,9,16170.66,808.533,15417.92
514,22-01-2023 09:00,1385,East,Mumbai,317,Clothing,Cash,,519.12,6,3114.72,124.5888,2858.05
515,22-01-2023 10:00,1985,West,Mumbai,203,Home,Cash,0.16,,8,12416.16,1986.5856,10818.94
516,22-01-2023 11:00,1784,West,Pune,482,Electronics,UPI,0.18,773.11,2,1546.22,278.3196,1212.57
517,22-01-2023 12:00,1103,East,Mumbai,154,Electronics,UPI,0.14,2390.06,8,19120.48,2676.8672,16627.42
518,22-01-2023 13:00,1928,South,Chennai,356,Home,NetBanking,0.18,864.08,2,1728.16,311.0688,1594.41
519,22-01-2023 14:00,1392,North,Bangalore,445,Clothing,NetBanking,0.05,2367.94,8,18943.52,947.176,17963.22
520,22-01-2023 15:00,1810,East,Pune,255,Electronics,Card,0.14,1182.91,2,2365.82,331.2148,1583.19
521,22-01-2023 16:00,1245,North,Bangalore,152,Home,Card,0.2,3719.78,3,11159.34,2231.868,8679.25
522,22-01-2023 17:00,1175,North,Bangalore,428,Clothing,NetBanking,0.13,235.08,7,1645.56,213.9228,1645.23
523,22-01-2023 18:00,1038,East,Delhi,286,Sports,Card,0.2,2818.26,9,25364.34,5072.868,20383.7
524,22-01-2023 19:00,1476,West,Delhi,463,Electronics,Card,0.14,930.49,3,2791.47,390.8058,2156.15
525,22-01-2023 20:00,1681,North,Pune,249,Electronics,UPI,0.1,104.86,5,524.3,52.43,484.98
526,22-01-2023 21:00,1758,North,Delhi,363,Home,NetBanking,0.09,4359.08,9,39231.72,3530.8548,35763.76
527,22-01-2023 22:00,1537,South,Delhi,349,Home,UPI,,3390.49,7,23733.43,2848.0116,21060.25
528,22-01-2023 23:00,1866,West,Delhi,397,Clothing,UPI,0.01,584.82,2,1169.64,11.6964,1704.02
529,23-01-2023 00:00,1817,North,Bangalore,310,Sports,Card,0.2,3353.95,5,16769.75,3353.95,12730.94
530,23-01-2023 01:00,1920,South,Pune,124,Sports,UPI,0.25,3097.07,5,15485.35,3871.3375,47908.88
531,23-01-2023 02:00,1407,West,Bangalore,393,Home,Cash,0.11,2419.45,9,21775.05,2395.2555,19444.95
532,23-01-2023 03:00,1524,East,Chennai,440,Home,Card,0.01,2154.36,2,4308.72,43.0872,3956.55
533,23-01-2023 04:00,1827,East,Bangalore,251,Clothing,Cash,0.3,4446.64,1,4446.64,1333.992,3162.11
534,23-01-2023 05:00,1505,South,Chennai,123,Home,Card,0.08,1301.23,4,5204.92,416.3936,5222.45
535,23-01-2023 06:00,1902,East,Mumbai,351,Clothing,UPI,,2051.72,4,8206.88,328.2752,8402.31
536,23-01-2023 07:00,1824,North,Mumbai,159,Clothing,Card,0.11,1712.67,1,1712.67,188.3937,1217.93
537,23-01-2023 08:00,1035,West,Chennai,466,Sports,Cash,0.22,3878.89,7,27152.23,5973.4906,20924.16
538,23-01-2023 09:00,1684,North,Chennai,165,Clothing,Card,,4590.68,2,9181.36,826.3224,7967.14
539,23-01-2023 10:00,1019,North,Bangalore,497,Sports,Cash,0.17,4263.93,9,38375.37,6523.8129,31921.46
540,23-01-2023 11:00,1320,East,Chennai,152,Sports,NetBanking,0.12,,7,28061.25,3367.35,24778.61
541,23-01-2023 12:00,1775,North,Pune,205,Sports,UPI,0.04,4935.27,7,34546.89,1381.8756,33461.26
542,23-01-2023 13:00,1511,East,Mumbai,195,Home,Cash,0.1,3516.01,1,3516.01,351.601,3296.8
543,23-01-2023 14:00,1399,West,Mumbai,275,Sports,NetBanking,0.22,3780.16,9,34021.44,7484.7168,26804.77
544,23-01-2023 15:00,1653,West,Chennai,138,Clothing,UPI,0.18,4915.73,9,44241.57,7963.4826,35862
545,23-01-2023 16:00,1971,North,Delhi,267,Home,NetBanking,0.04,134.25,2,268.5,10.74,783.59
546,23-01-2023 17:00,1882,South,Delhi,141,Clothing,Cash,0.05,3206.84,9,28861.56,1443.078,27807.65
547,23-01-2023 18:00,1470,East,Chennai,466,Home,UPI,0.19,3720.96,2,7441.92,1413.9648,5869.2
548,23-01-2023 19:00,1142,East,Pune,203,Clothing,NetBanking,0.24,4597.35,2,9194.7,2206.728,6751.81
549,23-01-2023 20:00,1091,North,Delhi,432,Electronics,Cash,0.1,4430.84,8,35446.72,3544.672,32125.92
550,23-01-2023 21:00,1353,East,Chennai,303,Electronics,NetBanking,0.18,4225.61,,12676.83,2281.8294,9926.51
551,23-01-2023 22:00,1833,East,Pune,107,Electronics,UPI,0.05,4734.38,3,14203.14,710.157,13272.42
552,23-01-2023 23:00,1799,South,Pune,381,Clothing,UPI,0.09,2733.16,7,19132.12,1721.8908,17101.9
553,24-01-2023 00:00,1726,South,Bangalore,495,Home,UPI,0.01,,6,803.46,8.0346,766.38
554,24-01-2023 01:00,1958,North,Pune,142,Sports,Cash,0.23,154.17,7,1079.19,248.2137,697.78
555,24-01-2023 02:00,1853,South,Delhi,209,Sports,NetBanking,0.12,2768.73,6,16612.38,1993.4856,14383.27
556,24-01-2023 03:00,1050,North,Delhi,309,Clothing,NetBanking,0.24,2232.83,9,20095.47,4822.9128,15007.46
557,24-01-2023 04:00,1664,West,Chennai,336,Clothing,Cash,0.21,2311.1,2,4622.2,970.662,3459.82
558,24-01-2023 05:00,1697,North,Chennai,455,Clothing,UPI,0.25,2061.98,8,16495.84,4123.96,12014.85
559,24-01-2023 06:00,1574,West,Pune,418,Clothing,Card,0.09,4596.86,6,27581.16,2482.3044,25261.66
560,24-01-2023 07:00,1189,North,Mumbai,148,Sports,UPI,,1859.93,4,7439.72,446.3832,7331.18
561,24-01-2023 08:00,1124,East,Bangalore,214,Home,Card,0.29,4295.51,6,25773.06,7474.1874,18419.33
562,24-01-2023 09:00,1149,South,Mumbai,254,Sports,UPI,0.22,,6,27144.24,5971.7328,21587.35
563,24-01-2023 10:00,1313,West,Pune,236,Clothing,Cash,0.25,2547.56,3,7642.68,1910.67,5479.84
564,24-01-2023 11:00,1569,North,Pune,266,Electronics,Card,0,2290,8,18320,0,18095.4
565,24-01-2023 12:00,1341,South,Mumbai,420,Sports,Cash,0.11,3829,5,19145,2105.95,17171.73
566,24-01-2023 13:00,1304,North,Bangalore,298,Electronics,Card,,3569.06,4,14276.24,3140.7728,11307.14
567,24-01-2023 14:00,1691,South,Mumbai,170,Electronics,NetBanking,0.02,1709.82,2,3419.64,68.3928,13423.32
568,24-01-2023 15:00,1681,South,Chennai,106,Clothing,Card,0.17,602.49,1,602.49,102.4233,492.62
569,24-01-2023 16:00,1837,North,Delhi,299,Sports,Card,0.13,1397.78,7,9784.46,1271.9798,8192.64
570,24-01-2023 17:00,1782,West,Chennai,435,Home,Card,0.01,742.04,3,2226.12,22.2612,1405.7
571,24-01-2023 18:00,1053,West,Delhi,166,Sports,NetBanking,0.07,1544.19,3,4632.57,324.2799,4475.57
572,24-01-2023 19:00,1443,East,Pune,237,Home,Cash,0.09,1382.93,3,4148.79,373.3911,4069.95
573,24-01-2023 20:00,1612,South,Bangalore,341,Home,NetBanking,0.03,3224.79,3,9674.37,290.2311,9253.3
574,24-01-2023 21:00,1992,East,Mumbai,312,Clothing,Card,,4777.03,2,9554.06,1815.2714,7573.15
575,24-01-2023 22:00,1263,East,Bangalore,280,Home,UPI,0.07,3460.14,6,20760.84,1453.2588,19109.95
576,24-01-2023 23:00,1052,North,Mumbai,353,Sports,NetBanking,0.08,4640.58,3,13921.74,1113.7392,12695.45
577,25-01-2023 00:00,1571,North,Chennai,200,Sports,UPI,0.27,3942.25,1,3942.25,1064.4075,3179.71
578,25-01-2023 01:00,1619,North,Chennai,450,Electronics,NetBanking,0.14,3666.6,9,32999.4,4619.916,28099.06
579,25-01-2023 02:00,1004,South,Mumbai,186,Home,NetBanking,0.12,2128.9,6,12773.4,1532.808,11434.23
580,25-01-2023 03:00,1102,North,Bangalore,284,Clothing,Card,0.22,1691.49,6,10148.94,2232.7668,7766.86
581,25-01-2023 04:00,1195,North,Mumbai,190,Clothing,Cash,0.27,4246.76,9,38220.84,10319.6268,27303.01
582,25-01-2023 05:00,1773,South,Pune,347,Sports,Cash,0.01,4536.43,2,9072.86,90.7286,35516.6
583,25-01-2023 06:00,1876,South,Chennai,313,Home,Card,0.13,,9,20827.98,2707.6374,18612.17
584,25-01-2023 07:00,1991,West,Pune,458,Clothing,NetBanking,0.18,144.41,3,433.23,77.9814,149.64
585,25-01-2023 08:00,1883,North,Chennai,348,Home,Cash,0.1,3983.4,3,11950.2,1195.02,10684.02
586,25-01-2023 09:00,1349,North,Chennai,225,Home,Cash,0.23,1496.84,3,4490.52,1032.8196,3460.13
587,25-01-2023 10:00,1046,North,Delhi,468,Electronics,Cash,0.29,148.45,1,148.45,43.0505,164.61
588,25-01-2023 11:00,1866,West,Pune,103,Clothing,Card,0.28,4044.44,7,28311.08,7927.1024,20846.68
589,25-01-2023 12:00,1822,North,Pune,187,Electronics,UPI,0.08,2635.33,7,18447.31,1475.7848,16733.64
590,25-01-2023 13:00,1935,West,Delhi,250,Clothing,UPI,0.07,3457.53,2,6915.06,484.0542,6434.19
591,25-01-2023 14:00,1819,East,Bangalore,275,Home,UPI,0.29,4581.98,6,27491.88,7972.6452,19746.83
592,25-01-2023 15:00,1655,West,Pune,310,Clothing,UPI,0.14,2751.75,4,11007,1540.98,9251.79
593,25-01-2023 16:00,1268,East,Mumbai,358,Sports,UPI,0.06,2565.65,7,17959.55,1077.573,16903.9
594,25-01-2023 17:00,1369,North,Delhi,190,Home,Cash,0.21,1524.24,7,10669.68,2240.6328,8723.68
595,25-01-2023 18:00,1635,East,Pune,358,Clothing,Cash,0.09,,4,6381.8,574.362,5651.5
596,25-01-2023 19:00,1105,West,Bangalore,290,Electronics,NetBanking,0.08,4003.06,3,12009.18,960.7344,10996.48
597,25-01-2023 20:00,1669,South,Pune,180,Electronics,Cash,0.26,2300.24,7,16101.68,4186.4368,11569.77
598,25-01-2023 21:00,1658,East,Chennai,237,Home,Card,0.05,901.28,9,8111.52,405.576,7990.02
599,25-01-2023 22:00,1656,East,Mumbai,449,Electronics,NetBanking,0.02,563.19,4,2252.76,45.0552,2255.27
600,25-01-2023 23:00,1119,North,Delhi,225,Home,Cash,0.08,2417.31,6,14503.86,1160.3088,13215.93
601,26-01-2023 00:00,1830,West,Chennai,468,Home,NetBanking,0.18,2378.28,7,16647.96,2996.6328,13558.83
602,26-01-2023 01:00,1786,East,Bangalore,455,Home,NetBanking,0.04,3301.95,3,9905.85,396.234,9506.91
603,26-01-2023 02:00,1603,East,Chennai,408,Clothing,UPI,0.14,2408.23,5,12041.15,1685.761,10455.65
604,26-01-2023 03:00,1057,East,Chennai,442,Home,NetBanking,0.19,803.03,,803.03,152.5757,454.64
605,26-01-2023 04:00,1950,East,Bangalore,329,Electronics,Cash,0.25,2588.23,6,15529.38,3882.345,11474.81
606,26-01-2023 05:00,1345,South,Chennai,444,Sports,UPI,0.07,4543.27,5,22716.35,1590.1445,21047.21
607,26-01-2023 06:00,1740,West,Delhi,409,Clothing,Cash,0.25,881.26,,6168.82,1542.205,4671.92
608,26-01-2023 07:00,1473,North,Pune,119,Electronics,UPI,0.07,3479.8,,31318.2,2192.274,29607.71
609,26-01-2023 08:00,1116,North,Chennai,468,Home,Cash,0.2,3009.91,4,12039.64,2407.928,9390.89
610,26-01-2023 09:00,1829,South,Delhi,148,Home,UPI,0.13,3768.07,9,33912.63,4408.6419,29008.1
611,26-01-2023 10:00,1790,West,Pune,234,Sports,UPI,0.03,837.94,6,5027.64,150.8292,5296.79
612,26-01-2023 11:00,1126,East,Pune,128,Electronics,Card,0.21,4713.87,5,23569.35,4949.5635,18356.41
613,26-01-2023 12:00,1392,South,Chennai,147,Clothing,Cash,0.07,,2,6285.48,439.9836,6285.76
614,26-01-2023 13:00,1907,West,Delhi,368,Electronics,NetBanking,0.05,4250.65,1,4250.65,212.5325,4411.19
615,26-01-2023 14:00,1640,East,Chennai,102,Home,UPI,0.11,1308.37,8,10466.96,1151.3656,9478.88
616,26-01-2023 15:00,1057,South,Bangalore,357,Clothing,Cash,0.2,3723.12,6,22338.72,4467.744,18235.62
617,26-01-2023 16:00,1633,West,Pune,115,Home,UPI,0.07,3927.05,7,27489.35,1924.2545,25015.62
618,26-01-2023 17:00,1512,North,Chennai,193,Home,Card,0.06,2047.43,6,12284.58,737.0748,11141.79
619,26-01-2023 18:00,1750,North,Pune,457,Electronics,Card,0,1981.37,,13869.59,0,13954.82
620,26-01-2023 19:00,1801,West,Delhi,233,Sports,Card,0.14,3323.2,9,29908.8,4187.232,25605.54
621,26-01-2023 20:00,1095,North,Mumbai,400,Home,Card,0.13,557.7,5,2788.5,362.505,2190.48
622,26-01-2023 21:00,1637,West,Chennai,426,Electronics,NetBanking,0.07,3704.56,1,3704.56,259.3192,3687.63
623,26-01-2023 22:00,1117,East,Chennai,232,Clothing,NetBanking,,310.15,1,310.15,6.203,381.2
624,26-01-2023 23:00,1559,West,Pune,411,Sports,UPI,0.13,1033.89,9,9305.01,1209.6513,8410.15
625,27-01-2023 00:00,1600,East,Delhi,482,Home,Cash,,3354.3,5,16771.5,4025.16,12634.77
626,27-01-2023 01:00,1487,South,Bangalore,131,Home,Card,0.21,581.79,2,1163.58,244.3518,914.3
627,27-01-2023 02:00,1236,West,Delhi,404,Clothing,Card,0.26,4862.03,3,14586.09,3792.3834,11255.6
628,27-01-2023 03:00,1884,South,Chennai,368,Electronics,NetBanking,0,4355.14,1,4355.14,0,3970.12
629,27-01-2023 04:00,1896,North,Bangalore,124,Home,NetBanking,0.29,3168.88,6,19013.28,5513.8512,53894.32
630,27-01-2023 05:00,1271,East,Delhi,415,Clothing,Card,0.1,4113.38,6,24680.28,2468.028,21949.93
631,27-01-2023 06:00,1188,West,Mumbai,158,Home,Cash,0.3,4449.14,3,13347.42,4004.226,9851.84
632,27-01-2023 07:00,1998,South,Pune,312,Electronics,UPI,0.08,1371.43,3,4114.29,329.1432,4506.87
633,27-01-2023 08:00,1703,East,Delhi,255,Sports,UPI,0.14,4262.12,7,29834.84,4176.8776,25720.92
634,27-01-2023 09:00,1446,East,Delhi,413,Electronics,UPI,0.11,1054.49,1,1054.49,115.9939,1086.29
635,27-01-2023 10:00,1580,North,Mumbai,375,Electronics,UPI,0.11,2125.38,5,10626.9,1168.959,9426.83
636,27-01-2023 11:00,1789,North,Chennai,488,Electronics,Cash,0.25,2835.47,3,8506.41,2126.6025,6337.1
637,27-01-2023 12:00,1860,East,Pune,309,Clothing,Cash,0.22,3598.07,5,17990.35,3957.877,14057.54
638,27-01-2023 13:00,1246,East,Delhi,156,Home,Cash,,247.69,4,990.76,297.228,288.85
639,27-01-2023 14:00,1962,West,Bangalore,284,Sports,NetBanking,0.18,1523.5,6,9141,1645.38,7693.71
640,27-01-2023 15:00,1075,East,Delhi,153,Clothing,Card,0.14,3081.74,9,27735.66,3882.9924,23557.06
641,27-01-2023 16:00,1153,West,Pune,308,Electronics,Cash,0.03,1851.11,2,3702.22,111.0666,3485
642,27-01-2023 17:00,1655,East,Delhi,467,Sports,UPI,0.3,3897.62,8,31180.96,9354.288,21836.63
643,27-01-2023 18:00,1434,North,Mumbai,441,Electronics,Cash,0.17,3293.1,2,6586.2,1119.654,5237.9
644,27-01-2023 19:00,1996,West,Delhi,392,Electronics,Card,0.21,1248.57,4,4994.28,1048.7988,4124.81
645,27-01-2023 20:00,1085,South,Delhi,439,Electronics,NetBanking,0.12,,9,7335.45,880.254,6312.57
646,27-01-2023 21:00,1696,North,Bangalore,403,Sports,UPI,0.16,3182.33,4,12729.32,2036.6912,11012.3
647,27-01-2023 22:00,1284,West,Mumbai,351,Home,NetBanking,0.28,2307.29,7,16151.03,4522.2884,11367.38
648,27-01-2023 23:00,1973,West,Mumbai,473,Electronics,Cash,0.05,927.89,,4639.45,231.9725,4357.41
649,28-01-2023 00:00,1219,South,Delhi,403,Home,UPI,0.09,1699.23,2,3398.46,305.8614,2771.03
650,28-01-2023 01:00,1068,West,Bangalore,211,Sports,UPI,,1584.93,8,12679.44,633.972,12340.21
651,28-01-2023 02:00,1046,East,Delhi,465,Sports,Cash,0.24,629.85,2,1259.7,302.328,864.1
652,28-01-2023 03:00,1093,South,Delhi,105,Electronics,Cash,0.02,2779.85,3,8339.55,166.791,8005.62
653,28-01-2023 04:00,1749,North,Pune,290,Home,Card,0.02,3841.88,7,26893.16,537.8632,26298.31
654,28-01-2023 05:00,1957,North,Pune,433,Home,Cash,0.09,2919.79,5,14598.95,1313.9055,13252.19
655,28-01-2023 06:00,1452,East,Bangalore,378,Electronics,Cash,0.15,4148.83,3,12446.49,1866.9735,10701.11
656,28-01-2023 07:00,1203,North,Chennai,481,Clothing,Cash,0.12,725.09,2,1450.18,174.0216,1437.89
657,28-01-2023 08:00,1911,West,Pune,439,Clothing,UPI,0.01,2234.5,6,13407,134.07,13227.45
658,28-01-2023 09:00,1217,West,Chennai,112,Sports,Card,0.29,3086.13,1,3086.13,894.9777,2179.42
659,28-01-2023 10:00,1473,East,Mumbai,402,Sports,UPI,0.29,3412.41,8,27299.28,7916.7912,18450.41
660,28-01-2023 11:00,1431,North,Pune,143,Clothing,Cash,0.08,3509.35,5,17546.75,1403.74,16007.41
661,28-01-2023 12:00,1340,North,Pune,204,Clothing,Card,0.22,3671.93,5,18359.65,4039.123,14749.73
662,28-01-2023 13:00,1550,East,Bangalore,259,Clothing,Cash,0.17,3292.01,2,6584.02,1119.2834,22397.4
663,28-01-2023 14:00,1611,South,Chennai,253,Electronics,UPI,0.07,561.72,7,3932.04,275.2428,3334.86
664,28-01-2023 15:00,1288,North,Pune,341,Electronics,UPI,0.08,3507,5,17535,1402.8,16015.94
665,28-01-2023 16:00,1253,South,Pune,280,Electronics,Cash,0.15,3651.44,8,29211.52,4381.728,24650.78
666,28-01-2023 17:00,1733,North,Bangalore,113,Electronics,Card,0.13,4968.05,5,24840.25,3229.2325,21932.05
667,28-01-2023 18:00,1356,North,Bangalore,279,Electronics,UPI,0.09,3497.48,9,31477.32,2832.9588,28934.95
668,28-01-2023 19:00,1022,North,Chennai,476,Electronics,Cash,0.24,3465.47,5,17327.35,4158.564,12934.48
669,28-01-2023 20:00,1761,North,Mumbai,391,Sports,NetBanking,0.14,2622.59,3,7867.77,1101.4878,6769.25
670,28-01-2023 21:00,1521,West,Mumbai,363,Home,Cash,0.2,4352.82,2,8705.64,1741.128,6624.38
671,28-01-2023 22:00,1757,South,Delhi,267,Sports,Cash,0.06,,5,24922.45,1495.347,23239.12
672,28-01-2023 23:00,1836,South,Pune,313,Home,Card,0.16,3917.32,5,19586.6,3133.856,16275.82
673,29-01-2023 00:00,1099,North,Chennai,249,Sports,Cash,0.1,3101.25,6,18607.5,1860.75,16536.07
674,29-01-2023 01:00,1801,North,Pune,115,Sports,NetBanking,0.16,486.88,2,973.76,155.8016,927.82
675,29-01-2023 02:00,1179,South,Chennai,190,Electronics,Cash,0.23,3661.02,5,18305.1,4210.173,14499.67
676,29-01-2023 03:00,1222,West,Chennai,219,Electronics,NetBanking,0.23,3571.95,1,3571.95,821.5485,2732.32
677,29-01-2023 04:00,1905,East,Chennai,352,Home,UPI,0.11,3900.28,3,11700.84,1287.0924,10097.26
678,29-01-2023 05:00,1761,East,Pune,159,Home,Cash,0.21,710.32,3,2130.96,447.5016,1745.89
679,29-01-2023 06:00,1658,South,Bangalore,365,Electronics,Card,0.28,3303.29,3,9909.87,2774.7636,7197.95
680,29-01-2023 07:00,1441,North,Pune,130,Sports,Cash,0.19,,3,4647.15,882.9585,14830.28
681,29-01-2023 08:00,1607,North,Chennai,120,Home,NetBanking,0.04,3825.33,8,30602.64,1224.1056,29936.27
682,29-01-2023 09:00,1768,West,Delhi,318,Clothing,NetBanking,0.2,1277.83,1,1277.83,255.566,1095.5
683,29-01-2023 10:00,1324,East,Mumbai,180,Clothing,Card,0.03,3451.5,,20709,621.27,20259.88
684,29-01-2023 11:00,1515,West,Chennai,388,Clothing,NetBanking,0.26,1545.47,6,9272.82,2410.9332,6189.22
685,29-01-2023 12:00,1015,East,Delhi,130,Home,Cash,0.15,144.07,1,144.07,21.6105,-166.41
686,29-01-2023 13:00,1791,South,Bangalore,333,Electronics,NetBanking,0.12,,1,3203.45,384.414,2973.21
687,29-01-2023 14:00,1335,East,Chennai,135,Electronics,Cash,0.02,655.02,3,1965.06,39.3012,2010.9
688,29-01-2023 15:00,1758,West,Delhi,231,Electronics,Cash,0.11,3330.53,8,26644.24,2930.8664,23599.83
689,29-01-2023 16:00,1257,West,Chennai,423,Home,NetBanking,0.27,,6,27812.94,7509.4938,20439.52
690,29-01-2023 17:00,1496,West,Pune,445,Home,Card,0.01,4849.31,4,19397.24,193.9724,19481.46
691,29-01-2023 18:00,1987,South,Delhi,231,Clothing,UPI,0.14,,5,6280.1,879.214,5259.04
692,29-01-2023 19:00,1895,East,Pune,108,Home,Card,0.28,,3,12196.02,3414.8856,8594.23
693,29-01-2023 20:00,1159,East,Pune,129,Clothing,UPI,0.12,1832.41,6,10994.46,1319.3352,9598.33
694,29-01-2023 21:00,1474,West,Delhi,214,Clothing,Card,0.13,4512.24,6,27073.44,3519.5472,23703.33
695,29-01-2023 22:00,1851,East,Mumbai,400,Electronics,Cash,0.17,3958.7,6,23752.2,4037.874,19542.55
696,29-01-2023 23:00,1663,North,Delhi,103,Home,Cash,0.14,462.22,9,4159.98,582.3972,3833.46
697,30-01-2023 00:00,1907,North,Mumbai,424,Electronics,NetBanking,0.05,2094.97,8,16759.76,837.988,15777.17
698,30-01-2023 01:00,1689,North,Chennai,336,Electronics,UPI,0.01,1752.86,,10517.16,105.1716,10244.12
699,30-01-2023 02:00,1674,East,Chennai,122,Home,UPI,,3947.39,2,7894.78,1421.0604,7177.65
700,30-01-2023 03:00,1379,South,Delhi,115,Home,NetBanking,0.28,2110.4,4,8441.6,2363.648,5707.58
701,30-01-2023 04:00,1544,South,Chennai,121,Sports,Card,0.03,,,20726.88,621.8064,20339.59
702,30-01-2023 05:00,1928,South,Bangalore,171,Clothing,NetBanking,0.06,3051.93,9,27467.37,1648.0422,25277.4
703,30-01-2023 06:00,1956,South,Pune,403,Sports,Card,0.11,4880.63,2,9761.26,1073.7386,8884.97
704,30-01-2023 07:00,1690,North,Pune,329,Clothing,NetBanking,0.24,4695.15,6,28170.9,6761.016,22217.42
705,30-01-2023 08:00,1426,North,Mumbai,206,Clothing,UPI,0.08,2195.73,7,15370.11,1229.6088,14457.61
706,30-01-2023 09:00,1612,West,Chennai,307,Clothing,UPI,0.26,3645.53,,29164.24,7582.7024,21982.96
707,30-01-2023 10:00,1267,East,Mumbai,488,Electronics,Card,0.02,4164.35,9,37479.15,749.583,36700.74
708,30-01-2023 11:00,1834,East,Pune,307,Electronics,UPI,0.28,4504.54,,22522.7,6306.356,16499.02
709,30-01-2023 12:00,1576,South,Pune,362,Home,UPI,0.17,433.86,9,3904.74,663.8058,3315.53
710,30-01-2023 13:00,1416,North,Chennai,150,Clothing,UPI,0.2,1580.19,9,14221.71,2844.342,11985.16
711,30-01-2023 14:00,1167,South,Bangalore,164,Clothing,UPI,0.11,1669.13,7,11683.91,1285.2301,10066.69
712,30-01-2023 15:00,1841,West,Bangalore,364,Clothing,Cash,0.23,2228.79,2,4457.58,1025.2434,3788.58
713,30-01-2023 16:00,1042,East,Chennai,437,Electronics,NetBanking,0.05,929.4,8,7435.2,371.76,7191.75
714,30-01-2023 17:00,1555,East,Chennai,400,Home,NetBanking,0.01,2531.41,5,12657.05,126.5705,12256.64
715,30-01-2023 18:00,1284,South,Mumbai,477,Electronics,Cash,0.12,3349.75,8,26798,3215.76,23499.9
716,30-01-2023 19:00,1396,West,Chennai,274,Sports,UPI,0.26,2537.08,2,5074.16,1319.2816,3274.59
717,30-01-2023 20:00,1011,East,Bangalore,251,Sports,NetBanking,0.23,3362.39,7,23536.73,5413.4479,17143.83
718,30-01-2023 21:00,1606,West,Chennai,365,Sports,NetBanking,0.16,425.56,5,2127.8,340.448,1427.49
719,30-01-2023 22:00,1301,West,Mumbai,428,Home,NetBanking,0.17,4392.34,4,17569.36,2986.7912,14466.16
720,30-01-2023 23:00,1897,South,Mumbai,403,Sports,Card,0.04,,6,28208.64,1128.3456,27104.65
721,31-01-2023 00:00,1252,North,Mumbai,262,Home,Cash,0.25,3127.75,5,15638.75,3909.6875,11336.13
722,31-01-2023 01:00,1498,South,Mumbai,442,Electronics,Card,0.24,4418.82,6,26512.92,6363.1008,20054.84
723,31-01-2023 02:00,1753,North,Delhi,466,Electronics,Card,0.2,744.09,9,6696.81,1339.362,5428.37
724,31-01-2023 03:00,1034,West,Chennai,337,Home,Cash,,4007.5,1,4007.5,561.05,3273.53
725,31-01-2023 04:00,1726,North,Pune,298,Electronics,NetBanking,0.29,683.83,1,683.83,198.3107,161.26
726,31-01-2023 05:00,1848,West,Chennai,115,Electronics,Card,0.26,2099.25,6,12595.5,3274.83,9101.27
727,31-01-2023 06:00,1089,East,Delhi,408,Home,NetBanking,0.19,1686.71,2,3373.42,640.9498,3133.44
728,31-01-2023 07:00,1775,East,Mumbai,395,Sports,Card,0.11,,8,23755.2,2613.072,20624.12
729,31-01-2023 08:00,1604,East,Delhi,455,Home,NetBanking,0.19,1577.42,7,11041.94,2097.9686,9290.28
730,31-01-2023 09:00,1921,South,Bangalore,375,Clothing,UPI,0.17,3222.84,6,19337.04,3287.2968,16459.35
731,31-01-2023 10:00,1969,South,Bangalore,338,Electronics,UPI,0.12,1900.2,4,7600.8,912.096,6581.83
732,31-01-2023 11:00,1601,West,Chennai,168,Home,UPI,0.09,,9,38860.83,3497.4747,35501.4
733,31-01-2023 12:00,1417,East,Chennai,400,Electronics,Cash,0.12,3206.03,7,22442.21,2693.0652,19514.87
734,31-01-2023 13:00,1114,South,Pune,105,Sports,UPI,0.17,1154.96,7,8084.72,1374.4024,6790.63
735,31-01-2023 14:00,1616,East,Pune,319,Electronics,Card,0.13,1747.03,5,8735.15,1135.5695,8267.51
736,31-01-2023 15:00,1902,South,Bangalore,353,Home,NetBanking,0.08,4252.36,1,4252.36,340.1888,4293.52
737,31-01-2023 16:00,1195,North,Mumbai,394,Sports,NetBanking,0.23,1993.75,2,3987.5,917.125,2919.32
738,31-01-2023 17:00,1825,North,Delhi,457,Sports,NetBanking,0.16,,8,21803.36,3488.5376,17919.06
739,31-01-2023 18:00,1500,East,Pune,485,Sports,NetBanking,0.02,3279.82,5,16399.1,327.982,15983.02
740,31-01-2023 19:00,1625,West,Pune,206,Clothing,Card,0.11,1804.27,2,3608.54,396.9394,3293.59
741,31-01-2023 20:00,1492,South,Mumbai,394,Home,NetBanking,0.27,1540.5,5,7702.5,2079.675,5839.31
742,31-01-2023 21:00,1074,South,Mumbai,217,Home,Card,0.23,2428.75,8,19430,4468.9,14928.34
743,31-01-2023 22:00,1412,North,Chennai,267,Sports,Card,0.1,1152.92,4,4611.68,461.168,4686.32
744,31-01-2023 23:00,1375,North,Delhi,350,Electronics,NetBanking,0.28,1492.63,3,4477.89,1253.8092,3233.86
745,01-02-2023 00:00,1419,West,Mumbai,181,Sports,NetBanking,0.02,404.18,5,2020.9,40.418,1837.87
746,01-02-2023 01:00,1728,West,Pune,153,Clothing,NetBanking,0.29,1589.45,7,11126.15,3226.5835,8056.93
747,01-02-2023 02:00,1276,West,Pune,339,Sports,Card,0.07,1671.45,2,3342.9,234.003,3318.91
748,01-02-2023 03:00,1760,East,Bangalore,465,Home,Cash,0,4812.98,1,4812.98,0,4584.13
749,01-02-2023 04:00,1675,North,Mumbai,111,Sports,Card,0.13,2989.67,5,14948.35,1943.2855,12723.48
750,01-02-2023 05:00,1393,East,Chennai,308,Electronics,Cash,0.11,3958.17,7,27707.19,3047.7909,24166.81
751,01-02-2023 06:00,1868,North,Delhi,264,Home,NetBanking,0.16,,8,2578.8,412.608,2079.51
752,01-02-2023 07:00,1456,North,Chennai,465,Electronics,Card,0.24,622.03,8,4976.24,1194.2976,4146.97
753,01-02-2023 08:00,1919,South,Pune,393,Sports,NetBanking,0.25,4091.23,9,36821.07,9205.2675,27815.64
754,01-02-2023 09:00,1191,North,Chennai,498,Home,Cash,0.12,3155.39,,3155.39,378.6468,3113.9
755,01-02-2023 10:00,1738,North,Pune,106,Clothing,Cash,0.13,1035.81,7,7250.67,942.5871,6111.77
756,01-02-2023 11:00,1688,East,Pune,177,Home,Card,0.04,2083.5,8,16668,666.72,15952.26
757,01-02-2023 12:00,1098,North,Pune,164,Electronics,Card,,2739.5,6,16437,164.37,15700.91
758,01-02-2023 13:00,1547,East,Pune,201,Home,Card,0.19,4233.69,4,16934.76,3217.6044,14019.52
759,01-02-2023 14:00,1977,West,Pune,456,Clothing,Card,0.02,396.02,7,2772.14,55.4428,3119.52
760,01-02-2023 15:00,1998,North,Bangalore,399,Clothing,UPI,0.22,3023.94,3,9071.82,1995.8004,6756.05
761,01-02-2023 16:00,1095,North,Chennai,386,Clothing,UPI,0.16,3613.48,2,7226.96,1156.3136,6558.37
762,01-02-2023 17:00,1663,East,Bangalore,270,Clothing,NetBanking,0.06,4891.67,6,29350.02,1761.0012,27518.67
763,01-02-2023 18:00,1662,West,Bangalore,176,Electronics,Cash,0.16,4055.08,,8110.16,1297.6256,6487.55
764,01-02-2023 19:00,1189,South,Mumbai,147,Home,Cash,0.05,1453.51,6,8721.06,436.053,8190.22
765,01-02-2023 20:00,1735,West,Mumbai,354,Sports,NetBanking,0.13,3576.94,3,10730.82,1395.0066,9524.34
766,01-02-2023 21:00,1036,East,Mumbai,181,Clothing,NetBanking,0.24,3840.06,2,7680.12,1843.2288,5820.73
767,01-02-2023 22:00,1779,West,Delhi,482,Sports,NetBanking,0.14,3675.7,8,29405.6,4116.784,25115.41
768,01-02-2023 23:00,1368,East,Mumbai,308,Sports,UPI,0.04,4118.71,4,16474.84,658.9936,15993.54
769,02-02-2023 00:00,1694,East,Chennai,308,Home,NetBanking,0.22,4528.28,4,18113.12,3984.8864,14333.58
770,02-02-2023 01:00,1524,South,Bangalore,183,Sports,Cash,0.06,582.31,7,4076.17,244.5702,3779.42
771,02-02-2023 02:00,1278,North,Chennai,109,Sports,NetBanking,0.22,613.34,8,4906.72,1079.4784,3720.21
772,02-02-2023 03:00,1216,East,Mumbai,128,Electronics,Card,0.14,,9,36021.24,5042.9736,30814.58
773,02-02-2023 04:00,1866,East,Delhi,403,Sports,Cash,0.14,1336.63,8,10693.04,1497.0256,9339.58
774,02-02-2023 05:00,1872,South,Delhi,215,Home,Cash,0.26,386.85,4,1547.4,402.324,663.81
775,02-02-2023 06:00,1797,East,Bangalore,368,Sports,Cash,,2066.02,2,4132.04,867.7284,3035.52
776,02-02-2023 07:00,1272,North,Chennai,146,Home,UPI,0.01,4117.4,5,20587,205.87,20332.52
777,02-02-2023 08:00,1880,South,Pune,458,Clothing,UPI,0.09,720.17,7,5041.19,453.7071,4351.01
778,02-02-2023 09:00,1061,North,Chennai,190,Sports,Cash,0.26,3392.03,,6784.06,1763.8556,5096.4
779,02-02-2023 10:00,1595,North,Mumbai,152,Sports,Card,0.01,117.72,4,470.88,4.7088,515.18
780,02-02-2023 11:00,1879,South,Pune,317,Sports,Cash,0.16,637.71,6,3826.26,612.2016,3958.26
781,02-02-2023 12:00,1728,East,Delhi,447,Clothing,UPI,0.22,1819.17,8,14553.36,3201.7392,11123.24
782,02-02-2023 13:00,1341,North,Bangalore,176,Electronics,Card,0.19,509.65,6,3057.9,581.001,2473.56
783,02-02-2023 14:00,1396,North,Bangalore,303,Sports,Cash,0.23,4244.92,6,25469.52,5857.9896,19324.45
784,02-02-2023 15:00,1698,North,Delhi,143,Home,UPI,0.22,4333.95,6,26003.7,5720.814,20864.83
785,02-02-2023 16:00,1018,North,Mumbai,255,Electronics,Card,0.21,3802.3,4,15209.2,3193.932,12525.63
786,02-02-2023 17:00,1176,South,Delhi,101,Electronics,NetBanking,0.25,1288.15,3,3864.45,966.1125,2427.96
787,02-02-2023 18:00,1611,South,Mumbai,456,Electronics,NetBanking,0.19,2663.91,,2663.91,506.1429,2108.43
788,02-02-2023 19:00,1395,West,Pune,412,Sports,Cash,0.12,1002.52,2,2005.04,240.6048,1775.25
789,02-02-2023 20:00,1444,West,Delhi,156,Clothing,NetBanking,0.14,1478.26,2,2956.52,413.9128,2440.55
790,02-02-2023 21:00,1232,North,Mumbai,389,Clothing,UPI,0.22,2628.43,7,18399.01,4047.7822,14206.06
791,02-02-2023 22:00,1914,East,Pune,157,Sports,Card,0.26,3701.57,6,22209.42,5774.4492,16666.24
792,02-02-2023 23:00,1075,North,Delhi,353,Home,Cash,0.08,563.81,8,4510.48,360.8384,4686
793,03-02-2023 00:00,1264,East,Bangalore,279,Home,Card,0.1,1553.81,9,13984.29,1398.429,12827.98
794,03-02-2023 01:00,1454,North,Delhi,256,Home,Card,0.28,4640.44,5,23202.2,6496.616,16964.83
795,03-02-2023 02:00,1795,West,Chennai,134,Sports,Card,0.17,,3,6608.1,1123.377,5378.27
796,03-02-2023 03:00,1717,West,Delhi,174,Clothing,UPI,0.05,4700.46,4,18801.84,940.092,18166.95
797,03-02-2023 04:00,1734,East,Chennai,388,Sports,Cash,0.2,4957.86,8,39662.88,7932.576,32034.52
798,03-02-2023 05:00,1383,North,Pune,470,Clothing,NetBanking,0.3,2680.63,3,8041.89,2412.567,5486.93
799,03-02-2023 06:00,1563,East,Delhi,174,Electronics,Card,,1511.42,2,3022.84,755.71,2197.2
800,03-02-2023 07:00,1850,West,Pune,428,Sports,Card,0.22,3974.81,7,27823.67,6121.2074,21229.9
801,03-02-2023 08:00,1505,North,Pune,177,Clothing,Card,0.06,880.62,4,3522.48,211.3488,2905.36
802,03-02-2023 09:00,1366,North,Mumbai,354,Electronics,UPI,0.26,,8,10680.24,2776.8624,7773.26
803,03-02-2023 10:00,1143,East,Pune,364,Electronics,NetBanking,0.16,3945.91,1,3945.91,631.3456,2993.63
804,03-02-2023 11:00,1884,South,Pune,403,Sports,Card,0.27,2224.87,8,17798.96,4805.7192,13234.56
805,03-02-2023 12:00,1068,East,Delhi,166,Clothing,UPI,0.1,,5,5437.7,543.77,4846.24
806,03-02-2023 13:00,1098,West,Delhi,320,Electronics,UPI,0.02,3290.52,2,6581.04,131.6208,6609.19
807,03-02-2023 14:00,1395,West,Bangalore,263,Sports,Card,0.14,,1,3690.53,516.6742,2807.62
808,03-02-2023 15:00,1024,West,Mumbai,474,Electronics,Card,,712.85,6,4277.1,342.168,4324.56
809,03-02-2023 16:00,1947,West,Pune,319,Home,UPI,0.21,1457.2,9,13114.8,2754.108,10507.56
810,03-02-2023 17:00,1890,West,Mumbai,271,Sports,UPI,0.29,1184.26,9,10658.34,3090.9186,7688.76
811,03-02-2023 18:00,1468,South,Chennai,353,Electronics,Card,,1961.29,9,17651.61,3706.8381,14228.83
812,03-02-2023 19:00,1483,North,Pune,309,Sports,UPI,0.27,3840.88,4,15363.52,4148.1504,11311
813,03-02-2023 20:00,1564,East,Mumbai,287,Sports,UPI,0.14,3597.17,6,21583.02,3021.6228,18257.38
814,03-02-2023 21:00,1150,East,Bangalore,290,Clothing,Card,0.23,3346.37,6,20078.22,4617.9906,15648.3
815,03-02-2023 22:00,1143,West,Bangalore,488,Clothing,Card,0.25,130.8,5,654,163.5,254.28
816,03-02-2023 23:00,1568,East,Pune,314,Electronics,Cash,0.21,796.5,2,1593,334.53,1321.74
817,04-02-2023 00:00,1038,West,Chennai,474,Sports,NetBanking,0.15,1194.16,7,8359.12,1253.868,6873.4
818,04-02-2023 01:00,1108,South,Bangalore,185,Sports,Card,0.19,1432.58,1,1432.58,272.1902,1659.05
819,04-02-2023 02:00,1692,South,Bangalore,205,Home,Card,0.21,817.49,6,4904.94,1030.0374,4075.8
820,04-02-2023 03:00,1041,North,Chennai,431,Sports,Card,0.08,2110.55,5,10552.75,844.22,10010.76
821,04-02-2023 04:00,1185,South,Mumbai,395,Clothing,NetBanking,0.24,468.38,5,2341.9,562.056,1552.07
822,04-02-2023 05:00,1934,South,Bangalore,118,Sports,Cash,0.29,3775.11,8,30200.88,8758.2552,21532.3
823,04-02-2023 06:00,1397,North,Delhi,146,Clothing,UPI,0.14,3959.83,9,35638.47,4989.3858,30706.14
824,04-02-2023 07:00,1222,East,Bangalore,164,Home,NetBanking,0.21,2913.91,7,20397.37,4283.4477,16147.02
825,04-02-2023 08:00,1633,West,Mumbai,245,Electronics,Card,,539.55,8,4316.4,949.608,2785.56
826,04-02-2023 09:00,1132,West,Mumbai,385,Clothing,Card,0.2,4461.41,2,8922.82,1784.564,7727.54
827,04-02-2023 10:00,1162,East,Pune,481,Electronics,Cash,0.16,4831.62,2,9663.24,1546.1184,8105.58
828,04-02-2023 11:00,1214,North,Delhi,165,Electronics,Cash,0.26,1091.58,8,8732.64,2270.4864,6612.7
829,04-02-2023 12:00,1732,East,Mumbai,104,Electronics,Cash,0.13,3552.74,6,21316.44,2771.1372,18150.88
830,04-02-2023 13:00,1234,South,Chennai,192,Electronics,UPI,0.02,4225.5,8,33804,676.08,33567.05
831,04-02-2023 14:00,1842,North,Delhi,452,Clothing,NetBanking,0.25,2745.23,9,24707.07,6176.7675,18944.12
832,04-02-2023 15:00,1657,North,Delhi,193,Home,NetBanking,0.2,1684.28,9,15158.52,3031.704,12383.13
833,04-02-2023 16:00,1750,North,Chennai,205,Sports,Cash,,2444.94,6,14669.64,3667.41,11084.08
834,04-02-2023 17:00,1587,West,Bangalore,232,Clothing,UPI,0.04,2610.12,8,20880.96,835.2384,20746.38
835,04-02-2023 18:00,1008,East,Chennai,440,Home,NetBanking,0.01,2063.12,2,4126.24,41.2624,4379.91
836,04-02-2023 19:00,1073,North,Chennai,413,Sports,Card,0.28,4656.23,8,37249.84,10429.9552,26410.05
837,04-02-2023 20:00,1953,North,Bangalore,178,Electronics,Card,,3745.03,3,11235.09,449.4036,10853.03
838,04-02-2023 21:00,1491,North,Bangalore,311,Sports,Card,0.24,1282.38,1,1282.38,307.7712,1149.73
839,04-02-2023 22:00,1912,East,Bangalore,107,Sports,NetBanking,0.25,2969.23,7,20784.61,5196.1525,15619.97
840,04-02-2023 23:00,1252,West,Bangalore,258,Home,Cash,0.21,3474.58,1,3474.58,729.6618,2916.85
841,05-02-2023 00:00,1229,South,Bangalore,367,Sports,Card,0.04,786.77,1,786.77,31.4708,1187.67
842,05-02-2023 01:00,1518,West,Chennai,248,Electronics,Cash,0.2,1856.29,1,1856.29,371.258,1428.44
843,05-02-2023 02:00,1173,North,Pune,449,Clothing,UPI,0.27,4537.19,4,18148.76,4900.1652,13134.62
844,05-02-2023 03:00,1652,West,Pune,190,Clothing,Card,0.13,2879.15,4,11516.6,1497.158,9693.79
845,05-02-2023 04:00,1167,West,Mumbai,335,Home,UPI,,1163.29,6,6979.74,837.5688,5582.39
846,05-02-2023 05:00,1169,South,Pune,388,Electronics,Cash,0.13,701.65,3,2104.95,273.6435,1737.63
847,05-02-2023 06:00,1392,East,Pune,455,Electronics,NetBanking,0.02,2639.31,6,15835.86,316.7172,15315.96
848,05-02-2023 07:00,1945,East,Chennai,267,Sports,Cash,0.27,2783.66,7,19485.62,5261.1174,14162.51
849,05-02-2023 08:00,1794,West,Bangalore,292,Home,Card,0.26,1738.63,1,1738.63,452.0438,1111.02
850,05-02-2023 09:00,1633,West,Bangalore,286,Electronics,Card,0.3,3189.04,6,19134.24,5740.272,13071.64
851,05-02-2023 10:00,1193,East,Chennai,370,Electronics,Cash,0.18,436.55,1,436.55,78.579,192.82
852,05-02-2023 11:00,1516,East,Pune,213,Electronics,Card,0.23,,7,5678.26,1305.9998,4526.16
853,05-02-2023 12:00,1028,South,Chennai,484,Clothing,Card,0.06,2776.74,,13883.7,833.022,12890.1
854,05-02-2023 13:00,1164,North,Mumbai,110,Clothing,UPI,,402.9,4,1611.6,322.32,1232.68
855,05-02-2023 14:00,1421,West,Bangalore,154,Clothing,NetBanking,0.19,4416.45,1,4416.45,839.1255,4205.72
856,05-02-2023 15:00,1338,East,Delhi,357,Sports,Cash,0.27,796.52,9,7168.68,1935.5436,5555.69
857,05-02-2023 16:00,1647,West,Mumbai,164,Sports,UPI,0.25,3402.21,7,23815.47,5953.8675,17929.96
858,05-02-2023 17:00,1495,West,Mumbai,271,Sports,Card,0.28,2016.9,2,4033.8,1129.464,2982.63
859,05-02-2023 18:00,1364,East,Chennai,371,Electronics,UPI,0.26,2058.96,4,8235.84,2141.3184,5881.43
860,05-02-2023 19:00,1832,South,Pune,249,Clothing,NetBanking,0.26,3847.96,4,15391.84,4001.8784,11263.99
861,05-02-2023 20:00,1341,West,Bangalore,461,Electronics,Cash,0.02,2547.36,8,20378.88,407.5776,19888.12
862,05-02-2023 21:00,1499,South,Delhi,245,Electronics,NetBanking,0.25,3655.71,2,7311.42,1827.855,5515.07
863,05-02-2023 22:00,1656,East,Mumbai,308,Home,NetBanking,0.18,2575.44,5,12877.2,2317.896,10546.07
864,05-02-2023 23:00,1510,North,Delhi,385,Electronics,UPI,0.11,3005.24,8,24041.92,2644.6112,21058.78
865,06-02-2023 00:00,1326,North,Pune,109,Sports,UPI,0.02,,6,22965,459.3,22684.51
866,06-02-2023 01:00,1216,West,Pune,326,Clothing,NetBanking,0.2,3075.81,4,12303.24,2460.648,9670.54
867,06-02-2023 02:00,1300,East,Delhi,285,Clothing,Card,0.1,3116.51,5,15582.55,1558.255,14601
868,06-02-2023 03:00,1131,South,Bangalore,161,Electronics,Cash,0.14,3967.18,2,7934.36,1110.8104,7198.44
869,06-02-2023 04:00,1803,West,Pune,184,Sports,Card,0.2,4750.53,5,23752.65,4750.53,18503.65
870,06-02-2023 05:00,1069,East,Delhi,233,Sports,Card,0.27,1945.91,3,5837.73,1576.1871,4185.58
871,06-02-2023 06:00,1251,East,Mumbai,422,Sports,Cash,0.25,2927.87,3,8783.61,2195.9025,7070.19
872,06-02-2023 07:00,1414,South,Delhi,396,Clothing,UPI,0.14,522.74,7,3659.18,512.2852,3345.71
873,06-02-2023 08:00,1786,West,Delhi,270,Sports,Card,0.12,1858.14,3,5574.42,668.9304,4932.21
874,06-02-2023 09:00,1444,East,Chennai,312,Sports,UPI,0.07,2119.04,4,8476.16,593.3312,7185.26
875,06-02-2023 10:00,1875,East,Pune,117,Electronics,Cash,0.11,4192.66,7,29348.62,3228.3482,26055
876,06-02-2023 11:00,1181,East,Bangalore,413,Home,Card,0.03,2615.62,3,7846.86,235.4058,7674.56
877,06-02-2023 12:00,1166,South,Bangalore,159,Sports,UPI,0.29,,2,7364.46,2135.6934,4611.97
878,06-02-2023 13:00,1090,West,Chennai,187,Electronics,UPI,0.17,193.14,7,1351.98,229.8366,1306.16
879,06-02-2023 14:00,1713,West,Bangalore,126,Electronics,Card,0.04,2376.01,5,11880.05,475.202,11194.29
880,06-02-2023 15:00,1857,West,Delhi,167,Sports,Cash,0.11,4516.46,1,4516.46,496.8106,4110.04
881,06-02-2023 16:00,1530,West,Chennai,377,Home,NetBanking,0.16,,8,9593.12,1534.8992,8097.77
882,06-02-2023 17:00,1038,North,Mumbai,139,Clothing,UPI,0.16,254.46,3,763.38,122.1408,564.61
883,06-02-2023 18:00,1125,North,Pune,208,Home,Cash,0.01,2223.7,7,15565.9,155.659,15647.71
884,06-02-2023 19:00,1450,West,Pune,173,Sports,Card,0.29,3551.72,,21310.32,6179.9928,15214.71
885,06-02-2023 20:00,1172,South,Pune,165,Home,UPI,0.08,2326.87,6,13961.22,1116.8976,13659.09
886,06-02-2023 21:00,1652,North,Delhi,267,Electronics,UPI,0,2353.89,8,18831.12,0,19364.49
887,06-02-2023 22:00,1753,East,Mumbai,361,Electronics,UPI,0.02,3382.04,4,13528.16,270.5632,12953.86
888,06-02-2023 23:00,1219,North,Chennai,467,Home,Cash,0.17,1346.51,4,5386.04,915.6268,4826.46
889,07-02-2023 00:00,1637,East,Chennai,373,Clothing,UPI,0.04,3784.26,3,11352.78,454.1112,10677.68
890,07-02-2023 01:00,1057,West,Pune,436,Home,UPI,0.01,850.26,1,850.26,8.5026,489.46
891,07-02-2023 02:00,1659,North,Mumbai,457,Sports,Card,0.11,2039.18,3,6117.54,672.9294,5001.77
892,07-02-2023 03:00,1475,South,Mumbai,336,Clothing,UPI,0.19,3314.44,1,3314.44,629.7436,2577.25
893,07-02-2023 04:00,1455,North,Mumbai,314,Home,Cash,0.03,4159.01,6,24954.06,748.6218,24507.2
894,07-02-2023 05:00,1828,North,Bangalore,465,Home,Card,0.09,3978.5,8,31828,2864.52,29010.99
895,07-02-2023 06:00,1894,North,Bangalore,385,Clothing,NetBanking,0.13,3636.26,3,10908.78,1418.1414,9643.18
896,07-02-2023 07:00,1360,West,Pune,477,Home,Card,0.05,1859.57,4,7438.28,371.914,6098.24
897,07-02-2023 08:00,1934,South,Mumbai,248,Sports,UPI,0.15,,5,3496.45,524.4675,2903.28
898,07-02-2023 09:00,1000,North,Mumbai,417,Electronics,NetBanking,0.03,1162.49,7,8137.43,244.1229,7577.56
899,07-02-2023 10:00,1386,South,Chennai,493,Sports,Card,0.01,4337.69,6,26026.14,260.2614,25291.88
900,07-02-2023 11:00,1972,West,Chennai,475,Home,UPI,0.16,4300.92,2,8601.84,1376.2944,6864.39
901,07-02-2023 12:00,1347,East,Pune,206,Electronics,Card,,4762.65,7,33338.55,2333.6985,31026.13
902,07-02-2023 13:00,1189,North,Mumbai,240,Clothing,Cash,0.03,472.34,8,3778.72,113.3616,3862.69
903,07-02-2023 14:00,1504,South,Pune,175,Sports,UPI,0.13,2730.36,1,2730.36,354.9468,2102.29
904,07-02-2023 15:00,1190,South,Chennai,108,Clothing,Cash,0.27,3278.55,6,19671.3,5311.251,14536.77
905,07-02-2023 16:00,1507,West,Chennai,295,Electronics,UPI,0.22,3582.22,9,32239.98,7092.7956,25392.11
906,07-02-2023 17:00,1368,North,Bangalore,394,Home,Cash,,3254.93,7,22784.51,5468.2824,17415.11
907,07-02-2023 18:00,1408,East,Pune,379,Electronics,NetBanking,0.26,3873.06,5,19365.3,5034.978,14072.84
908,07-02-2023 19:00,1823,South,Pune,480,Electronics,Cash,0.29,1861.41,9,16752.69,4858.2801,11745.21
909,07-02-2023 20:00,1928,North,Mumbai,217,Clothing,Card,0.23,979.22,2,1958.44,450.4412,1606.33
910,07-02-2023 21:00,1933,East,Mumbai,389,Sports,UPI,0.18,1102.46,7,7717.22,1389.0996,6113.41
911,07-02-2023 22:00,1116,South,Bangalore,160,Electronics,Card,0.11,158.7,9,1428.3,157.113,1465.18
912,07-02-2023 23:00,1133,South,Delhi,488,Home,Cash,0.05,1816.58,2,3633.16,181.658,3119.1
913,08-02-2023 00:00,1057,East,Delhi,434,Electronics,UPI,0.21,549.55,6,3297.3,692.433,2719.15
914,08-02-2023 01:00,1555,East,Delhi,405,Clothing,Cash,0.3,1675.29,9,15077.61,4523.283,10826.41
915,08-02-2023 02:00,1684,West,Pune,487,Sports,NetBanking,0.14,3178.23,3,9534.69,1334.8566,8257.27
916,08-02-2023 03:00,1671,North,Pune,150,Home,NetBanking,0.22,4482.94,8,35863.52,7889.9744,27676.4
917,08-02-2023 04:00,1172,North,Chennai,151,Clothing,NetBanking,0.15,4214.07,5,21070.35,3160.5525,17420.67
918,08-02-2023 05:00,1828,West,Pune,221,Electronics,Cash,,1338.1,7,9366.7,1217.671,7816.85
919,08-02-2023 06:00,1814,South,Pune,266,Electronics,Cash,0.12,757.01,3,2271.03,272.5236,2144.72
920,08-02-2023 07:00,1148,East,Pune,107,Sports,NetBanking,0.15,1046.05,8,8368.4,1255.26,7051.35
921,08-02-2023 08:00,1079,East,Bangalore,468,Clothing,Cash,0.11,4857.83,2,9715.66,1068.7226,8466.78
922,08-02-2023 09:00,1885,East,Pune,144,Clothing,Card,0.22,2792.42,8,22339.36,4914.6592,17544.02
923,08-02-2023 10:00,1212,South,Mumbai,443,Sports,Cash,0.26,994.26,2,1988.52,517.0152,875.72
924,08-02-2023 11:00,1202,East,Mumbai,344,Home,Card,,4219.66,7,29537.62,7679.7812,21779.19
925,08-02-2023 12:00,1763,East,Chennai,383,Clothing,NetBanking,0.07,2036.44,2,4072.88,285.1016,3455.76
926,08-02-2023 13:00,1228,West,Bangalore,474,Sports,Cash,0.27,4506.19,7,31543.33,8516.6991,22621.47
927,08-02-2023 14:00,1675,South,Mumbai,206,Clothing,NetBanking,0.1,1377.32,1,1377.32,137.732,1085.21
928,08-02-2023 15:00,1226,North,Bangalore,126,Sports,UPI,0.09,2026.79,6,12160.74,1094.4666,11807.92
929,08-02-2023 16:00,1658,West,Bangalore,292,Electronics,Cash,0.22,2574.24,7,18019.68,3964.3296,14244.99
930,08-02-2023 17:00,1531,West,Chennai,436,Electronics,Cash,0.09,4473.82,4,17895.28,1610.5752,15945.53
931,08-02-2023 18:00,1440,North,Bangalore,456,Clothing,NetBanking,0.02,4356.91,1,4356.91,87.1382,4633.05
932,08-02-2023 19:00,1401,West,Pune,161,Clothing,NetBanking,0.11,2914.34,6,17486.04,1923.4644,15170.57
933,08-02-2023 20:00,1046,South,Bangalore,161,Electronics,NetBanking,0.22,1186.7,4,4746.8,1044.296,4157.7
934,08-02-2023 21:00,1232,East,Chennai,381,Home,UPI,0.1,2076.45,3,6229.35,622.935,5341.96
935,08-02-2023 22:00,1304,South,Chennai,220,Sports,UPI,0.19,4880.6,4,19522.4,3709.256,15846
936,08-02-2023 23:00,1525,North,Chennai,379,Home,NetBanking,0.2,3078.09,6,18468.54,3693.708,15400.52
937,09-02-2023 00:00,1142,North,Mumbai,138,Home,Cash,0.22,3927.38,5,19636.9,4320.118,15211.67
938,09-02-2023 01:00,1414,West,Pune,479,Home,Cash,0.27,2304.34,2,4608.68,1244.3436,3915.66
939,09-02-2023 02:00,1512,South,Mumbai,376,Electronics,NetBanking,0.13,2706.84,2,5413.68,703.7784,4688.26
940,09-02-2023 03:00,1372,South,Delhi,193,Clothing,Card,,2201.88,3,6605.64,330.282,6249.23
941,09-02-2023 04:00,1565,North,Pune,214,Home,UPI,0.1,3544.31,6,21265.86,2126.586,18873.45
942,09-02-2023 05:00,1885,South,Bangalore,275,Electronics,UPI,0.13,4272.21,,4272.21,555.3873,4140.55
943,09-02-2023 06:00,1258,North,Chennai,220,Sports,Card,0.21,2586.08,7,18102.56,3801.5376,14152.34
944,09-02-2023 07:00,1655,South,Delhi,112,Clothing,NetBanking,0,,8,19650,0,20221.55
945,09-02-2023 08:00,1470,South,Pune,486,Sports,Cash,0.09,1767.4,,12371.8,1113.462,11070.01
946,09-02-2023 09:00,1952,South,Mumbai,262,Home,Cash,0.23,967.77,3,2903.31,667.7613,2098.96
947,09-02-2023 10:00,1970,North,Chennai,374,Clothing,UPI,0.2,4702.31,,28213.86,5642.772,22872.27
948,09-02-2023 11:00,1011,West,Mumbai,497,Home,Card,0.22,1648.79,4,6595.16,1450.9352,5111.68
949,09-02-2023 12:00,1329,South,Pune,275,Clothing,Cash,0.24,4023.39,5,20116.95,4828.068,15375.41
950,09-02-2023 13:00,1735,North,Pune,436,Home,UPI,0.23,3605.2,3,10815.6,2487.588,7935.31
951,09-02-2023 14:00,1783,North,Delhi,478,Sports,Cash,0.2,3975.5,5,19877.5,3975.5,15935.06
952,09-02-2023 15:00,1967,South,Bangalore,423,Sports,Cash,0.13,4690.16,6,28140.96,3658.3248,24593.96
953,09-02-2023 16:00,1357,South,Mumbai,272,Home,Cash,0.3,3154.52,8,25236.16,7570.848,18182.6
954,09-02-2023 17:00,1971,West,Delhi,374,Clothing,UPI,0.17,4499.96,6,26999.76,4589.9592,22266.27
955,09-02-2023 18:00,1407,North,Chennai,163,Sports,Card,0.06,921.72,9,8295.48,497.7288,7899
956,09-02-2023 19:00,1667,North,Bangalore,200,Clothing,NetBanking,0.09,3170.89,4,12683.56,1141.5204,11905.11
957,09-02-2023 20:00,1372,East,Delhi,421,Clothing,Card,0.21,3884.15,,7768.3,1631.343,6149.74
958,09-02-2023 21:00,1007,North,Mumbai,165,Sports,Cash,0.28,1431.04,9,12879.36,3606.2208,9598.99
959,09-02-2023 22:00,1121,West,Pune,430,Electronics,Card,0.05,3729.69,3,11189.07,559.4535,11379.1
960,09-02-2023 23:00,1347,East,Chennai,144,Electronics,Cash,0.02,3914.54,7,27401.78,548.0356,26862.62
961,10-02-2023 00:00,1675,East,Mumbai,186,Clothing,UPI,0.26,4172.82,4,16691.28,4339.7328,12748.64
962,10-02-2023 01:00,1089,East,Bangalore,166,Sports,UPI,0.27,,1,1633.13,440.9451,1346.64
963,10-02-2023 02:00,1647,South,Bangalore,358,Electronics,UPI,0.08,3439.87,8,27518.96,2201.5168,25574.68
964,10-02-2023 03:00,1697,South,Pune,304,Home,Cash,0.11,1590.84,4,6363.36,699.9696,5874.89
965,10-02-2023 04:00,1315,North,Pune,277,Clothing,Card,0.2,3721.3,6,22327.8,4465.56,18182.19
966,10-02-2023 05:00,1177,East,Chennai,379,Electronics,NetBanking,,2368.57,7,16579.99,1657.999,15222.08
967,10-02-2023 06:00,1539,West,Chennai,443,Sports,NetBanking,0.26,3027.97,8,24223.76,6298.1776,17904.5
968,10-02-2023 07:00,1731,South,Pune,116,Sports,UPI,0.03,2137.62,2,4275.24,128.2572,3980.19
969,10-02-2023 08:00,1868,West,Pune,395,Clothing,NetBanking,0.01,893.72,9,8043.48,80.4348,8090.66
970,10-02-2023 09:00,1040,West,Bangalore,301,Sports,Cash,0.06,972.34,3,2917.02,175.0212,2306.07
971,10-02-2023 10:00,1739,South,Pune,271,Home,Card,,480.09,1,480.09,43.2081,622.47
972,10-02-2023 11:00,1703,South,Delhi,361,Home,NetBanking,0.03,,2,6257.12,187.7136,6293.17
973,10-02-2023 12:00,1922,South,Mumbai,293,Electronics,NetBanking,0.02,4258.33,8,34066.64,681.3328,33331.65
974,10-02-2023 13:00,1501,South,Pune,248,Sports,Card,0.23,202.1,6,1212.6,278.898,946.96
975,10-02-2023 14:00,1958,East,Chennai,474,Home,NetBanking,0.05,424.57,1,424.57,21.2285,676.9
976,10-02-2023 15:00,1144,East,Delhi,475,Clothing,Card,0.27,2341.59,9,21074.31,5690.0637,15608.39
977,10-02-2023 16:00,1200,East,Chennai,134,Sports,Cash,0.11,3714.83,7,26003.81,2860.4191,23421.43
978,10-02-2023 17:00,1928,East,Delhi,468,Electronics,Cash,0.2,,3,2618.31,523.662,2327.75
979,10-02-2023 18:00,1723,North,Pune,128,Clothing,Cash,0.07,1431.09,7,10017.63,701.2341,9348.29
980,10-02-2023 19:00,1460,East,Mumbai,362,Clothing,UPI,0.07,1236.83,6,7420.98,519.4686,6897.05
981,10-02-2023 20:00,1731,South,Chennai,320,Clothing,Cash,0.17,2055.35,3,6166.05,1048.2285,5244.52
982,10-02-2023 21:00,1751,West,Delhi,152,Home,NetBanking,0.17,1202.49,8,9619.92,1635.3864,8420.58
983,10-02-2023 22:00,1924,East,Bangalore,378,Clothing,UPI,0.23,1827.73,1,1827.73,420.3779,1486.63
984,10-02-2023 23:00,1908,North,Pune,452,Home,UPI,0.23,3669.86,5,18349.3,4220.339,14520.51
985,11-02-2023 00:00,1557,South,Mumbai,491,Clothing,UPI,0.2,3093.95,8,24751.6,4950.32,19191.46
986,11-02-2023 01:00,1546,West,Pune,175,Home,Cash,0.13,497.79,3,1493.37,194.1381,1395.72
987,11-02-2023 02:00,1252,West,Bangalore,275,Sports,UPI,0.27,3224.95,6,19349.7,5224.419,14150.07
988,11-02-2023 03:00,1389,East,Mumbai,109,Home,Cash,0.19,2437.68,2,4875.36,926.3184,3449.3
989,11-02-2023 04:00,1593,West,Bangalore,216,Home,Cash,0.3,4679.37,9,42114.33,12634.299,29025.47
990,11-02-2023 05:00,1882,East,Pune,379,Sports,UPI,0.25,1517.59,2,3035.18,758.795,2414.78
991,11-02-2023 06:00,1255,East,Delhi,317,Clothing,UPI,0.01,3658.22,5,18291.1,182.911,18140.33
992,11-02-2023 07:00,1708,South,Pune,274,Sports,NetBanking,0.1,3681.22,3,11043.66,1104.366,10176.43
993,11-02-2023 08:00,1814,South,Pune,333,Clothing,UPI,0.17,1185.35,9,10668.15,1813.5855,8075.52
994,11-02-2023 09:00,1920,North,Pune,351,Home,Cash,0.22,4525.8,9,40732.2,8961.084,32091.94
995,11-02-2023 10:00,1449,South,Chennai,394,Clothing,NetBanking,0.17,2506.8,7,17547.6,2983.092,14887.55
996,11-02-2023 11:00,1009,South,Bangalore,421,Home,NetBanking,0.24,3426.53,5,17132.65,4111.836,12605.84
997,11-02-2023 12:00,1823,East,Bangalore,105,Clothing,Cash,0.08,814.69,9,7332.21,586.5768,7168.03
998,11-02-2023 13:00,1797,South,Bangalore,120,Home,UPI,0.06,1363.24,7,9542.68,572.5608,9507.24
999,11-02-2023 14:00,1241,East,Chennai,172,Home,UPI,0.02,2971.92,,5943.84,118.8768,5424.87
1000,11-02-2023 15:00,1250,East,Delhi,429,Electronics,Card,0.17,,1,1663.23,282.7491,1412.77
1001,11-02-2023 16:00,1876,South,Pune,135,Clothing,UPI,0.21,2548.5,4,10194,2140.74,8112.72
1002,11-02-2023 17:00,1004,North,Delhi,486,Clothing,Card,0.1,1932.63,8,15461.04,1546.104,13375.64
1003,11-02-2023 18:00,1118,North,Chennai,332,Electronics,NetBanking,0.18,,6,19432.26,3497.8068,15835.44
1004,11-02-2023 19:00,1800,West,Bangalore,315,Home,NetBanking,0.02,2487.01,2,4974.02,99.4804,5295.77
1005,11-02-2023 20:00,1373,West,Pune,305,Home,NetBanking,0.03,122.59,5,612.95,18.3885,336.57
1006,11-02-2023 21:00,1064,South,Mumbai,143,Electronics,Card,0.21,3283.44,9,29550.96,6205.7016,23893.86
1007,11-02-2023 22:00,1145,North,Mumbai,190,Electronics,Cash,0.11,2168.4,6,13010.4,1431.144,11689.82
1008,11-02-2023 23:00,1223,East,Delhi,415,Sports,Cash,0.2,1774.32,6,10645.92,2129.184,8279.32
1009,12-02-2023 00:00,1238,West,Bangalore,192,Home,NetBanking,,561.32,7,3929.24,982.31,2960.47
1010,12-02-2023 01:00,1176,East,Mumbai,438,Sports,Card,0.26,1179.81,5,5899.05,1533.753,3926.26
1011,12-02-2023 02:00,1778,West,Delhi,182,Clothing,Card,0.05,1196.48,3,3589.44,179.472,3538.44
1012,12-02-2023 03:00,1852,South,Chennai,432,Sports,NetBanking,0.15,4683.31,3,14049.93,2107.4895,11884.76
1013,12-02-2023 04:00,1281,North,Delhi,381,Electronics,UPI,0.22,2219.31,5,11096.55,2441.241,8527.45
1014,12-02-2023 05:00,1062,West,Delhi,120,Electronics,NetBanking,0.23,306.12,4,1224.48,281.6304,509.02
1015,12-02-2023 06:00,1216,North,Delhi,327,Electronics,Card,0.24,780.2,5,3901,936.24,2940.48
1016,12-02-2023 07:00,1853,East,Pune,475,Electronics,UPI,0.07,487.26,9,4385.34,306.9738,4139.9
1017,12-02-2023 08:00,1826,South,Delhi,229,Sports,Cash,0.06,2985.46,5,14927.3,895.638,13620.56
1018,12-02-2023 09:00,1794,North,Delhi,274,Sports,UPI,0.18,1014.45,4,4057.8,730.404,3651.73
1019,12-02-2023 10:00,1688,South,Pune,207,Sports,Cash,,2542.93,4,10171.72,2237.7784,8017.32
1020,12-02-2023 11:00,1460,North,Pune,382,Electronics,Card,0.1,1913.3,1,1913.3,191.33,1467.48
1021,12-02-2023 12:00,1928,East,Chennai,170,Electronics,NetBanking,0.03,4038.99,4,16155.96,484.6788,15642.65
1022,12-02-2023 13:00,1609,East,Bangalore,149,Home,NetBanking,0.22,1670.4,4,6681.6,1469.952,5462.73
1023,12-02-2023 14:00,1104,South,Mumbai,194,Home,NetBanking,0.09,2345.5,9,21109.5,1899.855,19620.54
1024,12-02-2023 15:00,1098,East,Mumbai,378,Electronics,NetBanking,0.05,3634.3,4,14537.2,726.86,14286.43
1025,12-02-2023 16:00,1510,West,Delhi,496,Home,NetBanking,0.04,2223.42,7,15563.94,622.5576,15481.45
1026,12-02-2023 17:00,1384,North,Chennai,436,Clothing,Card,0.09,3986.76,1,3986.76,358.8084,3228.83
1027,12-02-2023 18:00,1404,East,Delhi,231,Clothing,Card,0.18,3342.25,7,23395.75,4211.235,18971.51
1028,12-02-2023 19:00,1822,West,Mumbai,497,Electronics,NetBanking,0.11,2111.59,2,4223.18,464.5498,3338.28
1029,12-02-2023 20:00,1517,South,Pune,375,Sports,UPI,0.01,2569.51,8,20556.08,205.5608,20677.81
1030,12-02-2023 21:00,1475,West,Bangalore,479,Clothing,NetBanking,0.03,4839.3,1,4839.3,145.179,4642.26
1031,12-02-2023 22:00,1976,South,Chennai,112,Clothing,Cash,0.09,3341.9,3,10025.7,902.313,9502.21
1032,12-02-2023 23:00,1708,South,Pune,102,Sports,Cash,0.2,4534.48,8,36275.84,7255.168,28595.52
1033,13-02-2023 00:00,1862,North,Bangalore,323,Home,Cash,,975.92,8,7807.36,234.2208,7366.38
1034,13-02-2023 01:00,1644,North,Chennai,274,Sports,Cash,0.17,2467.86,,12339.3,2097.681,10002.14
1035,13-02-2023 02:00,1869,West,Chennai,486,Home,NetBanking,0.04,4552.44,5,22762.2,910.488,22223.24
1036,13-02-2023 03:00,1770,North,Mumbai,484,Home,Cash,0.06,1680.8,8,13446.4,806.784,12849.85
1037,13-02-2023 04:00,1436,North,Pune,189,Sports,UPI,0.05,4841.55,5,24207.75,1210.3875,22388.66
1038,13-02-2023 05:00,1022,North,Chennai,340,Home,NetBanking,,575.68,9,5181.12,103.6224,4937.66
1039,13-02-2023 06:00,1996,West,Chennai,134,Clothing,Cash,0.2,4523.09,1,4523.09,904.618,3906.3
1040,13-02-2023 07:00,1564,East,Bangalore,113,Electronics,NetBanking,0.14,2281.54,5,11407.7,1597.078,10144.68
1041,13-02-2023 08:00,1676,North,Mumbai,294,Home,NetBanking,0.25,461.35,3,1384.05,346.0125,1162.13
1042,13-02-2023 09:00,1713,North,Delhi,496,Clothing,NetBanking,0.03,4409.66,3,13228.98,396.8694,12886.33
1043,13-02-2023 10:00,1457,West,Mumbai,405,Sports,Card,0.04,1334.51,2,2669.02,106.7608,2283.07
1044,13-02-2023 11:00,1082,East,Delhi,433,Home,Cash,0.09,209.03,3,627.09,56.4381,891.71
1045,13-02-2023 12:00,1144,North,Pune,312,Clothing,Card,0.23,,7,5358.15,1232.3745,3766.7
1046,13-02-2023 13:00,1084,South,Pune,102,Home,UPI,0.09,3329.66,8,26637.28,2397.3552,23756.52
1047,13-02-2023 14:00,1077,West,Chennai,278,Sports,UPI,0.12,4891.28,8,39130.24,4695.6288,34496.91
1048,13-02-2023 15:00,1456,North,Pune,139,Electronics,Card,0.09,,8,5169.28,465.2352,4571.07
1049,13-02-2023 16:00,1877,North,Chennai,263,Home,Cash,0.02,2363.55,1,2363.55,47.271,2533.34
1050,13-02-2023 17:00,1000,South,Mumbai,406,Electronics,NetBanking,0.28,985.12,7,6895.84,1930.8352,5110.36
1051,13-02-2023 18:00,1050,South,Pune,334,Home,UPI,0.16,3750.68,2,7501.36,1200.2176,6813.47
1052,13-02-2023 19:00,1684,West,Mumbai,356,Home,UPI,0.24,678.49,4,2713.96,651.3504,2183.97
1053,13-02-2023 20:00,1716,West,Mumbai,459,Sports,UPI,0.2,1275.22,5,6376.1,1275.22,5418.83
1054,13-02-2023 21:00,1771,South,Pune,490,Home,Cash,0.15,1062.39,1,1062.39,159.3585,647.62
1055,13-02-2023 22:00,1445,West,Mumbai,472,Clothing,Card,0.03,2807.35,4,11229.4,336.882,11106
1056,13-02-2023 23:00,1448,South,Pune,215,Clothing,Card,0.19,4378.6,4,17514.4,3327.736,14103.68
1057,14-02-2023 00:00,1880,North,Pune,151,Electronics,Cash,0.05,2604.34,9,23439.06,1171.953,22118.91
1058,14-02-2023 01:00,1487,South,Pune,475,Electronics,UPI,0.12,385.39,9,3468.51,416.2212,2781.53
1059,14-02-2023 02:00,1799,South,Delhi,494,Clothing,Cash,,2860.61,,2860.61,543.5159,2779.81
1060,14-02-2023 03:00,1033,East,Mumbai,241,Electronics,Cash,0.23,4007.85,8,32062.8,7374.444,24686.29
1061,14-02-2023 04:00,1347,South,Bangalore,185,Electronics,Card,0.21,747.57,4,2990.28,627.9588,2125.8
1062,14-02-2023 05:00,1094,South,Pune,145,Clothing,Cash,0.2,456.28,4,1825.12,365.024,1663.52
1063,14-02-2023 06:00,1071,East,Mumbai,431,Clothing,Cash,0.04,1020.26,5,5101.3,204.052,4765.26
1064,14-02-2023 07:00,1550,West,Chennai,337,Clothing,UPI,0.1,3755.82,2,7511.64,751.164,6520.94
1065,14-02-2023 08:00,1153,East,Pune,109,Sports,NetBanking,0.01,2999.23,1,2999.23,29.9923,3839.89
1066,14-02-2023 09:00,1249,North,Pune,251,Sports,UPI,0.22,2748.91,5,13744.55,3023.801,10358.12
1067,14-02-2023 10:00,1673,East,Bangalore,160,Clothing,Card,0.29,1322.45,7,9257.15,2684.5735,7132.11
1068,14-02-2023 11:00,1437,North,Delhi,117,Home,NetBanking,0.08,1727.96,9,15551.64,1244.1312,14064.39
1069,14-02-2023 12:00,1117,West,Delhi,185,Clothing,UPI,0.03,4832.84,2,9665.68,289.9704,9563.51
1070,14-02-2023 13:00,1770,East,Pune,236,Sports,Cash,0.14,1279.06,8,10232.48,1432.5472,8769.45
1071,14-02-2023 14:00,1890,East,Mumbai,329,Electronics,Cash,0.26,4518.06,7,31626.42,8222.8692,23624.47
1072,14-02-2023 15:00,1305,West,Chennai,227,Home,NetBanking,0.17,2944.6,2,5889.2,1001.164,4473.44
1073,14-02-2023 16:00,1267,North,Chennai,203,Home,NetBanking,0.01,704.15,5,3520.75,35.2075,3034.32
1074,14-02-2023 17:00,1960,East,Mumbai,285,Electronics,Cash,0.29,2389.83,7,16728.81,4851.3549,12107.54
1075,14-02-2023 18:00,1053,North,Pune,496,Home,Card,0.25,4747.89,3,14243.67,3560.9175,10148.7
1076,14-02-2023 19:00,1235,East,Chennai,277,Electronics,UPI,0.04,2150.97,2,4301.94,172.0776,3779.27
1077,14-02-2023 20:00,1388,South,Delhi,456,Sports,Cash,0.28,4330.59,,25983.54,7275.3912,18681.23
1078,14-02-2023 21:00,1989,East,Mumbai,105,Home,UPI,0.14,1356.5,6,8139,1139.46,6611.29
1079,14-02-2023 22:00,1733,West,Bangalore,440,Home,UPI,0.11,,4,11590.08,1274.9088,9965.16
1080,14-02-2023 23:00,1762,West,Pune,406,Electronics,UPI,0.14,4234.88,1,4234.88,592.8832,3518.68
1081,15-02-2023 00:00,1824,North,Mumbai,135,Electronics,UPI,0.25,4611.37,5,23056.85,5764.2125,16637.28
1082,15-02-2023 01:00,1400,East,Chennai,426,Sports,Card,0.2,2480.53,1,2480.53,496.106,1564.16
1083,15-02-2023 02:00,1623,North,Pune,455,Electronics,Card,0.02,3234.47,8,25875.76,517.5152,25760.28
1084,15-02-2023 03:00,1766,North,Delhi,380,Electronics,Card,0.29,114.6,2,229.2,66.468,449.81
1085,15-02-2023 04:00,1302,South,Pune,494,Sports,Cash,0.04,1340.79,9,12067.11,482.6844,12263.97
1086,15-02-2023 05:00,1918,South,Pune,399,Clothing,Cash,0.22,1465.69,9,13191.21,2902.0662,10467.57
1087,15-02-2023 06:00,1206,West,Delhi,113,Clothing,Cash,0.19,558.12,3,1674.36,318.1284,6986.88
1088,15-02-2023 07:00,1228,North,Delhi,336,Electronics,Card,0.06,1470.51,6,8823.06,529.3836,8167.22
1089,15-02-2023 08:00,1852,West,Pune,384,Sports,UPI,,1673.5,9,15061.5,753.075,14252.29
1090,15-02-2023 09:00,1909,East,Delhi,429,Clothing,Card,0.26,4846.95,7,33928.65,8821.449,25231.07
1091,15-02-2023 10:00,1577,North,Mumbai,149,Sports,Cash,0.13,3376.15,4,13504.6,1755.598,11180.86
1092,15-02-2023 11:00,1074,North,Delhi,360,Electronics,NetBanking,0.2,2187.42,3,6562.26,1312.452,5413.54
1093,15-02-2023 12:00,1434,East,Delhi,209,Electronics,Cash,0.15,4941.47,2,9882.94,1482.441,8213.35
1094,15-02-2023 13:00,1102,East,Pune,296,Sports,UPI,0.22,850.84,1,850.84,187.1848,526.81
1095,15-02-2023 14:00,1421,West,Mumbai,477,Home,Card,0.14,2432.65,1,2432.65,340.571,2391.26
1096,15-02-2023 15:00,1703,West,Bangalore,351,Electronics,NetBanking,0.09,3270.6,4,13082.4,1177.416,11439.35
1097,15-02-2023 16:00,1763,East,Bangalore,187,Electronics,NetBanking,0.11,372.35,4,1489.4,163.834,1342.12
1098,15-02-2023 17:00,1737,West,Chennai,412,Electronics,UPI,0.26,3613.29,9,32519.61,8455.0986,24198.87
1099,15-02-2023 18:00,1805,East,Delhi,125,Electronics,Card,0.14,589.35,1,589.35,82.509,347.74
1100,15-02-2023 19:00,1305,North,Delhi,361,Sports,NetBanking,0.06,787.38,4,3149.52,188.9712,2971.75
1101,15-02-2023 20:00,1097,North,Mumbai,243,Sports,Cash,0.28,882.48,,2647.44,741.2832,1931.79
1102,15-02-2023 21:00,1849,South,Bangalore,159,Sports,UPI,,,9,41864.04,10047.3696,32085.9
1103,15-02-2023 22:00,1797,North,Chennai,455,Sports,NetBanking,0.02,3447.85,5,17239.25,344.785,67358.96
1104,15-02-2023 23:00,1334,East,Mumbai,367,Home,UPI,,3311.59,9,29804.31,8941.293,20487.33
1105,16-02-2023 00:00,1858,West,Delhi,174,Sports,Card,0.21,2821.92,6,16931.52,3555.6192,13202.53
1106,16-02-2023 01:00,1434,South,Bangalore,102,Sports,Card,0.05,1534.75,9,13812.75,690.6375,13017.48
1107,16-02-2023 02:00,1446,West,Chennai,162,Electronics,Card,0.07,3142.36,1,3142.36,219.9652,2682.1
1108,16-02-2023 03:00,1993,East,Pune,335,Home,Cash,0.21,2109.73,4,8438.92,1772.1732,6723.57
1109,16-02-2023 04:00,1307,North,Bangalore,328,Electronics,NetBanking,0.23,,4,3250.16,747.5368,2545.11
1110,16-02-2023 05:00,1248,South,Chennai,489,Home,Card,0.07,3479.03,6,20874.18,1461.1926,19439.94
1111,16-02-2023 06:00,1165,East,Mumbai,374,Clothing,Cash,0.08,734.95,1,734.95,58.796,406.9
1112,16-02-2023 07:00,1480,South,Pune,117,Home,Card,0.09,1034.28,5,5171.4,465.426,4744.91
1113,16-02-2023 08:00,1983,South,Chennai,179,Home,Card,0.18,4106.73,3,12320.19,2217.6342,10489.05
1114,16-02-2023 09:00,1334,North,Chennai,314,Electronics,NetBanking,0.05,3334.57,1,3334.57,166.7285,3256.21
1115,16-02-2023 10:00,1541,East,Delhi,270,Home,Cash,0.03,3191.86,6,19151.16,574.5348,18898.32
1116,16-02-2023 11:00,1758,West,Bangalore,428,Home,Card,0.2,2149.19,3,6447.57,1289.514,5190.73
1117,16-02-2023 12:00,1105,South,Delhi,354,Electronics,Cash,0.23,2041.77,4,8167.08,1878.4284,6097.47
1118,16-02-2023 13:00,1562,South,Pune,486,Clothing,Cash,0.15,3482.29,,31340.61,4701.0915,26897.62
1119,16-02-2023 14:00,1080,West,Chennai,225,Clothing,Card,0.11,3726.03,2,7452.06,819.7266,6210.15
1120,16-02-2023 15:00,1132,East,Delhi,354,Clothing,Card,0.13,,1,2600.04,338.0052,2094.54
1121,16-02-2023 16:00,1796,South,Bangalore,171,Home,UPI,0.12,4849.42,6,29096.52,3491.5824,25562.55
1122,16-02-2023 17:00,1899,South,Pune,137,Electronics,NetBanking,0.29,4782.93,1,4782.93,1387.0497,3591.71
1123,16-02-2023 18:00,1137,South,Mumbai,423,Clothing,Card,0.23,2120.9,1,2120.9,487.807,2015.46
1124,16-02-2023 19:00,1183,East,Delhi,303,Clothing,UPI,0.06,4121.05,7,28847.35,1730.841,27370.45
1125,16-02-2023 20:00,1400,East,Pune,271,Clothing,NetBanking,0.12,2762.01,2,5524.02,662.8824,5084.98
1126,16-02-2023 21:00,1329,West,Mumbai,322,Clothing,Card,0.16,2607.6,4,10430.4,1668.864,9020.92
1127,16-02-2023 22:00,1784,East,Delhi,316,Electronics,Cash,0.18,369.32,4,1477.28,265.9104,1512.57
1128,16-02-2023 23:00,1507,East,Pune,344,Clothing,NetBanking,,2912.48,2,5824.96,815.4944,4668.18
1129,17-02-2023 00:00,1851,North,Pune,435,Home,Cash,0.24,4512.83,6,27076.98,6498.4752,21239.95
1130,17-02-2023 01:00,1983,West,Delhi,290,Home,UPI,0.23,3922.66,2,7845.32,1804.4236,6373.81
1131,17-02-2023 02:00,1068,South,Pune,397,Electronics,Card,0.15,3952.95,8,31623.6,4743.54,26825.77
1132,17-02-2023 03:00,1545,East,Chennai,419,Sports,UPI,0.26,883.65,4,3534.6,918.996,2727
1133,17-02-2023 04:00,1773,South,Delhi,281,Clothing,Card,0.23,1856.4,1,1856.4,426.972,1035.39
1134,17-02-2023 05:00,1052,South,Pune,433,Clothing,Card,0.23,1242.7,7,8698.9,2000.747,6620.2
1135,17-02-2023 06:00,1449,North,Mumbai,482,Home,Cash,0.29,1647.98,6,9887.88,2867.4852,6917.76
1136,17-02-2023 07:00,1204,East,Mumbai,304,Electronics,UPI,0.08,2939.74,6,17638.44,1411.0752,16100.04
1137,17-02-2023 08:00,1125,West,Chennai,460,Sports,Cash,0.08,1887.44,3,5662.32,452.9856,5453.66
1138,17-02-2023 09:00,1746,East,Delhi,298,Home,Cash,0.27,2847.42,7,19931.94,5381.6238,14581.6
1139,17-02-2023 10:00,1042,South,Pune,431,Sports,Cash,0.23,2248.66,6,13491.96,3103.1508,10030.49
1140,17-02-2023 11:00,1751,West,Pune,264,Electronics,UPI,0.28,1504.42,9,13539.78,3791.1384,9395.99
1141,17-02-2023 12:00,1970,East,Mumbai,341,Electronics,Card,0.02,567.48,3,1702.44,34.0488,1078.94
1142,17-02-2023 13:00,1882,South,Chennai,487,Electronics,Card,0.19,4470.01,3,13410.03,2547.9057,11126.04
1143,17-02-2023 14:00,1110,South,Mumbai,229,Home,UPI,0.04,155.73,4,622.92,24.9168,530.62
1144,17-02-2023 15:00,1760,North,Mumbai,326,Electronics,Card,0.15,108.1,3,324.3,48.645,502.06
1145,17-02-2023 16:00,1662,North,Chennai,221,Home,UPI,0.05,4151.31,4,16605.24,830.262,16717
1146,17-02-2023 17:00,1182,North,Delhi,143,Home,UPI,0.04,4984.37,6,29906.22,1196.2488,28440.32
1147,17-02-2023 18:00,1847,South,Pune,295,Clothing,Card,0,3662.8,1,3662.8,0,3760.89
1148,17-02-2023 19:00,1094,East,Delhi,457,Home,NetBanking,0.19,174.84,2,349.68,66.4392,716.2
1149,17-02-2023 20:00,1970,North,Bangalore,303,Home,Cash,0.11,1210.78,6,7264.68,799.1148,6318.87
1150,17-02-2023 21:00,1373,East,Bangalore,417,Clothing,UPI,0.03,,6,29171.58,875.1474,28194.67
1151,17-02-2023 22:00,1911,North,Bangalore,356,Sports,UPI,0.1,,1,4062.16,406.216,3815.04
1152,17-02-2023 23:00,1519,West,Chennai,116,Clothing,NetBanking,,2877.32,6,17263.92,863.196,17163.59
1153,18-02-2023 00:00,1899,West,Mumbai,371,Clothing,UPI,0.28,1260.62,9,11345.58,3176.7624,8359.73
1154,18-02-2023 01:00,1359,North,Delhi,108,Electronics,UPI,0.1,170.41,8,1363.28,136.328,974.11
1155,18-02-2023 02:00,1899,South,Pune,348,Electronics,Card,0.1,202.22,5,1011.1,101.11,693.43
1156,18-02-2023 03:00,1695,North,Bangalore,300,Clothing,Card,0.25,3098.71,4,12394.84,3098.71,9149.61
1157,18-02-2023 04:00,1280,North,Delhi,158,Electronics,NetBanking,0.19,206.98,6,1241.88,235.9572,460.05
1158,18-02-2023 05:00,1194,South,Bangalore,474,Clothing,UPI,0.21,4968.79,5,24843.95,5217.2295,19578.92
1159,18-02-2023 06:00,1863,West,Bangalore,492,Electronics,Cash,0.19,998.58,,5991.48,1138.3812,4855.34
1160,18-02-2023 07:00,1194,East,Pune,239,Home,Card,0.28,3582.47,3,10747.41,3009.2748,7751.95
1161,18-02-2023 08:00,1666,North,Chennai,218,Electronics,Cash,0.06,859.79,7,6018.53,361.1118,5222.46
1162,18-02-2023 09:00,1092,South,Mumbai,140,Electronics,Cash,0.3,2746.46,8,21971.68,6591.504,15483.77
1163,18-02-2023 10:00,1671,North,Chennai,498,Home,NetBanking,0.25,495,5,2475,618.75,1561.06
1164,18-02-2023 11:00,1945,South,Delhi,421,Clothing,NetBanking,0.18,3857.21,5,19286.05,3471.489,15742.88
1165,18-02-2023 12:00,1060,East,Chennai,430,Electronics,UPI,0.2,2966.11,4,11864.44,2372.888,9268.77
1166,18-02-2023 13:00,1633,East,Delhi,366,Electronics,NetBanking,0.19,522.22,5,2611.1,496.109,2461.39
1167,18-02-2023 14:00,1050,West,Delhi,107,Home,Card,0.02,4258.07,8,34064.56,681.2912,33177.71
1168,18-02-2023 15:00,1402,South,Mumbai,282,Home,UPI,0.07,2780.39,5,13901.95,973.1365,13332.5
1169,18-02-2023 16:00,1788,South,Pune,233,Home,UPI,0.29,4615.8,9,41542.2,12047.238,29535.85
1170,18-02-2023 17:00,1004,West,Mumbai,280,Sports,Cash,0.16,4591.45,1,4591.45,734.632,3982.77
1171,18-02-2023 18:00,1465,West,Chennai,454,Home,Cash,0.11,4610.49,7,32273.43,3550.0773,28748.34
1172,18-02-2023 19:00,1603,South,Delhi,171,Clothing,Cash,0.23,481.15,5,2405.75,553.3225,1596.75
1173,18-02-2023 20:00,1681,West,Bangalore,212,Electronics,UPI,0.16,692.69,4,2770.76,443.3216,2449.24
1174,18-02-2023 21:00,1828,East,Bangalore,206,Electronics,NetBanking,0,4939.76,3,14819.28,0,14690.3
1175,18-02-2023 22:00,1533,North,Delhi,389,Sports,NetBanking,0.22,2489.24,,17424.68,3833.4296,13686.53
1176,18-02-2023 23:00,1404,East,Mumbai,412,Electronics,NetBanking,0.22,1267.25,2,2534.5,557.59,2158.09
1177,19-02-2023 00:00,1837,West,Pune,216,Electronics,UPI,0.05,3871.36,5,19356.8,967.84,18961.09
1178,19-02-2023 01:00,1512,South,Mumbai,219,Clothing,UPI,0.29,1395,2,2790,809.1,2122.16
1179,19-02-2023 02:00,1644,South,Delhi,246,Electronics,UPI,0.07,3663.36,7,25643.52,1795.0464,24135.46
1180,19-02-2023 03:00,1232,East,Delhi,426,Clothing,UPI,0.14,4202.7,6,25216.2,3530.268,21884.09
1181,19-02-2023 04:00,1523,South,Pune,309,Sports,UPI,0.03,3942.89,7,27600.23,828.0069,26704.73
1182,19-02-2023 05:00,1345,West,Chennai,395,Clothing,NetBanking,,1442.83,9,12985.47,2337.3846,10851.82
1183,19-02-2023 06:00,1045,East,Chennai,497,Home,UPI,0.11,,2,4135.86,454.9446,3643.63
1184,19-02-2023 07:00,1545,South,Pune,202,Home,NetBanking,0.11,2124.93,9,19124.37,2103.6807,16896.81
1185,19-02-2023 08:00,1944,North,Chennai,223,Sports,UPI,0.25,2507.24,7,17550.68,4387.67,12836.06
1186,19-02-2023 09:00,1077,North,Bangalore,344,Electronics,NetBanking,0,920.13,2,1840.26,0,2036.08
1187,19-02-2023 10:00,1729,West,Chennai,478,Clothing,Card,0.24,2317.1,2,4634.2,1112.208,3351.54
1188,19-02-2023 11:00,1812,South,Chennai,455,Home,Card,0.17,2602.84,4,10411.36,1769.9312,8829.96
1189,19-02-2023 12:00,1922,West,Chennai,308,Clothing,NetBanking,0.3,2705.37,2,5410.74,1623.222,3788.92
1190,19-02-2023 13:00,1072,East,Bangalore,492,Home,Card,0.18,4117.51,1,4117.51,741.1518,3291.1
1191,19-02-2023 14:00,1793,North,Chennai,413,Clothing,Card,0.02,2634.94,6,15809.64,316.1928,15234.37
1192,19-02-2023 15:00,1248,East,Bangalore,208,Electronics,NetBanking,0.02,1230.84,5,6154.2,123.084,6421.35
1193,19-02-2023 16:00,1046,South,Pune,476,Sports,UPI,0.26,3349.33,3,10047.99,2612.4774,7317.72
1194,19-02-2023 17:00,1120,West,Mumbai,447,Electronics,UPI,0.25,4006.84,1,4006.84,1001.71,3481.1
1195,19-02-2023 18:00,1213,West,Pune,149,Clothing,NetBanking,0.1,1664.92,,14984.28,1498.428,13240.39
1196,19-02-2023 19:00,1238,West,Mumbai,204,Home,Cash,0.19,3262,8,26096,4958.24,21590.06
1197,19-02-2023 20:00,1055,East,Pune,472,Home,Cash,0.15,820,6,4920,738,4207.18
1198,19-02-2023 21:00,1349,North,Mumbai,126,Sports,Card,0.29,1775.44,6,10652.64,3089.2656,7821.59
1199,19-02-2023 22:00,1106,East,Mumbai,387,Electronics,Cash,0.28,4555.2,,18220.8,5101.824,12728.81
1200,19-02-2023 23:00,1830,East,Delhi,356,Electronics,Card,0.3,4565.41,2,9130.82,2739.246,5999.97
1201,20-02-2023 00:00,1047,South,Mumbai,372,Electronics,UPI,0.26,2919.09,4,11676.36,3035.8536,8717.91
1202,20-02-2023 01:00,1572,South,Mumbai,236,Home,NetBanking,0.27,3541.52,2,7083.04,1912.4208,4866.46
1203,20-02-2023 02:00,1336,South,Delhi,439,Sports,UPI,0.07,4284.68,7,29992.76,2099.4932,28291.96
1204,20-02-2023 03:00,1025,North,Chennai,400,Home,NetBanking,0.25,4796.91,9,43172.19,10793.0475,32488.34
1205,20-02-2023 04:00,1803,North,Chennai,421,Electronics,Cash,0.21,2500.44,2,5000.88,1050.1848,3757.44
1206,20-02-2023 05:00,1256,South,Delhi,131,Clothing,UPI,0.29,2851.72,9,25665.48,7442.9892,17946.48
1207,20-02-2023 06:00,1007,South,Bangalore,144,Home,UPI,0.17,2136.64,9,19229.76,3269.0592,15874.14
1208,20-02-2023 07:00,1624,North,Mumbai,364,Sports,Card,0.03,452.71,,3621.68,108.6504,3342.68
1209,20-02-2023 08:00,1866,West,Mumbai,129,Electronics,NetBanking,0.18,2171.74,1,2171.74,390.9132,1929.41
1210,20-02-2023 09:00,1252,North,Delhi,183,Clothing,Cash,0.21,3974.07,5,19870.35,4172.7735,15674.55
1211,20-02-2023 10:00,1691,North,Delhi,265,Home,UPI,0.07,4043.94,4,16175.76,1132.3032,15393.97
1212,20-02-2023 11:00,1718,North,Bangalore,415,Clothing,NetBanking,0.12,4472.65,7,31308.55,3757.026,27741.19
1213,20-02-2023 12:00,1302,South,Chennai,100,Clothing,Cash,0.18,352.19,8,2817.52,507.1536,2050.27
1214,20-02-2023 13:00,1638,West,Pune,348,Sports,UPI,0.11,2683.06,8,21464.48,2361.0928,18975.72
1215,20-02-2023 14:00,1055,North,Chennai,360,Home,NetBanking,0.11,626.38,2,1252.76,137.8036,855.6
1216,20-02-2023 15:00,1725,South,Mumbai,162,Sports,Card,0.04,1083.64,3,3250.92,130.0368,2861.8
1217,20-02-2023 16:00,1525,East,Delhi,263,Electronics,UPI,0.28,4511.06,7,31577.42,8841.6776,22197.16
1218,20-02-2023 17:00,1473,East,Bangalore,420,Clothing,NetBanking,0.23,2534.28,4,10137.12,2331.5376,8087.96
1219,20-02-2023 18:00,1027,North,Chennai,433,Sports,Cash,0,3816.87,6,22901.22,0,23288.92
1220,20-02-2023 19:00,1982,East,Bangalore,300,Sports,Cash,0.23,415.48,8,3323.84,764.4832,2263.09
1221,20-02-2023 20:00,1077,West,Chennai,321,Electronics,Card,0.22,2142.45,8,17139.6,3770.712,13042.41
1222,20-02-2023 21:00,1215,East,Mumbai,251,Home,UPI,0,3403.78,7,23826.46,0,23994.74
1223,20-02-2023 22:00,1385,East,Pune,231,Sports,Card,0.11,753.69,2,1507.38,165.8118,1095.76
1224,20-02-2023 23:00,1364,West,Bangalore,213,Clothing,NetBanking,0.18,1696.51,2,3393.02,610.7436,3164.5
1225,21-02-2023 00:00,1665,North,Bangalore,316,Clothing,Cash,0.14,416.28,3,1248.84,174.8376,858.98
1226,21-02-2023 01:00,1525,North,Pune,295,Clothing,Card,0.23,3291.57,4,13166.28,3028.2444,9496.51
1227,21-02-2023 02:00,1698,West,Bangalore,380,Clothing,UPI,0.13,4857.37,1,4857.37,631.4581,4186.83
1228,21-02-2023 03:00,1311,West,Bangalore,301,Sports,NetBanking,0.05,4152.52,5,20762.6,1038.13,19546.78
1229,21-02-2023 04:00,1882,West,Chennai,234,Clothing,UPI,0.29,4875.65,,34129.55,9897.5695,24276.17
1230,21-02-2023 05:00,1006,East,Chennai,333,Sports,Card,0.07,4243.46,5,21217.3,1485.211,19627.42
1231,21-02-2023 06:00,1002,West,Pune,240,Home,Cash,0.22,4290.46,7,30033.22,6607.3084,23598.87
1232,21-02-2023 07:00,1622,South,Mumbai,295,Clothing,Cash,0.04,2928.17,5,14640.85,585.634,14182.15
1233,21-02-2023 08:00,1918,East,Bangalore,142,Home,Card,0.1,2639.44,8,21115.52,2111.552,19101.69
1234,21-02-2023 09:00,1749,North,Mumbai,156,Sports,UPI,0.13,2090.65,7,14634.55,1902.4915,12789.29
1235,21-02-2023 10:00,1362,North,Pune,241,Electronics,UPI,0.06,4108.66,1,4108.66,246.5196,3861.95
1236,21-02-2023 11:00,1750,North,Pune,309,Home,UPI,0.13,992.13,1,992.13,128.9769,443.96
1237,21-02-2023 12:00,1507,East,Chennai,171,Clothing,UPI,0.05,375.5,5,1877.5,93.875,1900.41
1238,21-02-2023 13:00,1273,South,Bangalore,323,Electronics,Cash,0.17,4744.68,2,9489.36,1613.1912,8095.76
1239,21-02-2023 14:00,1505,West,Delhi,126,Home,UPI,0.2,118.51,,1066.59,213.318,957.97
1240,21-02-2023 15:00,1805,West,Pune,227,Sports,Card,0.02,4886.46,2,9772.92,195.4584,9517.01
1241,21-02-2023 16:00,1738,North,Bangalore,205,Sports,Card,0.26,3671.38,9,33042.42,8591.0292,24628.49
1242,21-02-2023 17:00,1882,North,Mumbai,264,Sports,Card,0.06,1709.64,2,3419.28,205.1568,3285.11
1243,21-02-2023 18:00,1014,East,Chennai,314,Home,Card,0.07,3519.32,4,14077.28,985.4096,13304.9
1244,21-02-2023 19:00,1191,South,Mumbai,170,Sports,UPI,0.2,4107.59,3,12322.77,2464.554,9831.94
1245,21-02-2023 20:00,1984,West,Pune,303,Home,Cash,0.14,1302.27,,7813.62,1093.9068,6291.51
1246,21-02-2023 21:00,1630,East,Pune,252,Clothing,NetBanking,0.15,3877.39,4,15509.56,2326.434,13129.5
1247,21-02-2023 22:00,1484,West,Mumbai,166,Clothing,UPI,0.04,,9,36372.69,1454.9076,34633.18
1248,21-02-2023 23:00,1027,North,Pune,189,Home,NetBanking,0.24,1321.84,,11896.56,2855.1744,8902.3
1249,22-02-2023 00:00,1713,West,Bangalore,359,Home,Cash,0.19,305.44,9,2748.96,522.3024,2252.62
1250,22-02-2023 01:00,1038,South,Pune,461,Electronics,UPI,0.04,1100.2,3,3300.6,132.024,3465.59
1251,22-02-2023 02:00,1952,South,Chennai,327,Sports,NetBanking,0.11,1083.17,3,3249.51,357.4461,3091.87
1252,22-02-2023 03:00,1272,North,Bangalore,178,Clothing,Cash,0.24,419.68,4,1678.72,402.8928,1338.47
1253,22-02-2023 04:00,1230,South,Delhi,195,Clothing,NetBanking,0.17,3657.44,,32916.96,5595.8832,27695.51
1254,22-02-2023 05:00,1085,South,Pune,448,Electronics,Card,0.03,1961.88,6,11771.28,353.1384,11432.35
1255,22-02-2023 06:00,1473,East,Pune,429,Home,Card,0.11,4433.49,9,39901.41,4389.1551,35572.97
1256,22-02-2023 07:00,1125,West,Chennai,481,Home,Cash,0.07,1335.64,,10685.12,747.9584,9823.42
1257,22-02-2023 08:00,1811,North,Chennai,345,Electronics,Cash,0.16,2320.84,7,16245.88,2599.3408,13325.71
1258,22-02-2023 09:00,1536,North,Mumbai,371,Sports,NetBanking,0.25,3231.19,5,16155.95,4038.9875,49136.16
1259,22-02-2023 10:00,1144,North,Mumbai,256,Home,Cash,,4399.58,9,39596.22,5147.5086,33978.28
1260,22-02-2023 11:00,1524,North,Mumbai,215,Home,Card,0.13,2670.64,4,10682.56,1388.7328,9014.45
1261,22-02-2023 12:00,1211,North,Chennai,117,Sports,Card,0.27,1930.27,4,7721.08,2084.6916,5689.64
1262,22-02-2023 13:00,1024,South,Mumbai,271,Sports,UPI,0.17,4348.37,8,34786.96,5913.7832,28618.48
1263,22-02-2023 14:00,1579,East,Mumbai,115,Electronics,NetBanking,0.17,1620.21,4,6480.84,1101.7428,5384.43
1264,22-02-2023 15:00,1393,North,Delhi,339,Electronics,Cash,0.08,489.18,7,3424.26,273.9408,3194.53
1265,22-02-2023 16:00,1066,East,Mumbai,485,Electronics,Cash,0.18,2280.71,4,9122.84,1642.1112,7312.64
1266,22-02-2023 17:00,1232,East,Pune,155,Home,Cash,0.17,3946.96,1,3946.96,670.9832,3292.53
1267,22-02-2023 18:00,1108,South,Chennai,178,Electronics,NetBanking,0.12,250.83,9,2257.47,270.8964,1999.11
1268,22-02-2023 19:00,1145,North,Bangalore,202,Home,Card,0.3,2970.82,4,11883.28,3564.984,7976.12
1269,22-02-2023 20:00,1110,South,Delhi,383,Clothing,Cash,0.26,3012.87,3,9038.61,2350.0386,6852.54
1270,22-02-2023 21:00,1227,North,Chennai,292,Sports,Cash,0.22,4649.85,3,13949.55,3068.901,10271.39
1271,22-02-2023 22:00,1110,South,Chennai,104,Sports,Card,0.16,1503.68,9,13533.12,2165.2992,11931.35
1272,22-02-2023 23:00,1469,East,Pune,205,Clothing,Cash,0.14,1466.3,8,11730.4,1642.256,10248.37
1273,23-02-2023 00:00,1033,North,Mumbai,377,Electronics,UPI,0.06,2258.37,,15808.59,948.5154,15166.42
1274,23-02-2023 01:00,1622,West,Pune,472,Home,Card,0.09,,7,12942.16,1164.7944,11975.88
1275,23-02-2023 02:00,1775,East,Mumbai,199,Home,Card,0.23,3708.09,4,14832.36,3411.4428,11408.08
1276,23-02-2023 03:00,1935,West,Mumbai,337,Home,Card,,3244.59,3,9733.77,1362.7278,8139.46
1277,23-02-2023 04:00,1368,East,Chennai,368,Sports,UPI,0.26,3818.71,4,15274.84,3971.4584,11296.01
1278,23-02-2023 05:00,1747,South,Mumbai,420,Electronics,Card,0.04,4118.2,6,24709.2,988.368,23971.67
1279,23-02-2023 06:00,1594,North,Delhi,499,Home,NetBanking,0.15,4622.61,4,18490.44,2773.566,15470.08
1280,23-02-2023 07:00,1553,East,Delhi,185,Home,NetBanking,0.19,2211.59,4,8846.36,1680.8084,7212.66
1281,23-02-2023 08:00,1424,South,Delhi,419,Home,NetBanking,0.16,4925.02,2,9850.04,1576.0064,7730.98
1282,23-02-2023 09:00,1612,North,Chennai,131,Clothing,Card,0.27,1156.74,7,8097.18,2186.2386,5668.43
1283,23-02-2023 10:00,1517,North,Pune,435,Home,Card,0.3,3600.39,6,21602.34,6480.702,14864.04
1284,23-02-2023 11:00,1691,East,Bangalore,150,Clothing,Card,0.03,2716.65,2,5433.3,162.999,5774.41
1285,23-02-2023 12:00,1281,North,Mumbai,178,Home,UPI,0.04,4102.81,5,20514.05,820.562,19292.26
1286,23-02-2023 13:00,1319,East,Bangalore,285,Home,NetBanking,0.04,2436.18,,14617.08,584.6832,14151.96
1287,23-02-2023 14:00,1737,North,Pune,273,Home,Cash,0.2,3941.3,5,19706.5,3941.3,16243.54
1288,23-02-2023 15:00,1442,West,Pune,205,Clothing,Cash,0.11,4657.83,4,18631.32,2049.4452,16883.5
1289,23-02-2023 16:00,1951,South,Chennai,162,Home,Card,0.22,3688.24,9,33194.16,7302.7152,26347.88
1290,23-02-2023 17:00,1314,West,Delhi,175,Electronics,UPI,0.12,3902.86,3,11708.58,1405.0296,10804.54
1291,23-02-2023 18:00,1876,East,Delhi,415,Home,Card,0.19,429.16,2,858.32,163.0808,712.09
1292,23-02-2023 19:00,1965,West,Pune,420,Clothing,Cash,0.23,1104.29,9,9938.61,2285.8803,7795.26
1293,23-02-2023 20:00,1740,East,Chennai,472,Clothing,NetBanking,0.16,4874.09,8,38992.72,6238.8352,32812.36
1294,23-02-2023 21:00,1376,North,Chennai,180,Electronics,Cash,0.16,3496.62,9,31469.58,5035.1328,26578.68
1295,23-02-2023 22:00,1288,North,Mumbai,460,Sports,NetBanking,0.03,2851.1,3,8553.3,256.599,8423.24
1296,23-02-2023 23:00,1436,East,Delhi,227,Electronics,NetBanking,0.12,1898.18,1,1898.18,227.7816,2185.62
1297,24-02-2023 00:00,1661,West,Pune,282,Electronics,UPI,0.16,317.51,1,317.51,50.8016,354.24
1298,24-02-2023 01:00,1276,North,Bangalore,342,Clothing,Cash,0.14,1908.77,3,5726.31,801.6834,4638.5
1299,24-02-2023 02:00,1709,South,Delhi,284,Home,Card,0.27,2544.67,4,10178.68,2748.2436,7609.19
1300,24-02-2023 03:00,1581,North,Mumbai,319,Home,UPI,0.27,1136.15,2,2272.3,613.521,1878.02
1301,24-02-2023 04:00,1502,South,Chennai,170,Sports,NetBanking,0.25,948.37,8,7586.96,1896.74,5443.63
1302,24-02-2023 05:00,1623,West,Pune,441,Sports,Cash,0.11,2591.24,3,7773.72,855.1092,6659.75
1303,24-02-2023 06:00,1515,South,Delhi,253,Sports,Card,0.22,2970.93,4,11883.72,2614.4184,9554.55
1304,24-02-2023 07:00,1349,South,Bangalore,344,Sports,UPI,0.12,1275.6,6,7653.6,918.432,6575.26
1305,24-02-2023 08:00,1842,South,Mumbai,239,Electronics,Card,0.07,2978.21,6,17869.26,1250.8482,16494.34
1306,24-02-2023 09:00,1445,South,Mumbai,170,Electronics,Cash,0.1,4511.67,2,9023.34,902.334,7982.56
1307,24-02-2023 10:00,1829,North,Delhi,145,Home,Card,0.02,2418.55,6,14511.3,290.226,14294.61
1308,24-02-2023 11:00,1349,South,Bangalore,146,Electronics,UPI,0.1,4301.21,4,17204.84,1720.484,15815.33
1309,24-02-2023 12:00,1606,North,Mumbai,178,Home,Card,0.14,4643.63,5,23218.15,3250.541,20168.2
1310,24-02-2023 13:00,1663,South,Pune,248,Home,Cash,0.29,552.73,7,3869.11,1122.0419,2608.39
1311,24-02-2023 14:00,1822,East,Mumbai,497,Home,UPI,0.09,,7,3986.36,358.7724,4029.01
1312,24-02-2023 15:00,1136,West,Bangalore,229,Home,NetBanking,0.27,2432.62,6,14595.72,3940.8444,10915.7
1313,24-02-2023 16:00,1758,South,Chennai,226,Clothing,UPI,0.07,2981.7,6,17890.2,1252.314,16935.63
1314,24-02-2023 17:00,1898,East,Chennai,464,Home,Cash,0.06,2186.83,6,13120.98,787.2588,12621.7
1315,24-02-2023 18:00,1242,South,Delhi,218,Electronics,Card,0.16,1699.61,4,6798.44,1087.7504,5556.31
1316,24-02-2023 19:00,1542,South,Bangalore,456,Electronics,NetBanking,0.2,3240.87,3,9722.61,1944.522,7502.13
1317,24-02-2023 20:00,1039,South,Mumbai,361,Electronics,NetBanking,0.01,110.2,1,110.2,1.102,7.57
1318,24-02-2023 21:00,1228,East,Mumbai,343,Electronics,Card,0.07,4843.56,3,14530.68,1017.1476,13810.71
1319,24-02-2023 22:00,1547,West,Chennai,481,Clothing,Cash,0.14,1237.19,3,3711.57,519.6198,2837.99
1320,24-02-2023 23:00,1919,East,Chennai,202,Sports,UPI,0.1,4593.78,9,41344.02,4134.402,36815.09
1321,25-02-2023 00:00,1222,West,Pune,136,Sports,Cash,0.21,634.17,3,1902.51,399.5271,958.85
1322,25-02-2023 01:00,1005,South,Chennai,241,Home,NetBanking,0.15,1266.63,8,10133.04,1519.956,8236.26
1323,25-02-2023 02:00,1321,North,Pune,136,Home,UPI,0.05,1250.88,8,10007.04,500.352,9269.96
1324,25-02-2023 03:00,1467,South,Mumbai,107,Electronics,UPI,0.27,4981.15,3,14943.45,4034.7315,10946.07
1325,25-02-2023 04:00,1731,West,Pune,330,Electronics,Card,0.09,122.54,6,735.24,66.1716,323.63
1326,25-02-2023 05:00,1074,East,Pune,432,Sports,Cash,0.22,3234.23,8,25873.84,5692.2448,20380.18
1327,25-02-2023 06:00,1003,South,Delhi,496,Sports,UPI,0.23,4361.46,8,34891.68,8025.0864,26880.11
1328,25-02-2023 07:00,1846,East,Chennai,395,Electronics,Card,,3394.14,9,30547.26,8858.7054,21075.69
1329,25-02-2023 08:00,1645,East,Pune,206,Home,Cash,0.15,1877.4,9,16896.6,2534.49,14356.55
1330,25-02-2023 09:00,1117,East,Mumbai,447,Clothing,NetBanking,0.18,4795.72,8,38365.76,6905.8368,31502.38
1331,25-02-2023 10:00,1880,South,Bangalore,117,Clothing,NetBanking,0.1,4478.25,7,31347.75,3134.775,28787.93
1332,25-02-2023 11:00,1605,East,Pune,412,Sports,Cash,0.2,2226.38,,6679.14,1335.828,5415.92
1333,25-02-2023 12:00,1503,East,Chennai,182,Sports,UPI,0.14,2909.31,,20365.17,2851.1238,16983.27
1334,25-02-2023 13:00,1997,South,Delhi,387,Sports,UPI,0.13,4840.84,4,19363.36,2517.2368,16915
1335,25-02-2023 14:00,1946,East,Mumbai,293,Clothing,NetBanking,0.26,4914.55,2,9829.1,2555.566,7325.86
1336,25-02-2023 15:00,1573,South,Delhi,314,Clothing,NetBanking,0.02,,8,18433.04,368.6608,18245.85
1337,25-02-2023 16:00,1440,West,Bangalore,380,Electronics,UPI,0.26,4252.02,2,8504.04,2211.0504,7084.07
1338,25-02-2023 17:00,1193,West,Pune,319,Home,Cash,0.26,1579.7,1,1579.7,410.722,1008.01
1339,25-02-2023 18:00,1846,West,Pune,388,Sports,NetBanking,0.15,1921.88,5,9609.4,1441.41,7972.2
1340,25-02-2023 19:00,1714,East,Chennai,443,Electronics,UPI,0.15,907.63,9,8168.67,1225.3005,7084.09
1341,25-02-2023 20:00,1391,North,Pune,293,Clothing,Cash,0.11,1125,5,5625,618.75,5553.92
1342,25-02-2023 21:00,1025,North,Mumbai,257,Electronics,Card,0.3,3318.68,2,6637.36,1991.208,4847.47
1343,25-02-2023 22:00,1434,East,Bangalore,203,Clothing,Cash,0.03,2602.83,4,10411.32,312.3396,9996.19
1344,25-02-2023 23:00,1172,North,Delhi,133,Home,UPI,0.18,1232.55,8,9860.4,1774.872,8380.99
1345,26-02-2023 00:00,1299,South,Bangalore,201,Clothing,Cash,0.2,2074.26,7,14519.82,2903.964,12154.01
1346,26-02-2023 01:00,1644,North,Pune,226,Electronics,UPI,0.28,,5,9643,2700.04,6712.32
1347,26-02-2023 02:00,1325,East,Delhi,313,Home,NetBanking,0.23,4938.07,4,19752.28,4543.0244,14909.05
1348,26-02-2023 03:00,1409,East,Chennai,424,Clothing,Card,0.19,4282.47,5,21412.35,4068.3465,17360.76
1349,26-02-2023 04:00,1117,South,Bangalore,395,Sports,NetBanking,0.04,2001.04,7,14007.28,560.2912,13537.33
1350,26-02-2023 05:00,1835,West,Delhi,278,Clothing,NetBanking,0.11,4578.19,5,22890.95,2518.0045,20788.16
1351,26-02-2023 06:00,1786,East,Delhi,179,Home,UPI,0.04,1778.91,8,14231.28,569.2512,13521.4
1352,26-02-2023 07:00,1723,South,Delhi,240,Electronics,UPI,0.26,3372.72,7,23609.04,6138.3504,17591.25
1353,26-02-2023 08:00,1224,North,Mumbai,130,Home,UPI,,4836.58,7,33856.06,7448.3332,26874.8
1354,26-02-2023 09:00,1531,North,Bangalore,471,Electronics,UPI,0.23,2012.37,9,18111.33,4165.6059,14012.92
1355,26-02-2023 10:00,1112,South,Delhi,162,Clothing,NetBanking,0.2,3431.44,8,27451.52,5490.304,21842.65
1356,26-02-2023 11:00,1139,South,Bangalore,147,Clothing,UPI,0.15,1550.03,8,12400.24,1860.036,10711.26
1357,26-02-2023 12:00,1558,East,Delhi,186,Home,UPI,0.04,1404.93,6,8429.58,337.1832,7993.29
1358,26-02-2023 13:00,1000,North,Chennai,403,Sports,NetBanking,0.1,2913.37,7,20393.59,2039.359,18455.52
1359,26-02-2023 14:00,1089,South,Chennai,160,Clothing,Card,0.04,4898.4,8,39187.2,1567.488,37563.79
1360,26-02-2023 15:00,1653,North,Chennai,495,Sports,Card,0.22,2320.36,5,11601.8,2552.396,9006.1
1361,26-02-2023 16:00,1319,South,Pune,433,Sports,Cash,0.05,4694.42,2,9388.84,469.442,8798.54
1362,26-02-2023 17:00,1549,North,Delhi,373,Home,NetBanking,0.21,4580.38,7,32062.66,6733.1586,25157.39
1363,26-02-2023 18:00,1804,West,Pune,383,Clothing,UPI,0.21,1343.44,3,4030.32,846.3672,3482.15
1364,26-02-2023 19:00,1893,East,Bangalore,179,Sports,Cash,0.14,2068.92,8,16551.36,2317.1904,14291.16
1365,26-02-2023 20:00,1138,North,Pune,279,Clothing,Card,0.04,3252.18,,19513.08,780.5232,19114.7
1366,26-02-2023 21:00,1510,West,Bangalore,371,Electronics,Card,0.09,2638.42,4,10553.68,949.8312,8928.73
1367,26-02-2023 22:00,1867,North,Bangalore,176,Sports,NetBanking,0.1,570.2,2,1140.4,114.04,870.42
1368,26-02-2023 23:00,1844,North,Bangalore,320,Home,UPI,0.21,4969.12,7,34783.84,7304.6064,27257.03
1369,27-02-2023 00:00,1258,West,Pune,492,Home,UPI,0.03,3788,1,3788,113.64,3598.18
1370,27-02-2023 01:00,1672,North,Delhi,381,Sports,Cash,0.25,2244.7,7,15712.9,3928.225,11475.08
1371,27-02-2023 02:00,1901,North,Pune,127,Clothing,Card,0.23,,7,21903.21,5037.7383,16383.29
1372,27-02-2023 03:00,1689,East,Delhi,460,Electronics,Cash,0.06,529.11,3,1587.33,95.2398,1693.77
1373,27-02-2023 04:00,1009,West,Delhi,176,Electronics,Cash,0.22,2526.98,4,10107.92,2223.7424,7706.22
1374,27-02-2023 05:00,1260,West,Bangalore,263,Home,Cash,0.2,4661.08,4,18644.32,3728.864,15082.15
1375,27-02-2023 06:00,1918,South,Pune,108,Home,UPI,0.22,4493.34,4,17973.36,3954.1392,13665.73
1376,27-02-2023 07:00,1649,North,Delhi,274,Clothing,Card,0.06,1753.17,9,15778.53,946.7118,14341.02
1377,27-02-2023 08:00,1171,East,Chennai,406,Home,Cash,0.05,2703.7,6,16222.2,811.11,15483.46
1378,27-02-2023 09:00,1897,North,Delhi,175,Clothing,Card,0.07,3517.18,9,31654.62,2215.8234,29628.6
1379,27-02-2023 10:00,1012,North,Chennai,344,Sports,Card,0.11,1766.05,4,7064.2,777.062,6102.47
1380,27-02-2023 11:00,1167,South,Pune,221,Electronics,Cash,0.24,417.91,7,2925.37,702.0888,1918.16
1381,27-02-2023 12:00,1641,North,Pune,284,Sports,Cash,0.22,2576.66,9,23189.94,5101.7868,18462.93
1382,27-02-2023 13:00,1595,East,Pune,131,Home,NetBanking,0.28,3048.02,3,9144.06,2560.3368,6566.55
1383,27-02-2023 14:00,1320,East,Delhi,349,Electronics,UPI,0.02,128.62,3,385.86,7.7172,78.7
1384,27-02-2023 15:00,1318,South,Mumbai,156,Electronics,Card,0,568.32,6,3409.92,0,2960.79
1385,27-02-2023 16:00,1612,North,Delhi,409,Sports,Cash,0.21,1115.72,8,8925.76,1874.4096,6844.82
1386,27-02-2023 17:00,1328,East,Delhi,471,Clothing,Cash,0.08,1805.46,1,1805.46,144.4368,1542.73
1387,27-02-2023 18:00,1784,North,Bangalore,243,Electronics,Card,0.1,2751.15,4,11004.6,1100.46,10133
1388,27-02-2023 19:00,1776,North,Bangalore,417,Clothing,Cash,0.16,1539.83,8,12318.64,1970.9824,10342.65
1389,27-02-2023 20:00,1970,North,Delhi,183,Sports,NetBanking,0.03,1453.3,6,8719.8,261.594,8417.56
1390,27-02-2023 21:00,1910,South,Chennai,155,Sports,Card,0.19,4359.81,2,8719.62,1656.7278,6788.28
1391,27-02-2023 22:00,1919,North,Bangalore,378,Clothing,Cash,0.1,810.75,8,6486,648.6,6251.64
1392,27-02-2023 23:00,1549,East,Delhi,372,Sports,Card,0.19,2527.75,,2527.75,480.2725,2340.42
1393,28-02-2023 00:00,1418,North,Mumbai,265,Electronics,Cash,0.25,4768.84,1,4768.84,1192.21,3845.64
1394,28-02-2023 01:00,1605,East,Chennai,257,Sports,Cash,0.05,3162.56,7,22137.92,1106.896,21012.77
1395,28-02-2023 02:00,1094,North,Pune,348,Sports,UPI,0.28,3614.31,3,10842.93,3036.0204,7927.22
1396,28-02-2023 03:00,1816,East,Delhi,285,Electronics,Card,0.16,2213.06,8,17704.48,2832.7168,56397
1397,28-02-2023 04:00,1580,East,Delhi,177,Clothing,UPI,0.28,197.67,9,1779.03,498.1284,1341.64
1398,28-02-2023 05:00,1317,North,Chennai,121,Sports,Cash,0.06,3266.04,8,26128.32,1567.6992,25137.49
1399,28-02-2023 06:00,1955,North,Bangalore,207,Clothing,Card,0.18,,1,3196.43,575.3574,2446.97
1400,28-02-2023 07:00,1235,East,Bangalore,372,Electronics,Card,0.12,641.1,1,641.1,76.932,268.49
1401,28-02-2023 08:00,1945,West,Bangalore,351,Clothing,NetBanking,0.23,2364.58,6,14187.48,3263.1204,10881.65
1402,28-02-2023 09:00,1333,South,Pune,114,Clothing,NetBanking,0.18,4585.11,,4585.11,825.3198,3501.36
1403,28-02-2023 10:00,1884,West,Chennai,469,Home,Cash,0.15,1104.92,8,8839.36,1325.904,7236.22
1404,28-02-2023 11:00,1375,West,Chennai,403,Home,Cash,,2359.38,6,14156.28,3822.1956,10413.59
1405,28-02-2023 12:00,1458,North,Bangalore,259,Sports,Cash,0.11,2359.41,5,11797.05,1297.6755,10746.72
1406,28-02-2023 13:00,1136,South,Bangalore,304,Home,Cash,0.07,4072.73,6,24436.38,1710.5466,22808.05
1407,28-02-2023 14:00,1929,West,Mumbai,212,Home,NetBanking,0.18,,,16561.68,2981.1024,13236.69
1408,28-02-2023 15:00,1587,North,Mumbai,267,Home,Card,0.19,3820.42,1,3820.42,725.8798,2893.78
1409,28-02-2023 16:00,1994,West,Delhi,452,Clothing,UPI,0.13,1890.73,7,13235.11,1720.5643,11610.87
1410,28-02-2023 17:00,1546,West,Delhi,352,Clothing,Card,0.15,452.98,9,4076.82,611.523,3662.52
1411,28-02-2023 18:00,1512,North,Chennai,285,Home,Card,0.29,1812.47,4,7249.88,2102.4652,5085.01
1412,28-02-2023 19:00,1295,North,Chennai,446,Electronics,NetBanking,0.22,3430.98,4,13723.92,3019.2624,10436.66
1413,28-02-2023 20:00,1319,North,Pune,326,Home,Card,0.03,3543.46,9,31891.14,956.7342,31166.73
1414,28-02-2023 21:00,1917,South,Pune,115,Electronics,Card,0.06,4828.5,4,19314,1158.84,18698.9
1415,28-02-2023 22:00,1571,West,Mumbai,255,Clothing,Cash,0.29,2322.84,4,9291.36,2694.4944,6934.01
1416,28-02-2023 23:00,1831,North,Delhi,453,Electronics,UPI,0.22,3198.93,8,25591.44,5630.1168,20556.65
1417,01-03-2023 00:00,1348,East,Mumbai,210,Clothing,Card,0.27,2742.04,4,10968.16,2961.4032,7820.34
1418,01-03-2023 01:00,1839,West,Mumbai,100,Electronics,Card,0.09,838.03,9,7542.27,678.8043,7172.89
1419,01-03-2023 02:00,1778,East,Delhi,140,Clothing,UPI,0.22,2359.89,8,18879.12,4153.4064,15112.23
1420,01-03-2023 03:00,1872,South,Pune,147,Clothing,Cash,0.21,2769.69,5,13848.45,2908.1745,10794.14
1421,01-03-2023 04:00,1228,North,Delhi,207,Home,NetBanking,0.09,4758.67,9,42828.03,3854.5227,38725.82
1422,01-03-2023 05:00,1269,East,Bangalore,260,Sports,NetBanking,0.17,1896.04,8,15168.32,2578.6144,12301.37
1423,01-03-2023 06:00,1827,South,Bangalore,260,Sports,Card,0.19,4902.49,4,19609.96,3725.8924,15856.77
1424,01-03-2023 07:00,1797,North,Bangalore,458,Clothing,Cash,0.14,2757.27,4,11029.08,1544.0712,9033.3
1425,01-03-2023 08:00,1290,East,Chennai,227,Home,NetBanking,0.25,1288.1,1,1288.1,322.025,1472.91
1426,01-03-2023 09:00,1724,East,Pune,309,Sports,NetBanking,0.25,1039.16,4,4156.64,1039.16,2732.35
1427,01-03-2023 10:00,1164,South,Pune,250,Sports,NetBanking,0.26,794.31,8,6354.48,1652.1648,4828.86
1428,01-03-2023 11:00,1004,North,Chennai,354,Home,NetBanking,,2319.37,5,11596.85,2783.244,8134.68
1429,01-03-2023 12:00,1850,North,Mumbai,317,Home,NetBanking,0.15,207.44,6,1244.64,186.696,1671.52
1430,01-03-2023 13:00,1378,East,Bangalore,129,Sports,Card,0.11,2280.72,4,9122.88,1003.5168,8494.19
1431,01-03-2023 14:00,1077,East,Bangalore,144,Sports,NetBanking,0.25,4943.18,5,24715.9,6178.975,18058.79
1432,01-03-2023 15:00,1409,East,Mumbai,179,Electronics,Card,0.15,3383.52,8,27068.16,4060.224,23099.45
1433,01-03-2023 16:00,1573,North,Delhi,138,Electronics,UPI,0.07,3822.95,9,34406.55,2408.4585,31925.63
1434,01-03-2023 17:00,1131,South,Delhi,339,Clothing,UPI,0.15,683.13,3,2049.39,307.4085,1788.49
1435,01-03-2023 18:00,1600,South,Pune,144,Sports,Cash,0.04,2418.19,4,9672.76,386.9104,9476.44
1436,01-03-2023 19:00,1748,North,Chennai,177,Home,Card,0.21,1502.49,1,1502.49,315.5229,3787.16
1437,01-03-2023 20:00,1041,West,Pune,436,Home,Cash,0.1,4481.08,5,22405.4,2240.54,20148.78
1438,01-03-2023 21:00,1088,South,Delhi,495,Sports,UPI,0.08,988.33,4,3953.32,316.2656,3094.2
1439,01-03-2023 22:00,1401,East,Mumbai,448,Clothing,UPI,0.29,2347.79,6,14086.74,4085.1546,10026.54
1440,01-03-2023 23:00,1295,West,Pune,387,Home,UPI,0.23,2981.43,6,17888.58,4114.3734,13156.49
1441,02-03-2023 00:00,1839,West,Bangalore,379,Sports,UPI,0.24,2618.8,6,15712.8,3771.072,12333.47
1442,02-03-2023 01:00,1294,South,Bangalore,215,Sports,NetBanking,0.19,,3,12504.57,2375.8683,9689.25
1443,02-03-2023 02:00,1615,West,Mumbai,368,Clothing,UPI,0.25,1234.12,7,8638.84,2159.71,6567.43
1444,02-03-2023 03:00,1525,West,Delhi,434,Sports,NetBanking,0.23,1949.22,3,5847.66,1344.9618,4751.29
1445,02-03-2023 04:00,1799,South,Bangalore,411,Home,NetBanking,0.18,3981.21,6,23887.26,4299.7068,20146.8
1446,02-03-2023 05:00,1690,South,Bangalore,152,Electronics,Cash,0.29,2687.55,1,2687.55,779.3895,2440.16
1447,02-03-2023 06:00,1636,West,Chennai,167,Clothing,NetBanking,0.06,2070.38,8,16563.04,993.7824,15987.43
1448,02-03-2023 07:00,1421,East,Pune,281,Sports,Cash,0.28,244.27,7,1709.89,478.7692,1226.31
1449,02-03-2023 08:00,1864,North,Delhi,133,Clothing,NetBanking,0.12,,9,34124.31,4094.9172,30364.09
1450,02-03-2023 09:00,1022,West,Pune,383,Sports,NetBanking,0.16,4863.69,3,14591.07,2334.5712,12339.28
1451,02-03-2023 10:00,1574,West,Delhi,405,Electronics,UPI,0.04,3139.41,8,25115.28,1004.6112,24219.03
1452,02-03-2023 11:00,1142,East,Bangalore,485,Clothing,Card,0.16,4297.05,2,8594.1,1375.056,7032.98
1453,02-03-2023 12:00,1992,West,Chennai,348,Sports,NetBanking,0.18,2632.69,9,23694.21,4264.9578,19951.7
1454,02-03-2023 13:00,1664,West,Pune,210,Electronics,Card,0.3,1235.24,1,1235.24,370.572,623.81
1455,02-03-2023 14:00,1144,North,Bangalore,193,Home,Card,0.29,170.77,7,1195.39,346.6631,527.61
1456,02-03-2023 15:00,1224,North,Delhi,278,Sports,Card,0.29,3301.65,1,3301.65,957.4785,2466.47
1457,02-03-2023 16:00,1502,North,Pune,146,Electronics,NetBanking,0.1,2516.23,6,15097.38,1509.738,13050.02
1458,02-03-2023 17:00,1961,South,Pune,381,Electronics,Card,0.3,3932.28,1,3932.28,1179.684,2787.86
1459,02-03-2023 18:00,1973,South,Bangalore,439,Clothing,NetBanking,0.14,3503.94,4,14015.76,1962.2064,12543.94
1460,02-03-2023 19:00,1820,North,Pune,461,Sports,UPI,0.26,4940.97,7,34586.79,8992.5654,25718.75
1461,02-03-2023 20:00,1615,North,Chennai,191,Home,NetBanking,0.06,2600.53,2,5201.06,312.0636,4898.48
1462,02-03-2023 21:00,1103,South,Chennai,475,Sports,Cash,0.15,2193.16,3,6579.48,986.922,5340.56
1463,02-03-2023 22:00,1946,East,Bangalore,311,Electronics,UPI,0.29,1505.02,,6020.08,1745.8232,3823.57
1464,02-03-2023 23:00,1038,West,Delhi,174,Home,Card,0.28,2436.62,6,14619.72,4093.5216,10785.27
1465,03-03-2023 00:00,1946,West,Bangalore,477,Electronics,Card,0.21,4377.07,9,39393.63,8272.6623,31129.36
1466,03-03-2023 01:00,1197,North,Chennai,301,Clothing,Cash,0.24,307.95,4,1231.8,295.632,1123.53
1467,03-03-2023 02:00,1645,East,Mumbai,396,Sports,UPI,0.05,4891.71,6,29350.26,1467.513,27225.1
1468,03-03-2023 03:00,1578,South,Mumbai,407,Electronics,Cash,0.22,4967.21,7,34770.47,7649.5034,27340.56
1469,03-03-2023 04:00,1390,North,Pune,310,Electronics,Card,0.19,3029.32,4,12117.28,2302.2832,10410.73
1470,03-03-2023 05:00,1178,East,Pune,437,Sports,NetBanking,0.03,1724.57,6,10347.42,310.4226,10439.39
1471,03-03-2023 06:00,1967,East,Mumbai,233,Home,Card,0.03,1192.94,3,3578.82,107.3646,3560.45
1472,03-03-2023 07:00,1553,East,Chennai,429,Electronics,Cash,0.03,1454.8,5,7274,218.22,6742.44
1473,03-03-2023 08:00,1447,South,Pune,165,Sports,NetBanking,0.22,345.52,4,1382.08,304.0576,1114.56
1474,03-03-2023 09:00,1499,South,Bangalore,379,Clothing,NetBanking,0.04,2428.04,7,16996.28,679.8512,16362.66
1475,03-03-2023 10:00,1014,West,Bangalore,127,Clothing,Card,0.14,380.89,6,2285.34,319.9476,1816.71
1476,03-03-2023 11:00,1622,West,Chennai,216,Sports,NetBanking,0.11,,7,25343.64,2787.8004,22430.06
1477,03-03-2023 12:00,1668,East,Pune,469,Electronics,UPI,,1922.45,6,11534.7,1960.899,10203.37
1478,03-03-2023 13:00,1288,East,Bangalore,416,Sports,Card,0.21,1076.89,2,2153.78,452.2938,1411.77
1479,03-03-2023 14:00,1477,South,Pune,424,Sports,Card,0.21,2769.78,7,19388.46,4071.5766,15188.22
1480,03-03-2023 15:00,1230,West,Pune,213,Electronics,UPI,0.15,4871.42,8,38971.36,5845.704,33293.99
1481,03-03-2023 16:00,1922,East,Bangalore,174,Home,Card,0.14,3506.14,7,24542.98,3436.0172,21761.24
1482,03-03-2023 17:00,1419,West,Mumbai,301,Home,Cash,0.12,2509.56,4,10038.24,1204.5888,8743.34
1483,03-03-2023 18:00,1156,West,Bangalore,158,Clothing,Cash,0.26,3906.88,4,15627.52,4063.1552,11024.71
1484,03-03-2023 19:00,1549,East,Chennai,485,Home,Card,0.1,3713.63,5,18568.15,1856.815,16070.36
1485,03-03-2023 20:00,1440,South,Delhi,114,Sports,UPI,0.08,4469.5,9,40225.5,3218.04,37763.49
1486,03-03-2023 21:00,1096,East,Bangalore,330,Electronics,NetBanking,0.22,1102.88,5,5514.4,1213.168,3728.43
1487,03-03-2023 22:00,1996,East,Pune,204,Clothing,UPI,,4308.5,2,8617,947.87,7691.92
1488,03-03-2023 23:00,1410,West,Pune,264,Home,Cash,0.25,1575.03,5,7875.15,1968.7875,5452.59
1489,04-03-2023 00:00,1950,East,Bangalore,298,Sports,Card,0.1,4710.89,3,14132.67,1413.267,12482.79
1490,04-03-2023 01:00,1288,South,Delhi,453,Clothing,UPI,0.21,1477.22,8,11817.76,2481.7296,9141.55
1491,04-03-2023 02:00,1253,East,Bangalore,134,Electronics,NetBanking,0.01,4641.56,,9283.12,92.8312,8603.7
1492,04-03-2023 03:00,1195,South,Delhi,261,Home,NetBanking,0.12,,,19290.28,2314.8336,17341.16
1493,04-03-2023 04:00,1597,South,Delhi,344,Sports,NetBanking,0.1,812.91,,4064.55,406.455,3787.32
1494,04-03-2023 05:00,1833,West,Chennai,386,Electronics,NetBanking,0.25,4875.05,4,19500.2,4875.05,14497.04
1495,04-03-2023 06:00,1521,North,Pune,482,Sports,UPI,0.29,520.04,5,2600.2,754.058,1673.69
1496,04-03-2023 07:00,1516,North,Pune,118,Sports,NetBanking,0.14,1170.98,4,4683.92,655.7488,4354.72
1497,04-03-2023 08:00,1634,West,Delhi,379,Sports,Cash,0.25,2276.43,3,6829.29,1707.3225,5148.96
1498,04-03-2023 09:00,1841,East,Pune,439,Electronics,NetBanking,0.21,4968.63,1,4968.63,1043.4123,4550.92
1499,04-03-2023 10:00,1864,West,Mumbai,447,Clothing,Cash,0.29,,4,9975.84,2892.9936,6948.56
1500,04-03-2023 11:00,1117,South,Delhi,281,Sports,UPI,0.24,2797.01,9,25173.09,6041.5416,19259.22
1501,04-03-2023 12:00,1805,North,Pune,246,Clothing,Cash,0.02,3502.68,1,3502.68,70.0536,3063.2
1502,04-03-2023 13:00,1908,West,Mumbai,473,Clothing,UPI,0.21,4844.64,7,33912.48,7121.6208,106643.52
1503,04-03-2023 14:00,1158,East,Chennai,275,Home,NetBanking,0.16,3938.42,3,11815.26,1890.4416,10236.07
1504,04-03-2023 15:00,1814,West,Pune,262,Home,Card,0,1198.35,8,9586.8,0,9940.45
1505,04-03-2023 16:00,1227,North,Mumbai,274,Clothing,Cash,0.08,1584.66,6,9507.96,760.6368,9299.72
1506,04-03-2023 17:00,1876,West,Bangalore,146,Home,Cash,0.28,578.38,1,578.38,161.9464,549.95
1507,04-03-2023 18:00,1215,West,Bangalore,355,Home,Card,0.28,3257.82,,16289.1,4560.948,12098.88
1508,04-03-2023 19:00,1947,North,Mumbai,273,Clothing,UPI,0.24,985.63,8,7885.04,1892.4096,6179.8
1509,04-03-2023 20:00,1695,South,Delhi,202,Electronics,UPI,0.29,1361.28,,4083.84,1184.3136,2775.62
1510,04-03-2023 21:00,1014,South,Delhi,220,Home,NetBanking,0.24,4451.76,4,17807.04,4273.6896,13079.13
1511,04-03-2023 22:00,1156,North,Pune,449,Home,Cash,0,1701.1,7,11907.7,0,11838.26
1512,04-03-2023 23:00,1647,West,Bangalore,244,Electronics,UPI,0.09,2876.57,6,17259.42,1553.3478,15362.48
1513,05-03-2023 00:00,1260,North,Delhi,141,Electronics,NetBanking,0.01,2048.07,7,14336.49,143.3649,14509.5
1514,05-03-2023 01:00,1156,South,Delhi,466,Electronics,UPI,0.03,462.75,9,4164.75,124.9425,4373.21
1515,05-03-2023 02:00,1046,East,Bangalore,128,Clothing,Card,0.07,1878.03,9,16902.27,1183.1589,15414.45
1516,05-03-2023 03:00,1323,West,Chennai,479,Electronics,Card,0.15,2099.53,2,4199.06,629.859,3902.84
1517,05-03-2023 04:00,1843,South,Delhi,372,Clothing,Card,0.25,,3,13466.82,3366.705,9746.02
1518,05-03-2023 05:00,1684,West,Mumbai,113,Sports,NetBanking,0.26,1689.81,4,6759.24,1757.4024,5435.23
1519,05-03-2023 06:00,1129,North,Pune,405,Sports,Cash,0.18,1958.28,6,11749.68,2114.9424,9586.24
1520,05-03-2023 07:00,1410,East,Delhi,412,Electronics,Card,0.28,3936.19,5,19680.95,5510.666,14307.91
1521,05-03-2023 08:00,1094,North,Delhi,288,Electronics,Card,0.15,,6,22913.34,3437.001,19911.15
1522,05-03-2023 09:00,1626,East,Chennai,459,Sports,UPI,0.27,4011.6,8,32092.8,8665.056,23606.81
1523,05-03-2023 10:00,1754,West,Mumbai,394,Clothing,Card,0.14,4773.48,2,9546.96,1336.5744,8170.31
1524,05-03-2023 11:00,1931,West,Pune,282,Clothing,Cash,0.08,3998.23,6,23989.38,1919.1504,22332.63
1525,05-03-2023 12:00,1291,North,Delhi,451,Electronics,NetBanking,0.27,2097.28,,18875.52,5096.3904,13488.89
1526,05-03-2023 13:00,1793,East,Pune,135,Electronics,Card,0.12,4125.39,5,20626.95,2475.234,17573.02
1527,05-03-2023 14:00,1810,East,Bangalore,469,Electronics,NetBanking,0.15,2592.51,1,2592.51,388.8765,2547.44
1528,05-03-2023 15:00,1282,West,Delhi,136,Sports,NetBanking,0.1,1460.8,8,11686.4,1168.64,10123.97
1529,05-03-2023 16:00,1068,North,Delhi,113,Home,Cash,0.2,1584.29,4,6337.16,1267.432,5346.28
1530,05-03-2023 17:00,1659,East,Bangalore,222,Electronics,UPI,0.3,1196.83,8,9574.64,2872.392,6744.62
1531,05-03-2023 18:00,1010,West,Chennai,182,Clothing,UPI,0.01,810.47,,3241.88,32.4188,3205.11
1532,05-03-2023 19:00,1253,South,Delhi,258,Home,NetBanking,0.27,1004,8,8032,2168.64,5579.86
1533,05-03-2023 20:00,1841,North,Pune,428,Clothing,Card,0,409.57,9,3686.13,0,3551.04
1534,05-03-2023 21:00,1871,South,Mumbai,201,Home,NetBanking,0.11,4453.41,5,22267.05,2449.3755,19821.76
1535,05-03-2023 22:00,1549,North,Pune,436,Sports,UPI,0.05,4661.94,5,23309.7,1165.485,22203.79
1536,05-03-2023 23:00,1133,West,Chennai,182,Home,Card,0.23,2975.17,2,5950.34,1368.5782,4310.85
1537,06-03-2023 00:00,1711,East,Mumbai,143,Clothing,UPI,0.02,4218.4,9,37965.6,759.312,37429.37
1538,06-03-2023 01:00,1022,East,Pune,167,Home,Cash,0.17,999.5,4,3998,679.66,3560.49
1539,06-03-2023 02:00,1814,East,Pune,147,Sports,UPI,0.09,4518.2,3,13554.6,1219.914,12479.85
1540,06-03-2023 03:00,1345,North,Bangalore,156,Clothing,Card,0.04,2581.17,2,5162.34,206.4936,4824.24
1541,06-03-2023 04:00,1301,West,Chennai,174,Electronics,Card,0.23,429.11,,1287.33,296.0859,1249.08
1542,06-03-2023 05:00,1362,South,Bangalore,121,Home,NetBanking,0.07,792.43,4,3169.72,221.8804,3134.16
1543,06-03-2023 06:00,1395,West,Mumbai,231,Clothing,Card,0.07,1613.98,9,14525.82,1016.8074,12922.77
1544,06-03-2023 07:00,1217,South,Bangalore,401,Home,Cash,0.08,313.43,6,1880.58,150.4464,1793.53
1545,06-03-2023 08:00,1140,North,Chennai,366,Sports,UPI,0.18,1615.54,5,8077.7,1453.986,7203.66
1546,06-03-2023 09:00,1615,North,Delhi,386,Clothing,NetBanking,0.2,393.66,9,3542.94,708.588,3125.93
1547,06-03-2023 10:00,1957,South,Delhi,494,Electronics,NetBanking,0.01,1256.54,8,10052.32,100.5232,10297.83
1548,06-03-2023 11:00,1209,South,Mumbai,219,Electronics,Card,0.07,1401.78,6,8410.68,588.7476,7611.6
1549,06-03-2023 12:00,1984,South,Delhi,345,Home,Cash,0.13,4972.41,3,14917.23,1939.2399,13015.68
1550,06-03-2023 13:00,1992,West,Bangalore,155,Sports,NetBanking,0.1,1254.18,,8779.26,877.926,7846.39
1551,06-03-2023 14:00,1622,South,Mumbai,137,Sports,Cash,0.27,1272.01,,7632.06,2060.6562,5570.73
1552,06-03-2023 15:00,1615,North,Chennai,344,Home,Cash,,3465.27,8,27722.16,6653.3184,20914.55
1553,06-03-2023 16:00,1827,North,Mumbai,120,Clothing,UPI,0.19,4310.85,6,25865.1,4914.369,20580.14
1554,06-03-2023 17:00,1682,East,Mumbai,209,Clothing,UPI,0.1,1996.57,4,7986.28,798.628,7206.95
1555,06-03-2023 18:00,1459,South,Pune,193,Home,UPI,0.21,4390.53,7,30733.71,6454.0791,24045.44
1556,06-03-2023 19:00,1355,West,Pune,493,Clothing,Cash,0.25,1766.7,7,12366.9,3091.725,9450.98
1557,06-03-2023 20:00,1323,West,Mumbai,235,Clothing,UPI,0.18,1065.38,8,8523.04,1534.1472,6979.69
1558,06-03-2023 21:00,1132,West,Delhi,330,Clothing,NetBanking,0.24,1715.23,2,3430.46,823.3104,2028.99
1559,06-03-2023 22:00,1887,East,Pune,107,Home,NetBanking,0.22,3085.85,6,18515.1,4073.322,14856.33
1560,06-03-2023 23:00,1804,North,Chennai,427,Electronics,Card,0.17,1899,3,5697,968.49,4859.11
1561,07-03-2023 00:00,1839,West,Bangalore,474,Sports,Cash,0.09,3397.18,8,27177.44,2445.9696,24594.08
1562,07-03-2023 01:00,1126,North,Pune,389,Electronics,UPI,0.22,1260.99,4,5043.96,1109.6712,3833.37
1563,07-03-2023 02:00,1105,East,Mumbai,350,Clothing,NetBanking,0.06,3534.87,4,14139.48,848.3688,12922.68
1564,07-03-2023 03:00,1603,South,Delhi,499,Home,Cash,0.23,1802.45,2,3604.9,829.127,2757.05
1565,07-03-2023 04:00,1798,South,Bangalore,460,Sports,Cash,0.24,2333.76,6,14002.56,3360.6144,10846.3
1566,07-03-2023 05:00,1377,South,Pune,496,Clothing,UPI,0.25,2832.95,6,16997.7,4249.425,13271.75
1567,07-03-2023 06:00,1904,West,Delhi,186,Sports,Cash,0.14,3462.5,1,3462.5,484.75,2951.15
1568,07-03-2023 07:00,1050,South,Delhi,303,Sports,UPI,0.06,1269.7,8,10157.6,609.456,9562.84
1569,07-03-2023 08:00,1028,West,Delhi,318,Electronics,UPI,0.03,4196.13,3,12588.39,377.6517,12568.49
1570,07-03-2023 09:00,1461,East,Mumbai,340,Clothing,UPI,0.22,3637.03,1,3637.03,800.1466,2489.24
1571,07-03-2023 10:00,1295,East,Chennai,419,Sports,Cash,0.27,1247.08,1,1247.08,336.7116,954.05
1572,07-03-2023 11:00,1296,West,Delhi,357,Electronics,Cash,0.2,4877.38,1,4877.38,975.476,3675.03
1573,07-03-2023 12:00,1725,North,Bangalore,208,Home,UPI,0.04,3357.51,5,16787.55,671.502,16155.4
1574,07-03-2023 13:00,1778,South,Pune,355,Sports,Cash,0.28,2316.89,5,11584.45,3243.646,8621.83
1575,07-03-2023 14:00,1406,South,Bangalore,381,Clothing,UPI,0.3,871.88,1,871.88,261.564,114.67
1576,07-03-2023 15:00,1768,South,Mumbai,319,Home,Card,0.13,2712.78,5,13563.9,1763.307,12133.94
1577,07-03-2023 16:00,1813,West,Mumbai,182,Sports,Cash,0.18,907.4,7,6351.8,1143.324,5316.38
1578,07-03-2023 17:00,1612,East,Bangalore,206,Sports,Cash,0.23,2204.51,5,11022.55,2535.1865,8529.34
1579,07-03-2023 18:00,1404,South,Chennai,168,Clothing,Card,0.22,2102.69,9,18924.21,4163.3262,15164.68
1580,07-03-2023 19:00,1345,East,Mumbai,196,Sports,Card,0.29,,4,14510.8,4208.132,10065.47
1581,07-03-2023 20:00,1621,South,Mumbai,311,Clothing,Card,0.03,1042.68,9,9384.12,281.5236,8700.65
1582,07-03-2023 21:00,1419,South,Bangalore,385,Clothing,UPI,0.17,4127.17,8,33017.36,5612.9512,27097.08
1583,07-03-2023 22:00,1181,West,Mumbai,336,Clothing,UPI,0.21,1698.05,1,1698.05,356.5905,1501.27
1584,07-03-2023 23:00,1982,North,Chennai,107,Clothing,NetBanking,,2275.54,4,9102.16,2457.5832,6496.09
1585,08-03-2023 00:00,1824,West,Chennai,393,Sports,Card,,3884.47,7,27191.29,7069.7354,19859.49
1586,08-03-2023 01:00,1000,South,Chennai,288,Home,NetBanking,0.29,3164.42,1,3164.42,917.6818,1953.53
1587,08-03-2023 02:00,1830,South,Pune,180,Home,UPI,0.15,1609.32,8,12874.56,1931.184,10995.8
1588,08-03-2023 03:00,1949,North,Chennai,207,Electronics,Cash,0.25,1992.39,2,3984.78,996.195,2980.32
1589,08-03-2023 04:00,1566,East,Chennai,420,Clothing,Card,0.13,1598.36,8,12786.88,1662.2944,10698.95
1590,08-03-2023 05:00,1370,East,Pune,166,Sports,Cash,0.13,,4,12057.48,1567.4724,10074.38
1591,08-03-2023 06:00,1935,South,Delhi,273,Sports,UPI,0.08,1729.86,8,13838.88,1107.1104,12573.71
1592,08-03-2023 07:00,1910,East,Mumbai,445,Electronics,Card,0.25,3655.92,1,3655.92,913.98,3017.37
1593,08-03-2023 08:00,1660,South,Chennai,450,Home,NetBanking,0.3,2940.96,5,14704.8,4411.44,10165.59
1594,08-03-2023 09:00,1430,North,Mumbai,427,Sports,NetBanking,0.08,813.96,9,7325.64,586.0512,6296.64
1595,08-03-2023 10:00,1968,North,Bangalore,142,Electronics,UPI,0.02,1620.32,7,11342.24,226.8448,11089.41
1596,08-03-2023 11:00,1308,South,Mumbai,286,Home,Cash,0.24,1185.09,,3555.27,853.2648,2713.42
1597,08-03-2023 12:00,1136,North,Pune,401,Sports,UPI,0.19,2012.53,4,8050.12,1529.5228,6075.08
1598,08-03-2023 13:00,1201,West,Mumbai,299,Clothing,Cash,0.29,2628.32,7,18398.24,5335.4896,12697.41
1599,08-03-2023 14:00,1435,West,Mumbai,480,Electronics,UPI,0.08,2583.14,6,15498.84,1239.9072,14482.11
1600,08-03-2023 15:00,1312,North,Mumbai,138,Sports,NetBanking,0.02,3797.17,4,15188.68,303.7736,14515.78
1601,08-03-2023 16:00,1116,South,Delhi,319,Electronics,Cash,0.15,1026.94,3,3080.82,462.123,2854.52
1602,08-03-2023 17:00,1665,South,Delhi,406,Electronics,UPI,0.03,4737.72,2,9475.44,284.2632,8727.16
1603,08-03-2023 18:00,1936,North,Bangalore,103,Electronics,Card,0.08,1779.94,9,16019.46,1281.5568,14285.08
1604,08-03-2023 19:00,1802,East,Pune,220,Clothing,NetBanking,0.04,1571.22,3,4713.66,188.5464,4532.06
1605,08-03-2023 20:00,1574,West,Mumbai,435,Home,NetBanking,0.07,3457.38,7,24201.66,1694.1162,22281.15
1606,08-03-2023 21:00,1243,East,Mumbai,176,Home,Card,0.03,,1,4047.03,121.4109,3765.18
1607,08-03-2023 22:00,1536,South,Mumbai,278,Sports,UPI,0.29,1954.51,8,15636.08,4534.4632,11147.11
1608,08-03-2023 23:00,1601,South,Mumbai,232,Clothing,Cash,,3759.55,1,3759.55,300.764,3289.54
1609,09-03-2023 00:00,1074,East,Delhi,410,Home,NetBanking,0.13,4430.31,2,8860.62,1151.8806,7424.3
1610,09-03-2023 01:00,1805,North,Bangalore,328,Sports,UPI,0.27,3857.34,1,3857.34,1041.4818,11852.04
1611,09-03-2023 02:00,1385,East,Chennai,375,Sports,Card,0.2,267.56,4,1070.24,214.048,910.41
1612,09-03-2023 03:00,1902,East,Pune,251,Electronics,Cash,0.19,4154.11,2,8308.22,1578.5618,6742.63
1613,09-03-2023 04:00,1209,West,Mumbai,263,Clothing,UPI,0.21,3894.96,1,3894.96,817.9416,3071.58
1614,09-03-2023 05:00,1474,West,Bangalore,389,Home,UPI,0.25,3379.52,1,3379.52,844.88,2294.06
1615,09-03-2023 06:00,1417,East,Chennai,477,Clothing,NetBanking,0.26,3824.11,2,7648.22,1988.5372,5356.56
1616,09-03-2023 07:00,1346,East,Bangalore,208,Clothing,NetBanking,0.19,4899.18,6,29395.08,5585.0652,23706.6
1617,09-03-2023 08:00,1528,South,Delhi,225,Home,Cash,0.27,2212.45,2,4424.9,1194.723,2994.57
1618,09-03-2023 09:00,1639,West,Chennai,339,Home,UPI,0.16,429.39,2,858.78,137.4048,717.63
1619,09-03-2023 10:00,1938,West,Bangalore,409,Clothing,Card,0.08,2358.36,8,18866.88,1509.3504,17240.04
1620,09-03-2023 11:00,1954,South,Delhi,488,Sports,Card,0.26,327.52,5,1637.6,425.776,1217.23
1621,09-03-2023 12:00,1875,North,Bangalore,444,Clothing,Cash,0.16,1541.83,8,12334.64,1973.5424,10333.23
1622,09-03-2023 13:00,1762,West,Bangalore,245,Home,UPI,0.27,2975.71,8,23805.68,6427.5336,17907.73
1623,09-03-2023 14:00,1178,West,Chennai,351,Clothing,NetBanking,0.01,1617.15,2,3234.3,32.343,2786.1
1624,09-03-2023 15:00,1181,North,Delhi,282,Home,UPI,0.12,3458.44,,24209.08,2905.0896,21247.79
1625,09-03-2023 16:00,1663,West,Mumbai,408,Sports,NetBanking,,4127.73,9,37149.57,10401.8796,26415.38
1626,09-03-2023 17:00,1024,West,Pune,405,Clothing,Card,0.07,2160.15,8,17281.2,1209.684,15926.59
1627,09-03-2023 18:00,1966,North,Chennai,171,Sports,Cash,0.28,,9,40596.12,11366.9136,28984.1
1628,09-03-2023 19:00,1179,North,Delhi,318,Clothing,Cash,0.29,491.21,8,3929.68,1139.6072,2981.77
1629,09-03-2023 20:00,1709,East,Bangalore,306,Clothing,Cash,0.26,4216.55,4,16866.2,4385.212,12038.81
1630,09-03-2023 21:00,1500,South,Delhi,272,Home,NetBanking,0.17,4160.01,7,29120.07,4950.4119,24403.9
1631,09-03-2023 22:00,1855,South,Pune,240,Electronics,Card,0.19,1677.77,9,15099.93,2868.9867,12389.85
1632,09-03-2023 23:00,1160,North,Pune,371,Home,Card,0.26,1563.7,9,14073.3,3659.058,11030.87
1633,10-03-2023 00:00,1176,North,Mumbai,313,Clothing,Cash,0.23,1594.97,4,6379.88,1467.3724,5453.41
1634,10-03-2023 01:00,1284,West,Mumbai,368,Electronics,Cash,0.19,4075.83,7,28530.81,5420.8539,22870.58
1635,10-03-2023 02:00,1062,East,Pune,119,Electronics,NetBanking,0.29,4175.1,6,25050.6,7264.674,18156.98
1636,10-03-2023 03:00,1661,East,Chennai,165,Sports,NetBanking,0.21,1715.64,3,5146.92,1080.8532,3968.76
1637,10-03-2023 04:00,1665,North,Chennai,402,Clothing,UPI,0.29,3003.69,,18022.14,5226.4206,12887.06
1638,10-03-2023 05:00,1155,West,Bangalore,246,Home,NetBanking,0.02,780.77,8,6246.16,124.9232,6637.26
1639,10-03-2023 06:00,1881,West,Mumbai,264,Electronics,UPI,,2397.02,2,4794.04,191.7616,4374.81
1640,10-03-2023 07:00,1468,South,Bangalore,477,Electronics,Cash,0.14,4994.08,3,14982.24,2097.5136,12901.51
1641,10-03-2023 08:00,1048,South,Mumbai,409,Home,Card,0.12,878.31,8,7026.48,843.1776,5599.08
1642,10-03-2023 09:00,1966,West,Pune,105,Home,NetBanking,,4743.06,4,18972.24,4363.6152,14875
1643,10-03-2023 10:00,1848,South,Chennai,113,Electronics,Card,0.05,4138.85,4,16555.4,827.77,16358.42
1644,10-03-2023 11:00,1083,North,Chennai,231,Home,NetBanking,0.29,4863.85,2,9727.7,2821.033,7078.64
1645,10-03-2023 12:00,1360,West,Pune,441,Sports,NetBanking,0.09,979.94,1,979.94,88.1946,1302.18
1646,10-03-2023 13:00,1688,South,Bangalore,342,Electronics,UPI,0.13,1146.24,7,8023.68,1043.0784,7323.19
1647,10-03-2023 14:00,1147,East,Bangalore,330,Sports,NetBanking,0.08,182.65,4,730.6,58.448,460.17
1648,10-03-2023 15:00,1629,West,Delhi,327,Clothing,Cash,0.17,3651.04,6,21906.24,3724.0608,18279.44
1649,10-03-2023 16:00,1341,West,Mumbai,261,Sports,Card,0.02,3256.06,8,26048.48,520.9696,102702.72
1650,10-03-2023 17:00,1475,East,Bangalore,382,Home,NetBanking,0.04,,7,6807.64,272.3056,6185.41
1651,10-03-2023 18:00,1062,North,Pune,362,Electronics,Card,0.22,,7,27836.27,6123.9794,22145.69
1652,10-03-2023 19:00,1700,East,Bangalore,230,Sports,Card,0.06,1566.06,6,9396.36,563.7816,8681.17
1653,10-03-2023 20:00,1359,West,Chennai,324,Home,Card,0.07,761.48,4,3045.92,213.2144,2767.66
1654,10-03-2023 21:00,1560,North,Mumbai,357,Home,NetBanking,0.24,2170.56,4,8682.24,2083.7376,6519.41
1655,10-03-2023 22:00,1326,South,Delhi,333,Sports,UPI,0.03,545.75,9,4911.75,147.3525,4775.64
1656,10-03-2023 23:00,1768,South,Mumbai,435,Electronics,Card,0.13,1389.89,5,6949.45,903.4285,6924.92
1657,11-03-2023 00:00,1735,South,Chennai,415,Sports,Card,0.01,1919.53,9,17275.77,172.7577,16921.05
1658,11-03-2023 01:00,1140,West,Chennai,123,Clothing,NetBanking,0.1,4274.13,9,38467.17,3846.717,34156.7
1659,11-03-2023 02:00,1989,East,Chennai,370,Sports,NetBanking,0.21,3983.49,4,15933.96,3346.1316,12636.91
1660,11-03-2023 03:00,1214,North,Chennai,194,Sports,Cash,0.03,2269.5,2,4539,136.17,4143.93
1661,11-03-2023 04:00,1434,South,Pune,241,Electronics,Cash,0.27,3650.42,2,7300.84,1971.2268,5207.03
1662,11-03-2023 05:00,1890,North,Delhi,281,Sports,UPI,0.27,2886.38,9,25977.42,7013.9034,19149.47
1663,11-03-2023 06:00,1951,West,Chennai,305,Home,UPI,0.03,1770.13,9,15931.17,477.9351,15126.97
1664,11-03-2023 07:00,1722,South,Chennai,489,Electronics,UPI,0.3,3656.78,3,10970.34,3291.102,7570.01
1665,11-03-2023 08:00,1317,West,Bangalore,180,Home,UPI,0.09,3449.15,5,17245.75,1552.1175,15781.52
1666,11-03-2023 09:00,1031,East,Delhi,373,Electronics,Card,0.03,3133.56,5,15667.8,470.034,14964.26
1667,11-03-2023 10:00,1669,West,Mumbai,375,Clothing,NetBanking,0,3127.98,2,6255.96,0,6244.09
1668,11-03-2023 11:00,1284,West,Delhi,470,Clothing,Cash,0.12,,2,6893.22,827.1864,6153.76
1669,11-03-2023 12:00,1304,East,Delhi,307,Clothing,Card,,1984.27,1,1984.27,377.0113,1572.36
1670,11-03-2023 13:00,1428,North,Delhi,395,Sports,NetBanking,0.1,4358.47,2,8716.94,871.694,7892.32
1671,11-03-2023 14:00,1476,East,Chennai,138,Clothing,NetBanking,0.25,895.31,7,6267.17,1566.7925,4807.43
1672,11-03-2023 15:00,1285,East,Chennai,387,Electronics,Card,0.21,4431.04,1,4431.04,930.5184,3298.55
1673,11-03-2023 16:00,1143,West,Pune,223,Clothing,Card,0.11,1777.18,1,1777.18,195.4898,1141.24
1674,11-03-2023 17:00,1423,North,Mumbai,463,Electronics,Cash,0.22,712.65,9,6413.85,1411.047,4692.13
1675,11-03-2023 18:00,1018,South,Bangalore,382,Home,UPI,0.28,3040.13,2,6080.26,1702.4728,4018.34
1676,11-03-2023 19:00,1017,East,Delhi,465,Sports,UPI,0.03,1942.33,4,7769.32,233.0796,7905.98
1677,11-03-2023 20:00,1768,North,Mumbai,279,Home,Cash,0.09,4095.95,,12287.85,1105.9065,10661.14
1678,11-03-2023 21:00,1589,East,Mumbai,196,Home,Cash,0.14,2210.85,4,8843.4,1238.076,7793.75
1679,11-03-2023 22:00,1370,East,Pune,290,Clothing,UPI,0.15,3375.96,7,23631.72,3544.758,19881.59
1680,11-03-2023 23:00,1174,East,Bangalore,173,Clothing,Card,0.16,1610.46,2,3220.92,515.3472,3016.19
1681,12-03-2023 00:00,1193,East,Delhi,372,Clothing,UPI,0.09,1126.32,2,2252.64,202.7376,1923.28
1682,12-03-2023 01:00,1501,West,Bangalore,148,Home,NetBanking,0.2,2001.44,9,18012.96,3602.592,14419.66
1683,12-03-2023 02:00,1987,North,Pune,436,Sports,NetBanking,0.19,3073.36,6,18440.16,3503.6304,15091.74
1684,12-03-2023 03:00,1112,North,Chennai,309,Sports,Cash,0.17,3319.04,7,23233.28,3949.6576,19659.9
1685,12-03-2023 04:00,1113,North,Mumbai,215,Home,UPI,0.03,2933.21,5,14666.05,439.9815,14055.04
1686,12-03-2023 05:00,1221,East,Delhi,122,Sports,UPI,0.14,4941.47,5,24707.35,3459.029,21063.39
1687,12-03-2023 06:00,1677,West,Chennai,197,Home,NetBanking,,,4,13945.36,1533.9896,12564.78
1688,12-03-2023 07:00,1946,East,Pune,427,Home,UPI,0.15,4664.45,8,37315.6,5597.34,31242.16
1689,12-03-2023 08:00,1830,East,Bangalore,496,Sports,Cash,0.28,677.87,7,4745.09,1328.6252,2901.2
1690,12-03-2023 09:00,1643,North,Mumbai,412,Electronics,Cash,0.14,400.73,2,801.46,112.2044,799.35
1691,12-03-2023 10:00,1896,East,Delhi,289,Electronics,NetBanking,0,1623.87,2,3247.74,0,3448.51
1692,12-03-2023 11:00,1263,South,Chennai,281,Clothing,UPI,0.13,769.29,6,4615.74,600.0462,4115.84
1693,12-03-2023 12:00,1924,East,Chennai,247,Sports,UPI,0.25,2676.76,1,2676.76,669.19,1978.27
1694,12-03-2023 13:00,1054,South,Mumbai,441,Clothing,NetBanking,0.23,2643.01,7,18501.07,4255.2461,14084.29
1695,12-03-2023 14:00,1870,East,Bangalore,122,Home,Card,0.15,2917.73,8,23341.84,3501.276,20316.83
1696,12-03-2023 15:00,1642,West,Pune,204,Electronics,Card,0.07,3751.62,8,30012.96,2100.9072,28427.36
1697,12-03-2023 16:00,1799,West,Bangalore,262,Sports,UPI,,4859.52,3,14578.56,2040.9984,12569.85
1698,12-03-2023 17:00,1777,North,Bangalore,166,Sports,Cash,0.17,,7,30824.29,5240.1293,25379.04
1699,12-03-2023 18:00,1457,East,Bangalore,389,Sports,Card,0.3,680,1,680,204,173.27
1700,12-03-2023 19:00,1978,South,Mumbai,388,Electronics,UPI,0.19,1758.72,3,5276.16,1002.4704,4403.05
1701,12-03-2023 20:00,1877,South,Mumbai,145,Clothing,Card,,1353.53,,8121.18,1705.4478,6047.19
1702,12-03-2023 21:00,1161,East,Pune,180,Electronics,NetBanking,0.15,966.41,9,8697.69,1304.6535,28125.76
1703,12-03-2023 22:00,1379,South,Bangalore,246,Clothing,Card,0.11,2769.15,5,13845.75,1523.0325,12177.44
1704,12-03-2023 23:00,1992,West,Mumbai,321,Home,Card,0.24,2811,5,14055,3373.2,10833.96
1705,13-03-2023 00:00,1086,South,Pune,442,Home,NetBanking,0.15,1213.5,9,10921.5,1638.225,9723.89
1706,13-03-2023 01:00,1054,North,Pune,114,Clothing,Cash,0.3,3588.3,9,32294.7,9688.41,22681.53
1707,13-03-2023 02:00,1475,West,Bangalore,478,Home,UPI,0.14,3691.28,6,22147.68,3100.6752,19195.99
1708,13-03-2023 03:00,1799,West,Delhi,220,Home,Cash,0.02,202.8,5,1014,20.28,1288.52
1709,13-03-2023 04:00,1177,West,Bangalore,177,Sports,Cash,0.2,2039.21,2,4078.42,815.684,3529.56
1710,13-03-2023 05:00,1390,East,Delhi,421,Sports,Card,0.01,4461.69,,35693.52,356.9352,35171
1711,13-03-2023 06:00,1348,East,Pune,394,Electronics,UPI,0.08,2649.56,8,21196.48,1695.7184,19762.12
1712,13-03-2023 07:00,1007,West,Mumbai,340,Electronics,Card,0.11,1803.38,7,12623.66,1388.6026,11544.6
1713,13-03-2023 08:00,1832,East,Chennai,117,Electronics,NetBanking,0.22,1343.01,8,10744.08,2363.6976,8473.6
1714,13-03-2023 09:00,1312,South,Pune,355,Sports,Cash,0.15,1292.44,3,3877.32,581.598,3336.66
1715,13-03-2023 10:00,1758,East,Mumbai,376,Electronics,Cash,0.01,588.86,3,1766.58,17.6658,1928.75
1716,13-03-2023 11:00,1834,East,Pune,126,Electronics,NetBanking,0.19,4104.41,2,8208.82,1559.6758,6797.65
1717,13-03-2023 12:00,1983,West,Bangalore,101,Sports,UPI,0.12,,1,524.62,62.9544,-97.24
1718,13-03-2023 13:00,1982,North,Delhi,452,Clothing,Cash,0.28,1532.24,3,4596.72,1287.0816,3438.29
1719,13-03-2023 14:00,1442,North,Pune,394,Sports,Cash,0.15,323.81,3,971.43,145.7145,1179.45
1720,13-03-2023 15:00,1766,North,Mumbai,411,Clothing,UPI,0.21,3928.79,7,27501.53,5775.3213,22022.81
1721,13-03-2023 16:00,1327,South,Bangalore,462,Sports,Card,0.07,292.49,9,2632.41,184.2687,2561.29
1722,13-03-2023 17:00,1053,East,Chennai,482,Electronics,NetBanking,0.23,1610.68,1,1610.68,370.4564,1284.64
1723,13-03-2023 18:00,1760,North,Bangalore,338,Home,UPI,0.22,2909.16,8,23273.28,5120.1216,18034.1
1724,13-03-2023 19:00,1238,West,Delhi,112,Home,NetBanking,0.27,2106.85,1,2106.85,568.8495,1503.65
1725,13-03-2023 20:00,1228,North,Bangalore,481,Clothing,NetBanking,0.01,1483.13,3,4449.39,44.4939,4623.1
1726,13-03-2023 21:00,1578,North,Chennai,283,Clothing,Cash,0.13,1448.43,4,5793.72,753.1836,5155.9
1727,13-03-2023 22:00,1050,East,Mumbai,293,Clothing,UPI,0.2,4009.17,8,32073.36,6414.672,25929.81
1728,13-03-2023 23:00,1608,East,Pune,155,Home,NetBanking,0.03,4872.49,1,4872.49,146.1747,4570.53
1729,14-03-2023 00:00,1603,East,Delhi,329,Clothing,Card,,1805.4,2,3610.8,433.296,3502.59
1730,14-03-2023 01:00,1263,South,Chennai,127,Sports,NetBanking,0.28,291.81,5,1459.05,408.534,864.98
1731,14-03-2023 02:00,1417,South,Delhi,419,Sports,Cash,0.13,279.17,6,1675.02,217.7526,1518.1
1732,14-03-2023 03:00,1802,North,Bangalore,170,Home,Card,,3820.15,5,19100.75,5730.225,13201.96
1733,14-03-2023 04:00,1095,East,Delhi,309,Sports,Card,0.02,2806.61,3,8419.83,168.3966,8221.9
1734,14-03-2023 05:00,1087,North,Chennai,283,Clothing,UPI,0.22,3939.6,7,27577.2,6066.984,22120.36
1735,14-03-2023 06:00,1077,West,Pune,474,Home,Card,0.17,3517.74,1,3517.74,598.0158,3072.53
1736,14-03-2023 07:00,1287,West,Pune,455,Clothing,UPI,0.15,4546.78,2,9093.56,1364.034,7797.08
1737,14-03-2023 08:00,1119,East,Delhi,140,Sports,UPI,0.29,4440.54,9,39964.86,11589.8094,28798.64
1738,14-03-2023 09:00,1813,East,Mumbai,359,Clothing,Card,0.04,3962.8,4,15851.2,634.048,14447.74
1739,14-03-2023 10:00,1490,West,Delhi,443,Home,UPI,0.27,2428.43,8,19427.44,5245.4088,14134.39
1740,14-03-2023 11:00,1911,East,Bangalore,183,Clothing,UPI,0.21,1609.82,9,14488.38,3042.5598,11295.91
1741,14-03-2023 12:00,1451,South,Pune,145,Sports,Card,,2584.43,7,18091.01,1447.2808,16386.47
1742,14-03-2023 13:00,1499,South,Pune,258,Electronics,Cash,0.27,2560.15,1,2560.15,691.2405,1410.31
1743,14-03-2023 14:00,1164,East,Pune,443,Home,NetBanking,0.13,3090.35,5,15451.75,2008.7275,13377.3
1744,14-03-2023 15:00,1181,West,Mumbai,106,Clothing,UPI,0.24,1011.88,6,6071.28,1457.1072,4822.22
1745,14-03-2023 16:00,1468,North,Mumbai,432,Home,UPI,0.12,,8,26500.32,3180.0384,23276.22
1746,14-03-2023 17:00,1909,East,Chennai,235,Clothing,Card,0.26,2337.34,8,18698.72,4861.6672,14076.73
1747,14-03-2023 18:00,1734,East,Delhi,282,Electronics,NetBanking,0.19,3139,9,28251,5367.69,22904.76
1748,14-03-2023 19:00,1822,North,Delhi,296,Sports,NetBanking,0.04,1274.06,9,11466.54,458.6616,11357.73
1749,14-03-2023 20:00,1943,East,Bangalore,271,Clothing,UPI,0.19,2228.53,4,8914.12,1693.6828,7069.6
1750,14-03-2023 21:00,1977,North,Pune,496,Clothing,Card,0.06,1129.99,6,6779.94,406.7964,5811.34
1751,14-03-2023 22:00,1006,West,Mumbai,448,Electronics,Cash,0.12,4389,3,13167,1580.04,11112.85
1752,14-03-2023 23:00,1329,South,Bangalore,375,Home,NetBanking,,2491.01,1,2491.01,124.5505,2217.13
1753,15-03-2023 00:00,1774,West,Bangalore,177,Sports,Cash,0.01,1202.41,6,7214.46,72.1446,6878.27
1754,15-03-2023 01:00,1672,South,Mumbai,277,Clothing,Card,0.06,301.92,1,301.92,18.1152,106.65
1755,15-03-2023 02:00,1150,North,Delhi,126,Clothing,Cash,0.16,3411.12,9,30700.08,4912.0128,26129.68
1756,15-03-2023 03:00,1084,South,Pune,219,Sports,Card,0.14,1151.76,6,6910.56,967.4784,5492.75
1757,15-03-2023 04:00,1146,West,Delhi,380,Electronics,UPI,0.15,4948.95,1,4948.95,742.3425,18636.2
1758,15-03-2023 05:00,1623,South,Bangalore,407,Home,Cash,0.07,2715.13,3,8145.39,570.1773,7333.48
1759,15-03-2023 06:00,1380,North,Pune,295,Sports,UPI,0.21,1515.99,1,1515.99,318.3579,824.43
1760,15-03-2023 07:00,1914,South,Chennai,376,Home,UPI,0.21,3322.62,2,6645.24,1395.5004,5208.23
1761,15-03-2023 08:00,1547,East,Bangalore,117,Electronics,Card,0.11,1448.58,6,8691.48,956.0628,8185.12
1762,15-03-2023 09:00,1284,West,Delhi,394,Electronics,Cash,0.26,4119.34,,28835.38,7497.1988,21124.49
1763,15-03-2023 10:00,1699,East,Delhi,370,Sports,NetBanking,0.19,1610.36,1,1610.36,305.9684,1124.1
1764,15-03-2023 11:00,1081,North,Delhi,152,Clothing,Cash,,4942.41,5,24712.05,5189.5305,19362.27
1765,15-03-2023 12:00,1513,South,Mumbai,393,Electronics,NetBanking,0.08,3065.21,,18391.26,1471.3008,17264.97
1766,15-03-2023 13:00,1896,East,Bangalore,151,Electronics,UPI,0,4237.61,4,16950.44,0,16816.59
1767,15-03-2023 14:00,1814,East,Pune,315,Sports,UPI,0.26,456.8,6,2740.8,712.608,2162.06
1768,15-03-2023 15:00,1708,South,Delhi,171,Sports,Card,0.25,1806.67,5,9033.35,2258.3375,6811.19
1769,15-03-2023 16:00,1915,South,Delhi,127,Sports,NetBanking,0.04,3713.69,7,25995.83,1039.8332,24923
1770,15-03-2023 17:00,1522,West,Mumbai,499,Electronics,Cash,0.11,3309.79,4,13239.16,1456.3076,11633.25
1771,15-03-2023 18:00,1745,East,Pune,351,Home,Card,0.2,1051.79,1,1051.79,210.358,1432.13
1772,15-03-2023 19:00,1385,East,Bangalore,473,Electronics,Card,0.2,1845.39,2,3690.78,738.156,3790.24
1773,15-03-2023 20:00,1706,North,Chennai,499,Sports,Card,0.26,,6,8345.22,2169.7572,5910.42
1774,15-03-2023 21:00,1470,West,Mumbai,134,Clothing,Cash,0.04,3105.51,2,6211.02,248.4408,5641.15
1775,15-03-2023 22:00,1118,North,Bangalore,300,Clothing,Card,,1788.38,5,8941.9,1162.447,7791.69
1776,15-03-2023 23:00,1395,East,Chennai,348,Sports,Cash,0.03,1614.37,4,6457.48,193.7244,5581.85
1777,16-03-2023 00:00,1531,North,Delhi,198,Clothing,Card,0.12,1116.15,7,7813.05,937.566,6889.97
1778,16-03-2023 01:00,1260,East,Delhi,407,Electronics,NetBanking,0,2104.23,4,8416.92,0,9019.08
1779,16-03-2023 02:00,1804,East,Pune,239,Home,UPI,0.27,1057.96,7,7405.72,1999.5444,5226.51
1780,16-03-2023 03:00,1933,North,Chennai,182,Electronics,NetBanking,0.16,4816.59,8,38532.72,6165.2352,32691.62
1781,16-03-2023 04:00,1255,North,Delhi,147,Sports,NetBanking,0.25,857.06,7,5999.42,1499.855,4940.37
1782,16-03-2023 05:00,1733,South,Delhi,377,Electronics,Card,0.02,4575.19,2,9150.38,183.0076,8708.9
1783,16-03-2023 06:00,1904,South,Pune,478,Clothing,NetBanking,0.07,2199.52,1,2199.52,153.9664,2099.04
1784,16-03-2023 07:00,1225,South,Bangalore,347,Electronics,NetBanking,0.08,1951.54,5,9757.7,780.616,9083.31
1785,16-03-2023 08:00,1052,East,Delhi,482,Home,NetBanking,0.12,,7,8634.29,1036.1148,7816.84
1786,16-03-2023 09:00,1939,North,Mumbai,276,Clothing,Card,0.24,3215.21,1,3215.21,771.6504,2684.09
1787,16-03-2023 10:00,1866,West,Mumbai,151,Home,Cash,,3459.09,8,27672.72,3320.7264,24688.74
1788,16-03-2023 11:00,1499,East,Bangalore,178,Home,UPI,0.06,2391.1,3,7173.3,430.398,6508.26
1789,16-03-2023 12:00,1505,West,Chennai,484,Home,UPI,0.02,372.96,7,2610.72,52.2144,2610.71
1790,16-03-2023 13:00,1853,North,Pune,421,Electronics,Cash,0.02,4600.7,3,13802.1,276.042,13970.78
1791,16-03-2023 14:00,1363,East,Mumbai,163,Electronics,Cash,0.23,4903.61,4,19614.44,4511.3212,15580.27
1792,16-03-2023 15:00,1279,West,Mumbai,107,Electronics,NetBanking,0.13,2212.11,8,17696.88,2300.5944,15463.81
1793,16-03-2023 16:00,1592,West,Bangalore,313,Electronics,UPI,0.22,3106.94,2,6213.88,1367.0536,4687.34
1794,16-03-2023 17:00,1713,South,Chennai,124,Clothing,Cash,0.2,2306.46,6,13838.76,2767.752,11381.58
1795,16-03-2023 18:00,1157,South,Chennai,355,Electronics,NetBanking,0.04,1677.21,9,15094.89,603.7956,14651.96
1796,16-03-2023 19:00,1631,South,Bangalore,342,Clothing,UPI,0.04,478.86,,4309.74,172.3896,4291.74
1797,16-03-2023 20:00,1058,East,Mumbai,297,Home,Card,0.23,2334.73,5,11673.65,2684.9395,9221.44
1798,16-03-2023 21:00,1726,North,Pune,193,Clothing,Card,0.22,4110.08,3,12330.24,2712.6528,9332.37
1799,16-03-2023 22:00,1127,North,Mumbai,306,Sports,UPI,0.11,183.45,6,1100.7,121.077,1233.76
1800,16-03-2023 23:00,1735,South,Chennai,114,Electronics,UPI,0.02,2952.33,9,26570.97,531.4194,26085.91
1801,17-03-2023 00:00,1720,South,Mumbai,277,Sports,Card,0,4415.78,6,26494.68,0,26837.13
1802,17-03-2023 01:00,1881,South,Pune,477,Clothing,Card,0.09,1165.99,4,4663.96,419.7564,4250.34
1803,17-03-2023 02:00,1114,West,Delhi,174,Electronics,UPI,0,997.95,5,4989.75,0,5164.77
1804,17-03-2023 03:00,1208,South,Mumbai,203,Sports,NetBanking,0.07,3884.16,7,27189.12,1903.2384,25423.08
1805,17-03-2023 04:00,1525,West,Bangalore,393,Electronics,Cash,0.13,1349.92,3,4049.76,526.4688,3359.51
1806,17-03-2023 05:00,1520,North,Delhi,267,Clothing,Cash,0.04,1040.72,9,9366.48,374.6592,8721.3
1807,17-03-2023 06:00,1551,East,Bangalore,214,Sports,UPI,0.03,1952.15,1,1952.15,58.5645,2135.59
1808,17-03-2023 07:00,1961,East,Bangalore,138,Clothing,Cash,0.27,2023.26,,16186.08,4370.2416,11558.78
1809,17-03-2023 08:00,1236,East,Bangalore,463,Sports,Card,0.18,4383.1,5,21915.5,3944.79,17869.89
1810,17-03-2023 09:00,1280,East,Mumbai,372,Home,Card,0.28,3130.37,9,28173.33,7888.5324,20174.91
1811,17-03-2023 10:00,1358,West,Chennai,234,Home,Cash,0.1,2089.21,2,4178.42,417.842,3870.71
1812,17-03-2023 11:00,1200,West,Delhi,473,Home,UPI,0.2,2718.5,1,2718.5,543.7,2377.52
1813,17-03-2023 12:00,1757,South,Pune,331,Home,Card,0.06,4774.43,7,33421.01,2005.2606,30948.77
1814,17-03-2023 13:00,1277,West,Chennai,138,Home,NetBanking,0.19,654.75,9,5892.75,1119.6225,4555.58
1815,17-03-2023 14:00,1234,South,Mumbai,390,Clothing,NetBanking,0.04,1117.81,5,5589.05,223.562,5133.83
1816,17-03-2023 15:00,1493,South,Bangalore,406,Home,Card,0,4816.39,4,19265.56,0,19197.15
1817,17-03-2023 16:00,1003,East,Pune,146,Clothing,Card,0.28,4790.89,4,19163.56,5365.7968,13200.09
1818,17-03-2023 17:00,1665,West,Delhi,135,Home,Cash,0.17,,8,7744.88,1316.6296,6768.39
1819,17-03-2023 18:00,1441,West,Chennai,419,Electronics,UPI,,811.03,1,811.03,227.0884,602.06
1820,17-03-2023 19:00,1028,South,Chennai,194,Home,Cash,0.1,2163.32,1,2163.32,216.332,1906.7
1821,17-03-2023 20:00,1108,South,Pune,460,Electronics,UPI,0.1,343.62,8,2748.96,274.896,2700.56
1822,17-03-2023 21:00,1609,North,Mumbai,112,Clothing,NetBanking,0.12,3309.03,2,6618.06,794.1672,5979.15
1823,17-03-2023 22:00,1726,North,Delhi,245,Home,NetBanking,0.21,479.73,6,2878.38,604.4598,2425.94
1824,17-03-2023 23:00,1804,South,Pune,467,Sports,UPI,0.17,384.35,,768.7,130.679,633.33
1825,18-03-2023 00:00,1074,North,Bangalore,164,Clothing,Cash,0.28,2477.42,5,12387.1,3468.388,8950.12
1826,18-03-2023 01:00,1837,North,Delhi,327,Home,Card,0.01,4793.15,3,14379.45,143.7945,14488.95
1827,18-03-2023 02:00,1145,South,Chennai,341,Clothing,UPI,0.21,2191.3,7,15339.1,3221.211,12277.5
1828,18-03-2023 03:00,1127,South,Pune,107,Sports,Cash,0.1,,9,16620.84,1662.084,15477.24
1829,18-03-2023 04:00,1852,West,Chennai,403,Home,NetBanking,0.05,4989.99,2,9979.98,498.999,9523.02
1830,18-03-2023 05:00,1041,South,Chennai,440,Sports,Card,0.15,2706.65,7,18946.55,2841.9825,16299.78
1831,18-03-2023 06:00,1355,South,Chennai,142,Home,NetBanking,0.15,1938.68,8,15509.44,2326.416,13146.13
1832,18-03-2023 07:00,1040,East,Mumbai,343,Electronics,UPI,0.04,1990.72,8,15925.76,637.0304,15385.84
1833,18-03-2023 08:00,1933,West,Chennai,280,Clothing,NetBanking,0.06,1055.3,7,7387.1,443.226,7056.62
1834,18-03-2023 09:00,1033,West,Bangalore,184,Sports,NetBanking,0.12,,4,10439.56,1252.7472,9053.64
1835,18-03-2023 10:00,1016,West,Bangalore,254,Clothing,UPI,0.12,2250.39,4,9001.56,1080.1872,7727.44
1836,18-03-2023 11:00,1676,East,Delhi,374,Sports,Card,0.1,1426.9,9,12842.1,1284.21,11750.24
1837,18-03-2023 12:00,1152,South,Chennai,122,Clothing,UPI,0.04,886.65,9,7979.85,319.194,7796.98
1838,18-03-2023 13:00,1997,West,Chennai,214,Clothing,Cash,0,1625.07,5,8125.35,0,8565.62
1839,18-03-2023 14:00,1377,West,Pune,405,Clothing,UPI,0.29,2592.55,7,18147.85,5262.8765,12886.34
1840,18-03-2023 15:00,1587,North,Mumbai,398,Electronics,UPI,0.28,,7,2700.81,756.2268,1646.25
1841,18-03-2023 16:00,1598,West,Delhi,198,Home,Card,0.15,853.35,9,7680.15,1152.0225,6531.59
1842,18-03-2023 17:00,1628,South,Chennai,203,Electronics,Cash,0.3,4743.52,7,33204.64,9961.392,23474.1
1843,18-03-2023 18:00,1873,South,Pune,471,Clothing,NetBanking,0.2,2759.99,8,22079.92,4415.984,17027.48
1844,18-03-2023 19:00,1341,North,Mumbai,150,Sports,NetBanking,0.02,410.9,7,2876.3,57.526,2816.92
1845,18-03-2023 20:00,1980,West,Delhi,461,Clothing,NetBanking,0.04,3496.13,4,13984.52,559.3808,13625.05
1846,18-03-2023 21:00,1026,West,Delhi,211,Home,NetBanking,0.27,402.83,2,805.66,217.5282,658.56
1847,18-03-2023 22:00,1824,West,Chennai,343,Electronics,Card,0.19,3720.48,,11161.44,2120.6736,8933.26
1848,18-03-2023 23:00,1286,East,Delhi,268,Home,Cash,0.25,3774.82,7,26423.74,6605.935,19457
1849,19-03-2023 00:00,1645,West,Pune,171,Sports,Card,0.27,3290.29,9,29612.61,7995.4047,21613.63
1850,19-03-2023 01:00,1730,South,Delhi,238,Home,UPI,0.13,3687.8,2,7375.6,958.828,6049.48
1851,19-03-2023 02:00,1167,South,Bangalore,435,Electronics,Cash,0.01,531.03,7,3717.21,37.1721,3881.97
1852,19-03-2023 03:00,1609,East,Pune,330,Sports,Cash,0.06,3661.22,4,14644.88,878.6928,13784.56
1853,19-03-2023 04:00,1267,East,Mumbai,338,Home,NetBanking,0.02,769.77,7,5388.39,107.7678,5729.12
1854,19-03-2023 05:00,1748,West,Mumbai,352,Electronics,NetBanking,0.06,1763.58,5,8817.9,529.074,7702.83
1855,19-03-2023 06:00,1820,North,Chennai,148,Electronics,NetBanking,0.12,4719.45,7,33036.15,3964.338,28969.82
1856,19-03-2023 07:00,1454,East,Chennai,402,Clothing,NetBanking,,2564.09,6,15384.54,615.3816,14989.17
1857,19-03-2023 08:00,1905,East,Bangalore,171,Home,UPI,0.05,4840.39,,9680.78,484.039,9539.54
1858,19-03-2023 09:00,1684,West,Mumbai,362,Sports,NetBanking,0.13,535.72,7,3750.04,487.5052,3494.7
1859,19-03-2023 10:00,1400,West,Mumbai,421,Clothing,Card,0.1,2440.03,5,12200.15,1220.015,10694.21
1860,19-03-2023 11:00,1921,East,Mumbai,321,Home,Cash,0.14,405.77,9,3651.93,511.2702,2996.3
1861,19-03-2023 12:00,1980,North,Mumbai,176,Home,UPI,0.13,3188.03,1,3188.03,414.4439,2102.86
1862,19-03-2023 13:00,1475,East,Delhi,161,Sports,UPI,0.19,485.66,1,485.66,92.2754,407.01
1863,19-03-2023 14:00,1701,West,Pune,256,Clothing,Cash,0.28,,2,1918.6,537.208,1730.38
1864,19-03-2023 15:00,1633,West,Pune,393,Clothing,Cash,0.03,1368.27,8,10946.16,328.3848,10619.88
1865,19-03-2023 16:00,1557,East,Bangalore,224,Sports,Cash,0.03,3768.84,9,33919.56,1017.5868,33074.98
1866,19-03-2023 17:00,1575,North,Delhi,328,Clothing,UPI,0.26,903.41,7,6323.87,1644.2062,4844.68
1867,19-03-2023 18:00,1129,East,Mumbai,439,Electronics,Card,0.15,4248.5,1,4248.5,637.275,3516.17
1868,19-03-2023 19:00,1821,East,Mumbai,260,Sports,Card,0.23,746.33,7,5224.31,1201.5913,3293.16
1869,19-03-2023 20:00,1362,West,Chennai,128,Home,Cash,0.06,,8,2181.6,130.896,2452.97
1870,19-03-2023 21:00,1704,North,Chennai,213,Sports,UPI,0.25,2035.72,7,14250.04,3562.51,10817.13
1871,19-03-2023 22:00,1818,South,Bangalore,178,Electronics,NetBanking,0.28,4899.26,5,24496.3,6858.964,17262.12
1872,19-03-2023 23:00,1692,North,Mumbai,122,Sports,UPI,0.19,640.68,7,4484.76,852.1044,3743.92
1873,20-03-2023 00:00,1291,East,Bangalore,205,Home,Cash,0.03,598.42,2,1196.84,35.9052,1220.95
1874,20-03-2023 01:00,1370,East,Delhi,230,Home,UPI,0.27,3780.72,9,34026.48,9187.1496,25232.66
1875,20-03-2023 02:00,1793,East,Pune,456,Sports,UPI,0.24,,2,3259.18,782.2032,2618.6
1876,20-03-2023 03:00,1028,North,Mumbai,272,Sports,UPI,0.23,3614.68,2,7229.36,1662.7528,5709.31
1877,20-03-2023 04:00,1148,West,Delhi,363,Electronics,NetBanking,0.01,1080.05,5,5400.25,54.0025,5406.05
1878,20-03-2023 05:00,1778,East,Mumbai,441,Electronics,Cash,0.24,2354.35,8,18834.8,4520.352,14083.53
1879,20-03-2023 06:00,1295,East,Chennai,472,Home,Cash,0.04,1399.92,6,8399.52,335.9808,8265.36
1880,20-03-2023 07:00,1010,North,Bangalore,384,Clothing,Cash,0.07,,9,20812.41,1456.8687,19347.92
1881,20-03-2023 08:00,1511,South,Chennai,101,Clothing,Card,0.17,3868.58,6,23211.48,3945.9516,75918.76
1882,20-03-2023 09:00,1675,South,Pune,332,Clothing,Card,0.08,3833.85,5,19169.25,1533.54,69752
1883,20-03-2023 10:00,1112,West,Chennai,468,Clothing,Cash,0.2,2627.28,1,2627.28,525.456,1760.98
1884,20-03-2023 11:00,1186,West,Mumbai,350,Home,UPI,,4649.02,8,37192.16,6694.5888,30815.48
1885,20-03-2023 12:00,1806,East,Chennai,420,Clothing,UPI,0.03,1392.54,3,4177.62,125.3286,4645.93
1886,20-03-2023 13:00,1743,North,Mumbai,207,Clothing,Cash,0.2,1277.53,,2555.06,511.012,2390.6
1887,20-03-2023 14:00,1226,East,Pune,375,Sports,NetBanking,,3107.65,7,21753.55,6090.994,15775.43
1888,20-03-2023 15:00,1309,West,Chennai,279,Clothing,NetBanking,0.05,3144.36,2,6288.72,314.436,5954.65
1889,20-03-2023 16:00,1097,North,Bangalore,312,Sports,UPI,0.18,328.05,1,328.05,59.049,181.72
1890,20-03-2023 17:00,1054,North,Bangalore,392,Home,UPI,0.1,3078.11,2,6156.22,615.622,5244.71
1891,20-03-2023 18:00,1622,West,Bangalore,171,Sports,Card,0.14,1934.74,6,11608.44,1625.1816,10567.3
1892,20-03-2023 19:00,1663,South,Chennai,382,Electronics,NetBanking,0.09,3762.47,2,7524.94,677.2446,6537.49
1893,20-03-2023 20:00,1757,South,Chennai,274,Sports,UPI,0.11,4059.72,1,4059.72,446.5692,3358.31
1894,20-03-2023 21:00,1405,North,Chennai,222,Clothing,UPI,0.01,2805.55,1,2805.55,28.0555,2718.84
1895,20-03-2023 22:00,1068,East,Mumbai,326,Sports,Cash,0.29,108.35,4,433.4,125.686,273.84
1896,20-03-2023 23:00,1311,South,Pune,489,Sports,Card,0.19,3218.19,8,25745.52,4891.6488,21034.48
1897,21-03-2023 00:00,1288,East,Bangalore,400,Home,NetBanking,0.15,,6,22617.12,3392.568,19022.52
1898,21-03-2023 01:00,1761,South,Mumbai,182,Home,NetBanking,0.12,1320.02,4,5280.08,633.6096,4049.89
1899,21-03-2023 02:00,1547,South,Bangalore,352,Clothing,Card,0.16,2376.77,6,14260.62,2281.6992,11909.49
1900,21-03-2023 03:00,1750,East,Mumbai,245,Electronics,UPI,0.11,4832.06,6,28992.36,3189.1596,25753.98
1901,21-03-2023 04:00,1147,West,Chennai,219,Electronics,NetBanking,0.11,1560.77,9,14046.93,1545.1623,12428.19
1902,21-03-2023 05:00,1466,South,Bangalore,164,Sports,NetBanking,0.14,1193.45,4,4773.8,668.332,4027.9
1903,21-03-2023 06:00,1738,South,Chennai,380,Electronics,NetBanking,0.08,1133.19,6,6799.14,543.9312,6150.02
1904,21-03-2023 07:00,1243,East,Bangalore,382,Home,Cash,0.05,2838.12,1,2838.12,141.906,2298.9
1905,21-03-2023 08:00,1490,West,Delhi,490,Clothing,Card,,4753.96,7,33277.72,5657.2124,112236.68
1906,21-03-2023 09:00,1848,South,Mumbai,205,Clothing,NetBanking,0.25,3082.58,7,21578.06,5394.515,16605.23
1907,21-03-2023 10:00,1957,South,Delhi,399,Home,Card,0.05,1586.28,1,1586.28,79.314,1925.59
1908,21-03-2023 11:00,1506,West,Mumbai,206,Clothing,UPI,0.01,3228.99,8,25831.92,258.3192,25217.93
1909,21-03-2023 12:00,1364,South,Pune,135,Sports,Card,0.07,3161.73,5,15808.65,1106.6055,14823.19
1910,21-03-2023 13:00,1481,West,Bangalore,246,Clothing,Cash,0.29,3024.93,9,27224.37,7895.0673,19202.45
1911,21-03-2023 14:00,1200,West,Pune,361,Electronics,Cash,,881.19,8,7049.52,1762.38,5143.98
1912,21-03-2023 15:00,1153,East,Pune,258,Clothing,Card,0.18,3209.38,3,9628.14,1733.0652,7616.48
1913,21-03-2023 16:00,1449,North,Mumbai,364,Clothing,Cash,0.28,2207.81,1,2207.81,618.1868,2359.29
1914,21-03-2023 17:00,1500,West,Delhi,301,Home,NetBanking,0.13,191.1,3,573.3,74.529,424.15
1915,21-03-2023 18:00,1072,East,Chennai,254,Home,Cash,0.29,,2,5489.7,1592.013,3621.09
1916,21-03-2023 19:00,1712,North,Mumbai,112,Electronics,UPI,0.09,4947.41,2,9894.82,890.5338,9045.74
1917,21-03-2023 20:00,1295,South,Chennai,396,Home,Card,0.07,1813.72,4,7254.88,507.8416,6975.98
1918,21-03-2023 21:00,1016,North,Pune,483,Electronics,Card,0.19,4831.24,2,9662.48,1835.8712,7784.21
1919,21-03-2023 22:00,1640,West,Chennai,421,Sports,UPI,0.11,571.41,8,4571.28,502.8408,4141.72
1920,21-03-2023 23:00,1216,West,Delhi,184,Electronics,UPI,0.19,3689.01,5,18445.05,3504.5595,15241.05
1921,22-03-2023 00:00,1060,West,Mumbai,379,Clothing,UPI,0.09,660.22,1,660.22,59.4198,314.42
1922,22-03-2023 01:00,1938,West,Delhi,344,Electronics,UPI,0.19,1440.5,6,8643,1642.17,7054.17
1923,22-03-2023 02:00,1615,West,Delhi,399,Sports,NetBanking,0.08,2897.12,7,20279.84,1622.3872,18465.75
1924,22-03-2023 03:00,1041,East,Mumbai,461,Clothing,Cash,0.02,3004.62,1,3004.62,60.0924,2712.23
1925,22-03-2023 04:00,1024,West,Delhi,453,Electronics,Cash,0.27,3898.54,3,11695.62,3157.8174,36253.56
1926,22-03-2023 05:00,1038,East,Bangalore,415,Home,NetBanking,0.26,3115.03,9,28035.27,7289.1702,20719.28
1927,22-03-2023 06:00,1802,South,Bangalore,108,Home,UPI,0.29,3008.71,7,21060.97,6107.6813,14634.71
1928,22-03-2023 07:00,1130,West,Bangalore,485,Home,Card,,4570.53,4,18282.12,3839.2452,14409.41
1929,22-03-2023 08:00,1497,West,Chennai,346,Electronics,Card,0.2,2315.59,,13893.54,2778.708,10751.99
1930,22-03-2023 09:00,1228,North,Delhi,411,Electronics,Card,0.17,1203.8,6,7222.8,1227.876,5929.69
1931,22-03-2023 10:00,1107,South,Mumbai,377,Sports,UPI,0.04,892.76,,2678.28,107.1312,2367.6
1932,22-03-2023 11:00,1171,West,Mumbai,337,Clothing,NetBanking,0.06,2059.97,2,4119.94,247.1964,4026.03
1933,22-03-2023 12:00,1434,West,Chennai,302,Clothing,NetBanking,0.09,,5,17962.45,1616.6205,16926.95
1934,22-03-2023 13:00,1477,South,Mumbai,346,Clothing,NetBanking,0.27,308.46,8,2467.68,666.2736,1748.93
1935,22-03-2023 14:00,1101,East,Bangalore,334,Clothing,Cash,0.05,732.36,3,2197.08,109.854,1894.95
1936,22-03-2023 15:00,1865,West,Delhi,180,Electronics,Cash,0.28,619.96,5,3099.8,867.944,2259.16
1937,22-03-2023 16:00,1523,North,Mumbai,455,Electronics,Cash,0.16,2967.73,3,8903.19,1424.5104,7926.07
1938,22-03-2023 17:00,1274,West,Mumbai,112,Sports,Cash,0.21,1290.04,,9030.28,1896.3588,7288.82
1939,22-03-2023 18:00,1612,North,Pune,426,Clothing,Card,0.03,914.67,6,5488.02,164.6406,5281.06
1940,22-03-2023 19:00,1043,North,Pune,115,Electronics,Card,,3004.58,,18027.48,1442.1984,15965.36
1941,22-03-2023 20:00,1954,West,Pune,144,Electronics,NetBanking,0.29,3830.42,1,3830.42,1110.8218,2703.9
1942,22-03-2023 21:00,1816,West,Delhi,420,Electronics,Cash,0.08,1727.56,2,3455.12,276.4096,3411.67
1943,22-03-2023 22:00,1956,North,Bangalore,238,Electronics,NetBanking,0.09,2933.2,6,17599.2,1583.928,16302.53
1944,22-03-2023 23:00,1016,South,Bangalore,425,Clothing,UPI,0.06,580.81,8,4646.48,278.7888,4760.94
1945,23-03-2023 00:00,1329,South,Bangalore,247,Clothing,Cash,0.04,4682.44,5,23412.2,936.488,22273.36
1946,23-03-2023 01:00,1568,West,Delhi,454,Electronics,Cash,0.07,1750.79,2,3501.58,245.1106,3135.56
1947,23-03-2023 02:00,1822,East,Delhi,335,Home,NetBanking,0.19,4987.78,5,24938.9,4738.391,20164.45
1948,23-03-2023 03:00,1496,South,Pune,290,Sports,NetBanking,0.14,4895.08,9,44055.72,6167.8008,38100.81
1949,23-03-2023 04:00,1814,West,Mumbai,200,Clothing,UPI,0.17,3916.23,6,23497.38,3994.5546,19423.89
1950,23-03-2023 05:00,1011,South,Chennai,204,Clothing,NetBanking,0.04,198.33,5,991.65,39.666,1109.43
1951,23-03-2023 06:00,1317,East,Chennai,349,Home,Cash,0.24,2763.03,6,16578.18,3978.7632,12484.11
1952,23-03-2023 07:00,1591,West,Mumbai,495,Clothing,Card,0.24,525.5,9,4729.5,1135.08,3382.67
1953,23-03-2023 08:00,1215,East,Pune,193,Home,UPI,0.01,4486.18,7,31403.26,314.0326,31422.15
1954,23-03-2023 09:00,1338,West,Mumbai,319,Home,UPI,0.12,3969.22,3,11907.66,1428.9192,10572.45
1955,23-03-2023 10:00,1775,East,Mumbai,397,Electronics,Cash,,4864.47,5,24322.35,486.447,24059.9
1956,23-03-2023 11:00,1990,South,Chennai,438,Clothing,Card,0.24,3081.08,,12324.32,2957.8368,9304.6
1957,23-03-2023 12:00,1660,South,Pune,232,Sports,NetBanking,0.22,2658.65,5,13293.25,2924.515,10609.97
1958,23-03-2023 13:00,1080,East,Delhi,460,Home,NetBanking,0.27,2642.97,8,21143.76,5708.8152,15116.14
1959,23-03-2023 14:00,1726,East,Chennai,254,Sports,Card,0.07,1993.6,6,11961.6,837.312,10853.26
1960,23-03-2023 15:00,1484,East,Delhi,127,Electronics,Card,0.14,2396.58,4,9586.32,1342.0848,8526.87
1961,23-03-2023 16:00,1373,West,Pune,381,Clothing,Cash,0.06,,5,16067.6,964.056,15082.47
1962,23-03-2023 17:00,1975,South,Mumbai,215,Electronics,NetBanking,0.11,4671.44,7,32700.08,3597.0088,29029.11
1963,23-03-2023 18:00,1709,West,Bangalore,404,Electronics,Cash,0.16,3019.83,8,24158.64,3865.3824,20017.4
1964,23-03-2023 19:00,1199,South,Bangalore,333,Sports,NetBanking,0.02,4299.87,5,21499.35,429.987,21310.7
1965,23-03-2023 20:00,1536,North,Pune,100,Sports,NetBanking,0.21,4327.62,2,8655.24,1817.6004,7397.26
1966,23-03-2023 21:00,1465,West,Bangalore,447,Home,Card,0.16,2642.28,6,15853.68,2536.5888,13499.38
1967,23-03-2023 22:00,1088,South,Delhi,339,Clothing,Cash,0.25,1802.6,9,16223.4,4055.85,12032.81
1968,23-03-2023 23:00,1267,South,Bangalore,157,Electronics,Card,0.08,3233.91,3,9701.73,776.1384,9341.63
1969,24-03-2023 00:00,1654,West,Pune,434,Home,Cash,0.27,2284.8,7,15993.6,4318.272,11783.15
1970,24-03-2023 01:00,1570,West,Pune,282,Home,NetBanking,0.3,499.06,,3992.48,1197.744,2664.84
1971,24-03-2023 02:00,1921,South,Delhi,436,Electronics,UPI,,1951.26,6,11707.56,3278.1168,8812.15
1972,24-03-2023 03:00,1488,West,Bangalore,125,Electronics,UPI,0.23,4970.95,3,14912.85,3429.9555,11428.77
1973,24-03-2023 04:00,1876,East,Bangalore,176,Home,Cash,0.24,337.71,1,337.71,81.0504,-176.15
1974,24-03-2023 05:00,1537,West,Mumbai,316,Electronics,Cash,0.17,3513.67,3,10541.01,1791.9717,8653.75
1975,24-03-2023 06:00,1046,West,Chennai,427,Electronics,Card,0.06,4221.82,6,25330.92,1519.8552,23970.69
1976,24-03-2023 07:00,1287,West,Pune,424,Sports,NetBanking,0.2,3278.76,4,13115.04,2623.008,10276.73
1977,24-03-2023 08:00,1777,South,Mumbai,361,Clothing,UPI,0.21,2891.77,1,2891.77,607.2717,1722.8
1978,24-03-2023 09:00,1015,East,Pune,122,Home,Card,,3567.02,6,21402.12,6420.636,15422.43
1979,24-03-2023 10:00,1710,North,Mumbai,343,Electronics,Cash,0.16,,1,2203.78,352.6048,2749.35
1980,24-03-2023 11:00,1400,North,Chennai,257,Home,NetBanking,0.08,547.67,8,4381.36,350.5088,3888.21
1981,24-03-2023 12:00,1918,East,Mumbai,305,Clothing,Card,0.21,4815.62,3,14446.86,3033.8406,11224.07
1982,24-03-2023 13:00,1793,East,Pune,409,Home,Card,0.29,2218.27,3,6654.81,1929.8949,4320.79
1983,24-03-2023 14:00,1980,East,Bangalore,186,Home,Cash,0.05,3360.41,1,3360.41,168.0205,2946.03
1984,24-03-2023 15:00,1085,South,Pune,366,Home,NetBanking,0.1,2703.42,3,8110.26,811.026,6840.88
1985,24-03-2023 16:00,1249,North,Delhi,233,Sports,UPI,0.16,367.9,7,2575.3,412.048,1771.76
1986,24-03-2023 17:00,1390,East,Delhi,366,Clothing,Card,0.05,4768.46,8,38147.68,1907.384,36240.97
1987,24-03-2023 18:00,1781,South,Delhi,432,Clothing,Cash,0.01,3983.43,8,31867.44,318.6744,31075.06
1988,24-03-2023 19:00,1334,North,Delhi,367,Home,Card,0.1,830.58,3,2491.74,249.174,1802.04
1989,24-03-2023 20:00,1628,West,Chennai,152,Home,Cash,0.26,4910.08,5,24550.4,6383.104,18229.4
1990,24-03-2023 21:00,1518,South,Bangalore,198,Clothing,Cash,0.01,3710.82,1,3710.82,37.1082,3488.47
1991,24-03-2023 22:00,1136,North,Bangalore,346,Electronics,Cash,0.13,2414.38,9,21729.42,2824.8246,19011.6
1992,24-03-2023 23:00,1882,South,Pune,135,Sports,NetBanking,0.23,3095.71,8,24765.68,5696.1064,18966.97
1993,25-03-2023 00:00,1687,North,Mumbai,127,Clothing,UPI,0.29,623.01,2,1246.02,361.3458,829.01
1994,25-03-2023 01:00,1839,North,Pune,319,Home,NetBanking,,2846.02,1,2846.02,853.806,2226.25
1995,25-03-2023 02:00,1497,West,Pune,201,Electronics,UPI,0.13,460.94,4,1843.76,239.6888,1439.46
1996,25-03-2023 03:00,1826,South,Pune,362,Electronics,Cash,,2769.79,9,24928.11,7229.1519,17911.87
1997,25-03-2023 04:00,1726,East,Pune,370,Electronics,UPI,0.01,2808.21,8,22465.68,224.6568,22115.07
1998,25-03-2023 05:00,1476,West,Bangalore,323,Sports,NetBanking,0.22,4384.75,3,13154.25,2893.935,10014.09
1999,25-03-2023 06:00,1593,West,Mumbai,238,Sports,Card,0.19,3652.78,6,21916.68,4164.1692,17430.31
2000,25-03-2023 07:00,1222,North,Pune,379,Clothing,NetBanking,0.07,1322.81,9,11905.29,833.3703,10574.92
2001,25-03-2023 08:00,1989,East,Bangalore,385,Clothing,NetBanking,0.15,4453.29,8,35626.32,5343.948,29910.25
2002,25-03-2023 09:00,1371,South,Pune,349,Clothing,NetBanking,0.04,2908.89,5,14544.45,581.778,13430.62
2003,25-03-2023 10:00,1934,East,Delhi,421,Clothing,NetBanking,0.26,3071.26,9,27641.34,7186.7484,20156.24
2004,25-03-2023 11:00,1994,East,Pune,416,Home,NetBanking,0.11,928.01,9,8352.09,918.7299,7679.66
2005,25-03-2023 12:00,1401,East,Pune,177,Sports,UPI,0.19,4303.09,3,12909.27,2452.7613,10454.01
2006,25-03-2023 13:00,1442,East,Chennai,396,Electronics,UPI,0.05,4661.73,8,37293.84,1864.692,35312.79
2007,25-03-2023 14:00,1489,East,Delhi,437,Home,Card,0.06,3897.45,4,15589.8,935.388,14447.03
2008,25-03-2023 15:00,1614,North,Mumbai,406,Clothing,NetBanking,0.3,4709.69,7,32967.83,9890.349,23053.11
2009,25-03-2023 16:00,1272,North,Pune,450,Clothing,NetBanking,,1581.27,8,12650.16,2909.5368,9749.69
2010,25-03-2023 17:00,1525,West,Mumbai,112,Home,Card,0.29,4319.48,7,30236.36,8768.5444,21133.3
2011,25-03-2023 18:00,1158,North,Delhi,445,Electronics,Card,0.09,2495.58,5,12477.9,1123.011,11493.96
2012,25-03-2023 19:00,1151,West,Pune,495,Sports,Cash,0.05,903.19,1,903.19,45.1595,760.34
2013,25-03-2023 20:00,1994,West,Chennai,181,Sports,Card,0.15,3377.12,8,27016.96,4052.544,23053.46
2014,25-03-2023 21:00,1619,South,Bangalore,108,Electronics,Card,0.15,3452.19,5,17260.95,2589.1425,14662.2
2015,25-03-2023 22:00,1187,East,Chennai,312,Sports,Card,0.05,1505.93,3,4517.79,225.8895,3866.38
2016,25-03-2023 23:00,1812,North,Chennai,147,Clothing,Cash,0.22,234.72,2,469.44,103.2768,756.42
2017,26-03-2023 00:00,1097,South,Bangalore,148,Clothing,UPI,0.11,1079.25,3,3237.75,356.1525,2878.16
2018,26-03-2023 01:00,1130,North,Bangalore,408,Clothing,Cash,0.06,,9,18530.19,1111.8114,17308.07
2019,26-03-2023 02:00,1804,West,Bangalore,139,Clothing,UPI,0.1,921.06,2,1842.12,184.212,1832.67
2020,26-03-2023 03:00,1170,North,Pune,462,Electronics,Card,0.17,1050.75,1,1050.75,178.6275,524.92
2021,26-03-2023 04:00,1935,East,Mumbai,379,Sports,Cash,0.22,2017.81,2,4035.62,887.8364,2675.5
2022,26-03-2023 05:00,1985,West,Mumbai,325,Sports,Cash,0.14,4812.75,2,9625.5,1347.57,8444.91
2023,26-03-2023 06:00,1182,West,Bangalore,207,Home,UPI,0.16,3844.79,5,19223.95,3075.832,16492.09
2024,26-03-2023 07:00,1982,South,Chennai,344,Electronics,Cash,0.04,1666.77,1,1666.77,66.6708,1686.02
2025,26-03-2023 08:00,1363,East,Delhi,354,Sports,Cash,0.27,4762.86,8,38102.88,10287.7776,28056.84
2026,26-03-2023 09:00,1038,West,Bangalore,132,Sports,NetBanking,0.28,3263.67,2,6527.34,1827.6552,4319.83
2027,26-03-2023 10:00,1526,East,Chennai,122,Home,UPI,0.21,2331.7,6,13990.2,2937.942,10944.48
2028,26-03-2023 11:00,1887,North,Chennai,432,Clothing,Cash,,2394.67,5,11973.35,119.7335,11656.2
2029,26-03-2023 12:00,1496,East,Pune,153,Sports,Cash,0.16,2112.65,2,4225.3,676.048,3857.53
2030,26-03-2023 13:00,1515,West,Pune,408,Clothing,Card,0.19,1241.66,1,1241.66,235.9154,1153.96
2031,26-03-2023 14:00,1348,South,Mumbai,148,Home,NetBanking,0.3,1994.5,6,11967,3590.1,8686.25
2032,26-03-2023 15:00,1981,West,Mumbai,177,Sports,NetBanking,,2686.69,6,16120.14,4836.042,11098.74
2033,26-03-2023 16:00,1920,East,Delhi,435,Clothing,Card,0.26,2687.33,3,8061.99,2096.1174,5626.43
2034,26-03-2023 17:00,1396,East,Delhi,457,Electronics,Card,0.02,3832.51,8,30660.08,613.2016,30445.6
2035,26-03-2023 18:00,1721,West,Delhi,221,Clothing,Card,0.29,1858.11,9,16722.99,4849.6671,11881.16
2036,26-03-2023 19:00,1160,East,Delhi,458,Clothing,Card,0.18,,3,10836.93,1950.6474,9205.75
2037,26-03-2023 20:00,1015,North,Chennai,189,Clothing,NetBanking,0.24,2932.65,9,26393.85,6334.524,20039.84
2038,26-03-2023 21:00,1492,West,Chennai,445,Clothing,Cash,0.12,4813.04,8,38504.32,4620.5184,34544.96
2039,26-03-2023 22:00,1425,South,Mumbai,292,Electronics,Cash,0.1,,5,9939.5,993.95,9298.95
2040,26-03-2023 23:00,1107,West,Pune,476,Home,Card,0.14,4515.96,6,27095.76,3793.4064,23254.34
2041,27-03-2023 00:00,1893,North,Pune,343,Clothing,UPI,0.04,4121.15,,4121.15,164.846,3962.46
2042,27-03-2023 01:00,1449,North,Bangalore,248,Clothing,Card,0.11,3224.55,5,16122.75,1773.5025,14356.44
2043,27-03-2023 02:00,1310,North,Chennai,245,Sports,Cash,0.26,3307.12,7,23149.84,6018.9584,16790.06
2044,27-03-2023 03:00,1738,North,Delhi,415,Sports,UPI,0.01,514.78,1,514.78,5.1478,365.05
2045,27-03-2023 04:00,1169,North,Delhi,477,Electronics,Card,,4756.1,9,42804.9,2140.245,40497.26
2046,27-03-2023 05:00,1545,South,Bangalore,240,Electronics,UPI,0.04,,7,4367.93,174.7172,4262.97
2047,27-03-2023 06:00,1413,East,Pune,385,Electronics,Card,0.12,2859.84,4,11439.36,1372.7232,9822.1
2048,27-03-2023 07:00,1250,North,Delhi,485,Sports,NetBanking,0.3,1717.35,4,6869.4,2060.82,4763.56
2049,27-03-2023 08:00,1758,North,Pune,438,Clothing,Cash,0.05,2206.27,7,15443.89,772.1945,14561.84
2050,27-03-2023 09:00,1780,West,Bangalore,210,Sports,Card,,3089.9,6,18539.4,741.576,17820.57
2051,27-03-2023 10:00,1140,South,Pune,207,Home,UPI,0.27,4553.37,3,13660.11,3688.2297,10412.31
2052,27-03-2023 11:00,1273,South,Pune,466,Electronics,Cash,0.26,,9,21078.72,5480.4672,15926.88
2053,27-03-2023 12:00,1415,East,Pune,380,Electronics,Card,0.01,4939.87,6,29639.22,296.3922,28949.68
2054,27-03-2023 13:00,1607,South,Delhi,149,Electronics,Card,0.23,3004.78,2,6009.56,1382.1988,4611.81
2055,27-03-2023 14:00,1738,West,Mumbai,113,Home,Card,,886.71,2,1773.42,354.684,1327.88
2056,27-03-2023 15:00,1890,West,Chennai,233,Clothing,Card,0.23,1031.05,1,1031.05,237.1415,599.93
2057,27-03-2023 16:00,1038,East,Pune,175,Clothing,NetBanking,,3608.94,5,18044.7,2706.705,15983.9
2058,27-03-2023 17:00,1813,West,Pune,183,Clothing,Cash,0.3,346.95,6,2081.7,624.51,1299.16
2059,27-03-2023 18:00,1028,North,Pune,442,Electronics,NetBanking,,2453.67,3,7361.01,73.6101,7150.17
2060,27-03-2023 19:00,1957,North,Mumbai,257,Clothing,Cash,0.07,,4,3305.08,231.3556,3600.04
2061,27-03-2023 20:00,1476,West,Bangalore,385,Sports,Card,0.12,2222.77,5,11113.85,1333.662,10070.9
2062,27-03-2023 21:00,1317,East,Delhi,413,Electronics,Cash,,3774.6,4,15098.4,1962.792,13002.62
2063,27-03-2023 22:00,1244,South,Mumbai,193,Home,UPI,0.28,2348.18,9,21133.62,5917.4136,15444.39
2064,27-03-2023 23:00,1747,East,Pune,396,Home,Cash,0.17,,3,2702.73,459.4641,2171.44
2065,28-03-2023 00:00,1696,South,Mumbai,193,Clothing,UPI,0.01,1334.43,5,6672.15,66.7215,6553.58
2066,28-03-2023 01:00,1271,West,Mumbai,156,Electronics,UPI,0.12,1900.94,7,13306.58,1596.7896,11468.18
2067,28-03-2023 02:00,1439,West,Mumbai,263,Sports,NetBanking,0.12,440.85,7,3085.95,370.314,1985.72
2068,28-03-2023 03:00,1747,North,Bangalore,419,Sports,Cash,0.29,2963.25,6,17779.5,5156.055,12195.98
2069,28-03-2023 04:00,1238,South,Chennai,197,Electronics,Card,0.18,3076.92,9,27692.28,4984.6104,22376.29
2070,28-03-2023 05:00,1376,East,Delhi,115,Clothing,Cash,0.19,404.54,7,2831.78,538.0382,2419.44
2071,28-03-2023 06:00,1265,West,Bangalore,443,Home,NetBanking,0.21,2071.33,4,8285.32,1739.9172,6591.43
2072,28-03-2023 07:00,1925,East,Bangalore,177,Home,UPI,0.23,,9,19157.4,4406.202,15077.07
2073,28-03-2023 08:00,1920,North,Chennai,445,Sports,UPI,0.19,1735.72,6,10414.32,1978.7208,8074.6
2074,28-03-2023 09:00,1358,South,Bangalore,171,Sports,NetBanking,0.07,2832.92,1,2832.92,198.3044,3170.65
2075,28-03-2023 10:00,1339,South,Mumbai,369,Sports,NetBanking,0.26,1795.19,9,16156.71,4200.7446,12464.27
2076,28-03-2023 11:00,1388,West,Mumbai,386,Home,Cash,0.22,2140.41,7,14982.87,3296.2314,11697.27
2077,28-03-2023 12:00,1576,South,Pune,165,Sports,UPI,0.22,4007.87,6,24047.22,5290.3884,18550.96
2078,28-03-2023 13:00,1989,West,Bangalore,467,Home,NetBanking,0.3,894.34,6,5366.04,1609.812,3565.88
2079,28-03-2023 14:00,1688,North,Pune,167,Home,Cash,0.24,3133.66,4,12534.64,3008.3136,9585.77
2080,28-03-2023 15:00,1002,South,Delhi,292,Clothing,Cash,0.25,2577.41,,10309.64,2577.41,8297.01
2081,28-03-2023 16:00,1428,West,Mumbai,154,Clothing,Card,0.29,,,4784.55,1387.5195,3368.55
2082,28-03-2023 17:00,1141,East,Delhi,478,Clothing,UPI,0.05,3664.92,8,29319.36,1465.968,27378.78
2083,28-03-2023 18:00,1375,West,Chennai,267,Sports,Cash,0.15,2800.82,8,22406.56,3360.984,19614.19
2084,28-03-2023 19:00,1669,South,Mumbai,124,Home,NetBanking,0.17,2439.07,2,4878.14,829.2838,3928.74
2085,28-03-2023 20:00,1323,North,Delhi,230,Sports,UPI,0.1,3371.58,5,16857.9,1685.79,15608.25
2086,28-03-2023 21:00,1145,South,Chennai,424,Home,NetBanking,0.25,4031.22,9,36280.98,9070.245,27398.47
2087,28-03-2023 22:00,1957,South,Delhi,201,Clothing,NetBanking,0.23,4866.08,,43794.72,10072.7856,33677.41
2088,28-03-2023 23:00,1292,West,Chennai,473,Clothing,Cash,0.22,3183.82,7,22286.74,4903.0828,17673.44
2089,29-03-2023 00:00,1664,East,Chennai,381,Sports,Cash,0.3,,4,17539.04,5261.712,12056.9
2090,29-03-2023 01:00,1431,South,Mumbai,395,Home,Card,0.08,105.35,4,421.4,33.712,300.4
2091,29-03-2023 02:00,1704,East,Pune,393,Sports,NetBanking,0.22,2698.15,7,18887.05,4155.151,14572.68
2092,29-03-2023 03:00,1948,West,Chennai,362,Electronics,Cash,0.17,1151.77,3,3455.31,587.4027,2807.7
2093,29-03-2023 04:00,1974,East,Chennai,219,Sports,Card,0.09,561.54,3,1684.62,151.6158,1697.33
2094,29-03-2023 05:00,1584,West,Mumbai,330,Clothing,UPI,0.05,2706.66,5,13533.3,676.665,13018.72
2095,29-03-2023 06:00,1398,North,Pune,390,Home,Card,0.27,3759.45,6,22556.7,6090.309,15999.8
2096,29-03-2023 07:00,1816,East,Bangalore,260,Home,Card,0.18,2120.14,8,16961.12,3053.0016,13747.46
2097,29-03-2023 08:00,1888,East,Bangalore,260,Sports,NetBanking,0.25,3383.53,1,3383.53,845.8825,2428.78
2098,29-03-2023 09:00,1343,North,Pune,177,Clothing,UPI,0.16,2499.62,7,17497.34,2799.5744,14873.61
2099,29-03-2023 10:00,1963,East,Delhi,137,Electronics,NetBanking,0.07,2241.72,8,17933.76,1255.3632,16258.3
2100,29-03-2023 11:00,1139,North,Mumbai,493,Sports,NetBanking,0.1,1522.26,5,7611.3,761.13,7062.11
2101,29-03-2023 12:00,1186,South,Pune,127,Home,Card,0.11,1974.71,2,3949.42,434.4362,3176.97
2102,29-03-2023 13:00,1804,West,Bangalore,199,Clothing,Card,0.29,1814,4,7256,2104.24,5226.26
2103,29-03-2023 14:00,1060,North,Chennai,393,Home,Cash,0,3266.32,6,19597.92,0,19932.25
2104,29-03-2023 15:00,1996,East,Bangalore,499,Home,Card,0.3,668.49,9,6016.41,1804.923,3843.42
2105,29-03-2023 16:00,1938,North,Chennai,223,Home,Cash,0.29,,2,1107.84,321.2736,859.09
2106,29-03-2023 17:00,1379,East,Mumbai,191,Home,NetBanking,0.3,3334.06,4,13336.24,4000.872,9279.72
2107,29-03-2023 18:00,1709,South,Chennai,354,Electronics,Card,0.14,2776.86,5,13884.3,1943.802,11647.26
2108,29-03-2023 19:00,1806,North,Pune,196,Clothing,UPI,0.29,2207.98,8,17663.84,5122.5136,12173.84
2109,29-03-2023 20:00,1439,South,Chennai,105,Sports,UPI,0.12,846.97,8,6775.76,813.0912,5750.41
2110,29-03-2023 21:00,1318,West,Delhi,268,Clothing,NetBanking,0.01,2114.03,2,4228.06,42.2806,3942.63
2111,29-03-2023 22:00,1301,East,Pune,482,Clothing,NetBanking,0.07,3969.69,6,23818.14,1667.2698,22089.19
2112,29-03-2023 23:00,1343,East,Mumbai,370,Clothing,Card,0.28,4459.14,6,26754.84,7491.3552,19135.5
2113,30-03-2023 00:00,1010,South,Pune,207,Sports,Cash,0,3542.63,5,17713.15,0,17840.23
2114,30-03-2023 01:00,1061,West,Delhi,486,Clothing,Card,0.16,393.57,8,3148.56,503.7696,2887.34
2115,30-03-2023 02:00,1844,North,Mumbai,398,Sports,Cash,0.02,3385.01,2,6770.02,135.4004,6175.92
2116,30-03-2023 03:00,1225,North,Bangalore,146,Sports,Card,0.09,1280.83,2,2561.66,230.5494,2255.92
2117,30-03-2023 04:00,1152,East,Delhi,198,Electronics,UPI,0.03,1644.73,7,11513.11,345.3933,10882.74
2118,30-03-2023 05:00,1710,South,Mumbai,113,Home,UPI,0.26,1059.78,9,9538.02,2479.8852,6732.58
2119,30-03-2023 06:00,1563,South,Chennai,293,Sports,Cash,0.18,3901.2,3,11703.6,2106.648,9126.31
2120,30-03-2023 07:00,1771,North,Pune,256,Home,Card,0.27,3278.15,7,22947.05,6195.7035,16258.54
2121,30-03-2023 08:00,1570,West,Mumbai,487,Clothing,NetBanking,0.21,3097.99,3,9293.97,1951.7337,7186.5
2122,30-03-2023 09:00,1583,West,Pune,253,Home,Cash,0.29,3373.07,6,20238.42,5869.1418,14487.15
2123,30-03-2023 10:00,1659,North,Chennai,214,Home,UPI,0.15,1260.18,3,3780.54,567.081,3330.26
2124,30-03-2023 11:00,1860,North,Mumbai,495,Home,Cash,0.19,2278.76,1,2278.76,432.9644,1529.99
2125,30-03-2023 12:00,1574,South,Bangalore,357,Clothing,Card,0.17,3202.94,6,19217.64,3266.9988,15604.49
2126,30-03-2023 13:00,1309,West,Delhi,244,Clothing,NetBanking,0.15,3219.31,3,9657.93,1448.6895,8281.01
2127,30-03-2023 14:00,1884,North,Mumbai,390,Sports,NetBanking,0.25,3980.07,,3980.07,995.0175,2855.53
2128,30-03-2023 15:00,1242,North,Chennai,109,Sports,Cash,0.19,1506.81,5,7534.05,1431.4695,6369.49
2129,30-03-2023 16:00,1492,East,Mumbai,467,Electronics,Card,0.24,3874.65,8,30997.2,7439.328,23224.66
2130,30-03-2023 17:00,1365,North,Pune,313,Clothing,Card,0.24,2256.9,,18055.2,4333.248,13164.64
2131,30-03-2023 18:00,1329,North,Mumbai,332,Electronics,NetBanking,0.06,3383.85,8,27070.8,1624.248,25630.3
2132,30-03-2023 19:00,1106,West,Bangalore,270,Clothing,UPI,0.2,2333.02,3,6999.06,1399.812,5032.24
2133,30-03-2023 20:00,1225,South,Mumbai,120,Home,Card,0.06,,8,37985.52,2279.1312,35272.65
2134,30-03-2023 21:00,1824,West,Delhi,114,Electronics,NetBanking,0.17,978.58,4,3914.32,665.4344,3048.12
2135,30-03-2023 22:00,1217,South,Mumbai,467,Electronics,NetBanking,0.2,3407.52,,27260.16,5452.032,21722.63
2136,30-03-2023 23:00,1936,East,Pune,225,Electronics,Card,0.3,2925.02,3,8775.06,2632.518,6322.99
2137,31-03-2023 00:00,1752,North,Mumbai,440,Clothing,Card,0.01,946.38,3,2839.14,28.3914,2506.48
2138,31-03-2023 01:00,1505,East,Bangalore,440,Sports,Cash,0.03,423.43,1,423.43,12.7029,806.04
2139,31-03-2023 02:00,1258,South,Chennai,312,Electronics,UPI,,4015.81,8,32126.48,642.5296,124116.48
2140,31-03-2023 03:00,1887,West,Mumbai,287,Sports,Cash,0.12,871.51,,6972.08,836.6496,6023.85
2141,31-03-2023 04:00,1773,West,Mumbai,271,Clothing,Cash,0.25,1013.88,9,9124.92,2281.23,7092.74
2142,31-03-2023 05:00,1516,East,Delhi,346,Electronics,NetBanking,0.25,4894.33,6,29365.98,7341.495,22289.41
2143,31-03-2023 06:00,1772,South,Bangalore,104,Clothing,NetBanking,0.22,3614.58,2,7229.16,1590.4152,4752.24
2144,31-03-2023 07:00,1053,East,Chennai,330,Sports,UPI,0.27,1327.39,1,1327.39,358.3953,1781.38
2145,31-03-2023 08:00,1046,East,Pune,300,Sports,Cash,0.1,2995.65,8,23965.2,2396.52,21472.01
2146,31-03-2023 09:00,1726,North,Mumbai,472,Electronics,Cash,0.03,2717.15,4,10868.6,326.058,10626.08
2147,31-03-2023 10:00,1688,East,Chennai,248,Sports,NetBanking,0.02,,7,29665.44,593.3088,28972.04
2148,31-03-2023 11:00,1520,North,Pune,171,Home,NetBanking,0.26,3673.67,4,14694.68,3820.6168,11514.61
2149,31-03-2023 12:00,1098,North,Bangalore,325,Home,Card,0.22,4175.43,1,4175.43,918.5946,3643.64
2150,31-03-2023 13:00,1019,West,Bangalore,173,Electronics,Cash,0.21,1136.38,8,9091.04,1909.1184,7814.17
2151,31-03-2023 14:00,1889,North,Chennai,406,Clothing,UPI,0.1,3237.07,9,29133.63,2913.363,26362.24
2152,31-03-2023 15:00,1752,North,Pune,268,Clothing,Cash,0.11,297.18,9,2674.62,294.2082,2654.06
2153,31-03-2023 16:00,1572,West,Bangalore,348,Clothing,NetBanking,0.29,437.81,9,3940.29,1142.6841,2484.22
2154,31-03-2023 17:00,1890,East,Chennai,379,Home,Card,0.02,3596.28,,14385.12,287.7024,14018.04
2155,31-03-2023 18:00,1489,South,Bangalore,251,Sports,Cash,0.23,219.66,,1976.94,454.6962,1796.13
2156,31-03-2023 19:00,1418,South,Bangalore,323,Home,UPI,0.09,,4,11763.4,1058.706,10800.17
2157,31-03-2023 20:00,1689,South,Bangalore,324,Sports,NetBanking,0.01,4217.98,2,8435.96,84.3596,8383.31
2158,31-03-2023 21:00,1849,East,Delhi,137,Home,Card,0.22,1961.71,3,5885.13,1294.7286,4357.7
2159,31-03-2023 22:00,1061,North,Pune,143,Clothing,Cash,0.1,,2,639.44,63.944,925.14
2160,31-03-2023 23:00,1144,South,Chennai,284,Clothing,UPI,0.22,3597.85,1,3597.85,791.527,3151.71
2161,01-04-2023 00:00,1215,East,Chennai,340,Clothing,NetBanking,0.21,4655.46,6,27932.76,5865.8796,22379.54
2162,01-04-2023 01:00,1002,North,Pune,430,Electronics,UPI,0.16,3614.14,4,14456.56,2313.0496,12231.12
2163,01-04-2023 02:00,1159,West,Pune,450,Electronics,Cash,0.23,2934.39,7,20540.73,4724.3679,15819.39
2164,01-04-2023 03:00,1738,South,Pune,309,Sports,NetBanking,0.17,1227.14,7,8589.98,1460.2966,7466.92
2165,01-04-2023 04:00,1997,North,Pune,122,Electronics,Cash,0.09,175.34,1,175.34,15.7806,440.6
2166,01-04-2023 05:00,1780,South,Mumbai,223,Home,Card,0.22,3503.89,9,31535.01,6937.7022,97318
2167,01-04-2023 06:00,1119,South,Chennai,185,Home,Cash,0.18,1232.03,8,9856.24,1774.1232,8177.02
2168,01-04-2023 07:00,1892,South,Mumbai,142,Sports,Card,0,4305,,4305,0,4502.42
2169,01-04-2023 08:00,1088,North,Bangalore,139,Sports,Cash,0.27,2385.18,8,19081.44,5151.9888,13727.52
2170,01-04-2023 09:00,1328,East,Bangalore,402,Clothing,UPI,0.16,2700.11,5,13500.55,2160.088,11611.49
2171,01-04-2023 10:00,1579,North,Chennai,268,Electronics,UPI,0.26,3794.29,,3794.29,986.5154,3023.07
2172,01-04-2023 11:00,1909,South,Bangalore,274,Clothing,NetBanking,0.26,3919.21,4,15676.84,4075.9784,11475.97
2173,01-04-2023 12:00,1356,North,Pune,119,Electronics,UPI,0.13,,7,22742.93,2956.5809,19379.31
2174,01-04-2023 13:00,1609,West,Mumbai,208,Electronics,UPI,0.15,4698.32,5,23491.6,3523.74,20143.73
2175,01-04-2023 14:00,1266,East,Pune,292,Sports,Card,0.12,4913.26,3,14739.78,1768.7736,13560.39
2176,01-04-2023 15:00,1616,North,Bangalore,343,Clothing,UPI,0.13,,4,18958.96,2464.6648,16570.91
2177,01-04-2023 16:00,1951,West,Mumbai,423,Clothing,Card,0.27,4138.48,2,8276.96,2234.7792,6234.6
2178,01-04-2023 17:00,1322,East,Pune,379,Electronics,Card,0.24,3557.56,8,28460.48,6830.5152,21280.36
2179,01-04-2023 18:00,1634,West,Chennai,327,Electronics,Card,0.04,3350.3,2,6700.6,268.024,6418.24
2180,01-04-2023 19:00,1987,East,Pune,135,Sports,Cash,0.18,608.38,6,3650.28,657.0504,2959.79
2181,01-04-2023 20:00,1540,North,Bangalore,144,Home,Card,0.3,1430.27,7,10011.89,3003.567,6742.4
2182,01-04-2023 21:00,1648,West,Mumbai,485,Clothing,Cash,0.18,127.87,7,895.09,161.1162,865.91
2183,01-04-2023 22:00,1194,South,Chennai,127,Clothing,Card,0.24,773.31,1,773.31,185.5944,708.13
2184,01-04-2023 23:00,1920,West,Mumbai,253,Sports,Cash,0.23,2252.22,8,18017.76,4144.0848,13785.43
2185,02-04-2023 00:00,1737,East,Chennai,122,Sports,NetBanking,0.11,818.03,9,7362.27,809.8497,6548.6
2186,02-04-2023 01:00,1331,North,Mumbai,306,Clothing,NetBanking,0.11,4518.15,7,31627.05,3478.9755,28763.96
2187,02-04-2023 02:00,1169,East,Bangalore,190,Clothing,Cash,0.22,4047.93,8,32383.44,7124.3568,25072.9
2188,02-04-2023 03:00,1520,West,Chennai,489,Electronics,NetBanking,0.15,450.9,4,1803.6,270.54,1193.65
2189,02-04-2023 04:00,1462,West,Delhi,458,Home,UPI,0.17,1319.68,8,10557.44,1794.7648,8416.06
2190,02-04-2023 05:00,1039,South,Mumbai,137,Clothing,Card,0.21,4113.45,3,12340.35,2591.4735,9823.62
2191,02-04-2023 06:00,1536,North,Mumbai,327,Sports,Cash,0.23,4034.93,1,4034.93,928.0339,2343.54
2192,02-04-2023 07:00,1260,North,Pune,301,Electronics,NetBanking,0.08,4732.71,8,37861.68,3028.9344,34679.65
2193,02-04-2023 08:00,1394,West,Chennai,449,Electronics,NetBanking,0.04,4987.98,6,29927.88,1197.1152,28440.16
2194,02-04-2023 09:00,1954,North,Delhi,408,Sports,UPI,0.09,4883.72,9,43953.48,3955.8132,39980.49
2195,02-04-2023 10:00,1225,South,Bangalore,353,Sports,Card,0.15,2109.68,3,6329.04,949.356,5363.75
2196,02-04-2023 11:00,1983,East,Pune,137,Electronics,UPI,0.1,1326.61,8,10612.88,1061.288,9655.01
2197,02-04-2023 12:00,1123,North,Delhi,320,Sports,Cash,0.17,3816.21,,34345.89,5838.8013,28691.74
2198,02-04-2023 13:00,1974,West,Chennai,286,Electronics,NetBanking,0.02,1566.44,9,14097.96,281.9592,14158.54
2199,02-04-2023 14:00,1037,East,Delhi,142,Sports,NetBanking,0.15,4051.36,7,28359.52,4253.928,23999.5
2200,02-04-2023 15:00,1327,East,Mumbai,458,Electronics,NetBanking,0.11,2716.38,3,8149.14,896.4054,7052.84
2201,02-04-2023 16:00,1250,South,Mumbai,213,Clothing,UPI,0.16,3990.24,3,11970.72,1915.3152,10311.19
2202,02-04-2023 17:00,1900,West,Pune,359,Clothing,UPI,0.13,1451.81,2,2903.62,377.4706,2028.46
2203,02-04-2023 18:00,1175,North,Chennai,104,Sports,Card,0.09,2589.33,1,2589.33,233.0397,2583.5
2204,02-04-2023 19:00,1601,West,Chennai,167,Home,Cash,0.27,2863.72,2,5727.44,1546.4088,4223.94
2205,02-04-2023 20:00,1913,East,Delhi,327,Clothing,Card,0.06,4721.23,5,23606.15,1416.369,22324.49
2206,02-04-2023 21:00,1453,West,Pune,222,Electronics,Card,0.2,1406.33,1,1406.33,281.266,1234.55
2207,02-04-2023 22:00,1036,North,Chennai,272,Home,NetBanking,0.28,4689.77,4,18759.08,5252.5424,13547.47
2208,02-04-2023 23:00,1315,North,Mumbai,435,Electronics,UPI,0.16,4043.81,1,4043.81,647.0096,3449.95
2209,03-04-2023 00:00,1687,South,Delhi,252,Electronics,Cash,,3681.38,8,29451.04,7657.2704,21460.59
2210,03-04-2023 01:00,1972,North,Bangalore,366,Clothing,Card,0.04,3955.66,5,19778.3,791.132,18791.79
2211,03-04-2023 02:00,1795,North,Mumbai,256,Sports,Cash,0.15,,4,12266.32,1839.948,10959.56
2212,03-04-2023 03:00,1964,West,Pune,261,Sports,NetBanking,0.14,1295.99,3,3887.97,544.3158,3545.51
2213,03-04-2023 04:00,1972,West,Chennai,313,Electronics,Card,0,1028.53,9,9256.77,0,9574.95
2214,03-04-2023 05:00,1592,East,Mumbai,497,Clothing,UPI,0.13,4345.07,6,26070.42,3389.1546,22577.65
2215,03-04-2023 06:00,1113,South,Bangalore,475,Electronics,Card,0.11,3653.18,,3653.18,401.8498,3275.14
2216,03-04-2023 07:00,1039,West,Bangalore,125,Home,NetBanking,0.2,1144.7,8,9157.6,1831.52,7484.09
2217,03-04-2023 08:00,1300,North,Pune,391,Electronics,Card,0.28,3113.96,2,6227.92,1743.8176,4845.81
2218,03-04-2023 09:00,1223,East,Mumbai,288,Clothing,NetBanking,,2292.98,9,20636.82,619.1046,19971.92
2219,03-04-2023 10:00,1317,West,Delhi,499,Electronics,Card,0.1,877.41,7,6141.87,614.187,5670.8
2220,03-04-2023 11:00,1348,South,Mumbai,221,Clothing,Cash,0.13,2706.1,3,8118.3,1055.379,7276.13
2221,03-04-2023 12:00,1114,South,Bangalore,329,Sports,UPI,0.14,1479.44,4,5917.76,828.4864,5369.75
2222,03-04-2023 13:00,1697,East,Pune,158,Clothing,NetBanking,0.23,571.6,3,1714.8,394.404,1259.91
2223,03-04-2023 14:00,1322,East,Pune,195,Home,Cash,0.13,,6,14328.6,1862.718,12850.4
2224,03-04-2023 15:00,1567,East,Delhi,361,Clothing,NetBanking,0.01,2991.53,9,26923.77,269.2377,26227.79
2225,03-04-2023 16:00,1039,East,Pune,453,Home,Card,0.21,329.84,9,2968.56,623.3976,2006.32
2226,03-04-2023 17:00,1865,East,Pune,411,Home,NetBanking,0.27,2070.25,1,2070.25,558.9675,1655.48
2227,03-04-2023 18:00,1039,North,Pune,235,Electronics,NetBanking,0.15,1362.54,6,8175.24,1226.286,7085.24
2228,03-04-2023 19:00,1858,North,Pune,449,Home,UPI,0.17,250.19,1,250.19,42.5323,137.17
2229,03-04-2023 20:00,1972,West,Pune,382,Clothing,Cash,0.05,715.75,4,2863,143.15,2587.16
2230,03-04-2023 21:00,1748,South,Bangalore,219,Sports,Card,0.07,781.27,7,5468.89,382.8223,4957.38
2231,03-04-2023 22:00,1288,North,Mumbai,124,Clothing,UPI,0.07,996.08,,3984.32,278.9024,3435.7
2232,03-04-2023 23:00,1261,North,Chennai,441,Sports,NetBanking,0.13,4036.55,9,36328.95,4722.7635,31592.7
2233,04-04-2023 00:00,1215,North,Pune,245,Home,UPI,0.28,,5,11267.55,3154.914,7645.82
2234,04-04-2023 01:00,1146,West,Chennai,111,Electronics,NetBanking,0.16,820.72,9,7386.48,1181.8368,6544.25
2235,04-04-2023 02:00,1335,East,Chennai,186,Home,Card,0.06,591.46,1,591.46,35.4876,670.53
2236,04-04-2023 03:00,1167,West,Bangalore,208,Home,NetBanking,0.08,1559.91,4,6239.64,499.1712,6128.6
2237,04-04-2023 04:00,1091,South,Pune,444,Sports,UPI,0.12,4010.28,7,28071.96,3368.6352,24751.64
2238,04-04-2023 05:00,1352,South,Chennai,365,Clothing,UPI,0.19,1885.85,2,3771.7,716.623,3043.92
2239,04-04-2023 06:00,1570,South,Pune,321,Electronics,NetBanking,0.13,883.5,9,7951.5,1033.695,6955.44
2240,04-04-2023 07:00,1570,South,Delhi,173,Electronics,Cash,0.12,2080.17,3,6240.51,748.8612,5281.79
2241,04-04-2023 08:00,1815,North,Delhi,432,Electronics,UPI,0.17,2821.03,4,11284.12,1918.3004,8992.78
2242,04-04-2023 09:00,1680,North,Delhi,409,Electronics,Cash,0.07,244.96,4,979.84,68.5888,615.9
2243,04-04-2023 10:00,1780,West,Chennai,201,Clothing,Cash,0.02,3175.44,8,25403.52,508.0704,24767.56
2244,04-04-2023 11:00,1362,East,Delhi,236,Electronics,Cash,0.01,2035.99,2,4071.98,40.7198,3766.26
2245,04-04-2023 12:00,1556,South,Bangalore,290,Sports,Cash,0.08,147.66,5,738.3,59.064,1083.85
2246,04-04-2023 13:00,1344,West,Bangalore,241,Sports,UPI,0.03,3402.06,2,6804.12,204.1236,6388.39
2247,04-04-2023 14:00,1692,North,Chennai,456,Electronics,UPI,0.1,3590.7,6,21544.2,2154.42,19507.87
2248,04-04-2023 15:00,1169,North,Pune,172,Electronics,Cash,0.23,3181.31,9,28631.79,6585.3117,22221.79
2249,04-04-2023 16:00,1355,East,Mumbai,427,Clothing,UPI,0.21,1775.46,9,15979.14,3355.6194,12994.75
2250,04-04-2023 17:00,1190,East,Pune,266,Clothing,Cash,0.18,2695.06,1,2695.06,485.1108,2414.45
2251,04-04-2023 18:00,1666,East,Pune,267,Electronics,Cash,0.26,1997.07,4,7988.28,2076.9528,5859.29
2252,04-04-2023 19:00,1421,West,Pune,153,Clothing,Cash,0.08,3533.05,4,14132.2,1130.576,13513.42
2253,04-04-2023 20:00,1699,North,Pune,358,Home,NetBanking,0.27,2959.54,1,2959.54,799.0758,1787.26
2254,04-04-2023 21:00,1006,North,Mumbai,210,Electronics,Card,0.12,500.82,2,1001.64,120.1968,599.42
2255,04-04-2023 22:00,1132,East,Delhi,331,Clothing,UPI,0.12,3251.16,6,19506.96,2340.8352,17232.1
2256,04-04-2023 23:00,1746,South,Pune,260,Sports,UPI,0.12,3467.47,3,10402.41,1248.2892,9179.88
2257,05-04-2023 00:00,1556,East,Bangalore,451,Electronics,Cash,0.03,1916.44,9,17247.96,517.4388,16975.66
2258,05-04-2023 01:00,1825,West,Chennai,426,Electronics,NetBanking,,4391.35,3,13174.05,3820.4745,9401.74
2259,05-04-2023 02:00,1760,East,Chennai,118,Sports,NetBanking,0.04,4230.77,3,12692.31,507.6924,12295.33
2260,05-04-2023 03:00,1030,East,Bangalore,389,Sports,UPI,0.1,958.32,9,8624.88,862.488,8061.24
2261,05-04-2023 04:00,1534,West,Pune,149,Clothing,Cash,0.1,4530.9,3,13592.7,1359.27,12275.66
2262,05-04-2023 05:00,1425,East,Mumbai,274,Sports,UPI,0.02,2260.27,6,13561.62,271.2324,13494.27
2263,05-04-2023 06:00,1393,North,Delhi,401,Home,Cash,0.05,3646.37,6,21878.22,1093.911,20557.62
2264,05-04-2023 07:00,1671,South,Chennai,283,Electronics,Cash,0.01,4089.08,1,4089.08,40.8908,3841.29
2265,05-04-2023 08:00,1362,East,Delhi,284,Home,Card,0.09,2575.05,7,18025.35,1622.2815,16667.38
2266,05-04-2023 09:00,1436,West,Mumbai,438,Clothing,Cash,0.26,2055.6,9,18500.4,4810.104,13726.6
2267,05-04-2023 10:00,1669,South,Chennai,406,Sports,Card,0.1,4585.71,9,41271.39,4127.139,37195.04
2268,05-04-2023 11:00,1550,West,Delhi,409,Electronics,UPI,0.04,1231.18,9,11080.62,443.2248,10429.34
2269,05-04-2023 12:00,1926,South,Mumbai,445,Sports,UPI,0.19,1359.15,2,2718.3,516.477,2079.22
2270,05-04-2023 13:00,1081,South,Delhi,180,Sports,NetBanking,0.3,1871.94,1,1871.94,561.582,1396.37
2271,05-04-2023 14:00,1355,East,Pune,473,Clothing,Card,0.07,4311.38,6,25868.28,1810.7796,23967.17
2272,05-04-2023 15:00,1257,North,Mumbai,255,Clothing,UPI,0.08,4700.06,6,28200.36,2256.0288,25685.75
2273,05-04-2023 16:00,1717,East,Delhi,374,Clothing,Card,,1178.33,4,4713.32,1366.8628,3091.36
2274,05-04-2023 17:00,1588,West,Pune,382,Clothing,UPI,0.05,4332.96,8,34663.68,1733.184,32739.3
2275,05-04-2023 18:00,1988,West,Pune,348,Electronics,Card,0.15,1365.19,5,6825.95,1023.8925,5700.37
2276,05-04-2023 19:00,1523,South,Mumbai,246,Home,Card,0.07,4856.14,7,33992.98,2379.5086,31530.52
2277,05-04-2023 20:00,1294,South,Bangalore,106,Home,Cash,0.28,3027.3,9,27245.7,7628.796,20087.42
2278,05-04-2023 21:00,1961,North,Chennai,256,Electronics,UPI,0.29,134.72,1,134.72,39.0688,372.9
2279,05-04-2023 22:00,1223,East,Mumbai,270,Sports,NetBanking,0.24,267.24,9,2405.16,577.2384,1917
2280,05-04-2023 23:00,1524,West,Pune,168,Electronics,Cash,0.09,822.67,4,3290.68,296.1612,3553.24
2281,06-04-2023 00:00,1045,South,Pune,193,Home,NetBanking,0.12,1019.11,7,7133.77,856.0524,6243.05
2282,06-04-2023 01:00,1666,North,Mumbai,468,Home,Card,0.07,3861.33,4,15445.32,1081.1724,14506.79
2283,06-04-2023 02:00,1112,West,Bangalore,462,Electronics,Cash,0.27,1191.55,4,4766.2,1286.874,3577.97
2284,06-04-2023 03:00,1232,South,Chennai,475,Clothing,Card,0.27,4848.79,4,19395.16,5236.6932,14300.23
2285,06-04-2023 04:00,1016,West,Delhi,285,Sports,UPI,0.13,3216.95,6,19301.7,2509.221,16567.95
2286,06-04-2023 05:00,1359,North,Mumbai,491,Electronics,UPI,0.2,3493.34,5,17466.7,3493.34,13882.03
2287,06-04-2023 06:00,1222,North,Chennai,269,Home,NetBanking,0.05,1167.3,2,2334.6,116.73,1974.41
2288,06-04-2023 07:00,1865,West,Chennai,303,Clothing,UPI,0.13,4474.26,9,40268.34,5234.8842,35155.75
2289,06-04-2023 08:00,1699,East,Pune,141,Sports,NetBanking,0.19,,6,20233.74,3844.4106,16390.33
2290,06-04-2023 09:00,1447,West,Delhi,112,Home,Card,0.12,4335.59,6,26013.54,3121.6248,22327.26
2291,06-04-2023 10:00,1855,South,Mumbai,253,Sports,Cash,0.11,4786.76,9,43080.84,4738.8924,38496.01
2292,06-04-2023 11:00,1364,East,Pune,373,Clothing,UPI,0,715.64,1,715.64,0,780.66
2293,06-04-2023 12:00,1674,South,Pune,397,Home,Card,0.24,573.28,7,4012.96,963.1104,3561.12
2294,06-04-2023 13:00,1325,West,Bangalore,150,Clothing,Cash,0.27,4036.7,3,12110.1,3269.727,9118.48
2295,06-04-2023 14:00,1466,East,Chennai,468,Electronics,Card,0.29,4344.02,4,17376.08,5039.0632,12670.87
2296,06-04-2023 15:00,1413,South,Mumbai,311,Electronics,NetBanking,0.22,2960.43,,2960.43,651.2946,1970.48
2297,06-04-2023 16:00,1454,West,Mumbai,243,Sports,Card,0.16,1893.4,3,5680.2,908.832,5106.84
2298,06-04-2023 17:00,1585,West,Mumbai,456,Clothing,NetBanking,0.08,3297.89,7,23085.23,1846.8184,21179.94
2299,06-04-2023 18:00,1232,East,Pune,102,Clothing,NetBanking,0.3,1597.75,6,9586.5,2875.95,6502.97
2300,06-04-2023 19:00,1223,West,Bangalore,353,Sports,UPI,0.18,1268.09,1,1268.09,228.2562,336.21
2301,06-04-2023 20:00,1993,North,Delhi,434,Sports,NetBanking,0.2,2491.91,9,22427.19,4485.438,18335.76
2302,06-04-2023 21:00,1830,South,Pune,355,Sports,NetBanking,0.2,1159.15,4,4636.6,927.32,3623.91
2303,06-04-2023 22:00,1411,South,Delhi,197,Electronics,Card,0.25,2470.15,7,17291.05,4322.7625,12931.62
2304,06-04-2023 23:00,1571,West,Bangalore,272,Sports,NetBanking,,4787.37,4,19149.48,0,19245.79
2305,07-04-2023 00:00,1334,West,Chennai,249,Electronics,NetBanking,0.07,4214.94,7,29504.58,2065.3206,27997.95
2306,07-04-2023 01:00,1221,North,Mumbai,378,Sports,Card,0.2,4713.99,5,23569.95,4713.99,18788.21
2307,07-04-2023 02:00,1036,East,Delhi,158,Clothing,Cash,0.27,4051.01,1,4051.01,1093.7727,2952.61
2308,07-04-2023 03:00,1988,West,Pune,212,Clothing,UPI,0.21,1838.28,4,7353.12,1544.1552,6099.56
2309,07-04-2023 04:00,1277,West,Delhi,423,Sports,Card,0.12,4079.02,3,12237.06,1468.4472,10684.88
2310,07-04-2023 05:00,1195,West,Chennai,342,Sports,NetBanking,0.11,4622.29,6,27733.74,3050.7114,24433.66
2311,07-04-2023 06:00,1915,West,Mumbai,409,Electronics,Card,0.22,4740.48,6,28442.88,6257.4336,21528.93
2312,07-04-2023 07:00,1863,South,Delhi,156,Home,Cash,,3447.67,1,3447.67,758.4874,3090.07
2313,07-04-2023 08:00,1483,West,Chennai,466,Electronics,Card,0.18,1135.7,2,2271.4,408.852,1934.17
2314,07-04-2023 09:00,1241,South,Pune,159,Clothing,Card,0.09,294.67,,589.34,53.0406,700.12
2315,07-04-2023 10:00,1323,West,Bangalore,428,Sports,Card,0.28,821.28,4,3285.12,919.8336,2219.43
2316,07-04-2023 11:00,1730,East,Pune,315,Clothing,Card,0.17,4831.18,9,43480.62,7391.7054,36292.84
2317,07-04-2023 12:00,1191,North,Mumbai,332,Home,NetBanking,0.24,2364.27,2,4728.54,1134.8496,3418.55
2318,07-04-2023 13:00,1016,East,Pune,154,Electronics,Card,,4289.43,8,34315.44,2058.9264,32305.31
2319,07-04-2023 14:00,1523,West,Pune,472,Clothing,Cash,0.1,2378.72,1,2378.72,237.872,2173.19
2320,07-04-2023 15:00,1917,West,Pune,307,Electronics,Card,0.26,3338.01,8,26704.08,6943.0608,20099.82
2321,07-04-2023 16:00,1400,West,Pune,162,Sports,Card,0.02,218.29,3,654.87,13.0974,835.87
2322,07-04-2023 17:00,1905,East,Mumbai,283,Clothing,NetBanking,0.15,1324.34,5,6621.7,993.255,5440.48
2323,07-04-2023 18:00,1885,West,Chennai,410,Home,NetBanking,0.14,2237.72,,2237.72,313.2808,2104.82
2324,07-04-2023 19:00,1704,East,Delhi,380,Electronics,Card,0.23,3190.09,1,3190.09,733.7207,2346.23
2325,07-04-2023 20:00,1021,South,Bangalore,125,Electronics,NetBanking,0.08,940.45,6,5642.7,451.416,4947.62
2326,07-04-2023 21:00,1473,North,Delhi,276,Home,NetBanking,0.07,3846.3,,11538.9,807.723,10896.47
2327,07-04-2023 22:00,1119,North,Delhi,162,Clothing,Card,0.28,1885.58,,15084.64,4223.6992,10919.14
2328,07-04-2023 23:00,1209,East,Bangalore,172,Clothing,NetBanking,0.17,4105.43,4,16421.72,2791.6924,13271.25
2329,08-04-2023 00:00,1305,South,Mumbai,434,Electronics,UPI,0.03,580.05,,3480.3,104.409,3221.33
2330,08-04-2023 01:00,1269,East,Bangalore,266,Home,UPI,,3430.81,9,30877.29,1852.6374,29248.28
2331,08-04-2023 02:00,1703,South,Mumbai,324,Electronics,UPI,0.3,1537.31,8,12298.48,3689.544,8725.67
2332,08-04-2023 03:00,1686,West,Delhi,164,Electronics,NetBanking,0.06,3997.38,4,15989.52,959.3712,15159.46
2333,08-04-2023 04:00,1284,South,Mumbai,168,Sports,UPI,0.18,2070.64,8,16565.12,2981.7216,14137
2334,08-04-2023 05:00,1715,South,Chennai,108,Clothing,Cash,0.13,3360.21,7,23521.47,3057.7911,20762.48
2335,08-04-2023 06:00,1675,South,Bangalore,335,Clothing,UPI,0.27,4678.1,5,23390.5,6315.435,17040.03
2336,08-04-2023 07:00,1762,North,Chennai,297,Sports,Cash,0.23,201.07,7,1407.49,323.7227,962.58
2337,08-04-2023 08:00,1226,South,Delhi,272,Clothing,NetBanking,0.18,,7,1081.29,194.6322,682.62
2338,08-04-2023 09:00,1947,West,Bangalore,381,Clothing,UPI,0,3874.37,2,7748.74,0,7610.81
2339,08-04-2023 10:00,1380,West,Delhi,127,Clothing,Cash,0.26,3267.33,7,22871.31,5946.5406,16445.03
2340,08-04-2023 11:00,1459,West,Chennai,395,Home,NetBanking,,1535.6,3,4606.8,598.884,3643.09
2341,08-04-2023 12:00,1006,South,Delhi,498,Sports,UPI,0.28,2522.54,8,20180.32,5650.4896,14727.16
2342,08-04-2023 13:00,1028,East,Bangalore,233,Electronics,Card,0.15,305.48,8,2443.84,366.576,2537.7
2343,08-04-2023 14:00,1906,East,Bangalore,126,Home,UPI,0.21,1042.98,9,9386.82,1971.2322,7432.16
2344,08-04-2023 15:00,1032,West,Delhi,137,Electronics,UPI,0.02,,4,8720.12,174.4024,8334.93
2345,08-04-2023 16:00,1645,North,Bangalore,295,Sports,UPI,0.22,4186.82,3,12560.46,2763.3012,8775.81
2346,08-04-2023 17:00,1878,East,Bangalore,302,Sports,Card,0.1,2450.37,9,22053.33,2205.333,20359.16
2347,08-04-2023 18:00,1078,South,Delhi,184,Sports,Cash,0.11,2973.18,9,26758.62,2943.4482,23413.62
2348,08-04-2023 19:00,1927,East,Chennai,419,Clothing,Cash,0.04,4381.39,2,8762.78,350.5112,7970.64
2349,08-04-2023 20:00,1946,West,Bangalore,129,Home,Card,0.04,1613.21,6,9679.26,387.1704,9202.85
2350,08-04-2023 21:00,1458,North,Bangalore,198,Sports,UPI,0.06,3533.43,3,10600.29,636.0174,9951.57
2351,08-04-2023 22:00,1569,East,Bangalore,486,Electronics,UPI,0.1,4322.17,5,21610.85,2161.085,19452.87
2352,08-04-2023 23:00,1982,East,Bangalore,289,Clothing,UPI,0.27,1092.82,2,2185.64,590.1228,1339.03
2353,09-04-2023 00:00,1537,West,Delhi,111,Clothing,Cash,0.11,1846.74,4,7386.96,812.5656,6699.11
2354,09-04-2023 01:00,1481,North,Chennai,190,Home,Cash,0.22,4901.07,3,14703.21,3234.7062,11311.97
2355,09-04-2023 02:00,1429,North,Chennai,129,Home,Card,0.02,4917.77,2,9835.54,196.7108,9489.74
2356,09-04-2023 03:00,1737,West,Mumbai,312,Home,NetBanking,,1193.83,6,7162.98,1289.3364,5790.03
2357,09-04-2023 04:00,1284,South,Bangalore,137,Clothing,Card,0.14,425.58,3,1276.74,178.7436,894.92
2358,09-04-2023 05:00,1515,East,Bangalore,440,Sports,Cash,0.29,1427.52,4,5710.08,1655.9232,3677.87
2359,09-04-2023 06:00,1976,South,Mumbai,159,Electronics,UPI,0.25,2048.89,6,12293.34,3073.335,8863.3
2360,09-04-2023 07:00,1098,East,Chennai,393,Sports,UPI,0.14,2260.93,5,11304.65,1582.651,9390.45
2361,09-04-2023 08:00,1396,East,Pune,459,Electronics,UPI,,3132.15,4,12528.6,2881.578,9783.85
2362,09-04-2023 09:00,1488,South,Pune,242,Sports,UPI,0.06,4507.56,,18030.24,1081.8144,17068.16
2363,09-04-2023 10:00,1038,West,Chennai,279,Home,NetBanking,0.17,1718.71,2,3437.42,584.3614,2772.43
2364,09-04-2023 11:00,1270,West,Bangalore,384,Electronics,Card,0.02,4264.92,4,17059.68,341.1936,16652.76
2365,09-04-2023 12:00,1886,East,Pune,211,Clothing,Card,,558.05,8,4464.4,446.44,4368.22
2366,09-04-2023 13:00,1796,West,Delhi,329,Electronics,Cash,0.07,305.19,5,1525.95,106.8165,1573.4
2367,09-04-2023 14:00,1156,East,Delhi,120,Clothing,Card,0.22,2569.82,8,20558.56,4522.8832,16505.14
2368,09-04-2023 15:00,1074,West,Mumbai,244,Sports,NetBanking,0.15,392.34,6,2354.04,353.106,1827.74
2369,09-04-2023 16:00,1883,East,Chennai,245,Home,NetBanking,0.23,2023.2,,10116,2326.68,7439.83
2370,09-04-2023 17:00,1799,West,Chennai,474,Electronics,NetBanking,0.15,4494.21,,17976.84,2696.526,15579.39
2371,09-04-2023 18:00,1129,North,Pune,415,Clothing,UPI,0.03,1283.27,9,11549.43,346.4829,11196.78
2372,09-04-2023 19:00,1686,South,Bangalore,265,Sports,Cash,0.22,3559.28,5,17796.4,3915.208,13640.34
2373,09-04-2023 20:00,1973,North,Chennai,239,Home,NetBanking,0.25,,6,9489.54,2372.385,7263.79
2374,09-04-2023 21:00,1083,South,Pune,302,Home,Card,0.27,320.11,7,2240.77,605.0079,1424.26
2375,09-04-2023 22:00,1021,South,Pune,343,Home,Card,0.17,2827.78,1,2827.78,480.7226,2553.76
2376,09-04-2023 23:00,1458,East,Chennai,212,Sports,Card,0.23,4190.78,9,37717.02,8674.9146,29187.89
2377,10-04-2023 00:00,1538,South,Pune,300,Sports,NetBanking,0.23,2106.4,8,16851.2,3875.776,12907.63
2378,10-04-2023 01:00,1706,North,Mumbai,484,Sports,NetBanking,0.05,3124.74,5,15623.7,781.185,14336.52
2379,10-04-2023 02:00,1848,North,Mumbai,413,Home,Card,0.05,4510.12,3,13530.36,676.518,12576.89
2380,10-04-2023 03:00,1381,West,Chennai,358,Electronics,NetBanking,0.02,3969.5,5,19847.5,396.95,19906.06
2381,10-04-2023 04:00,1747,North,Bangalore,354,Clothing,Card,0.1,1049.99,5,5249.95,524.995,5248.6
2382,10-04-2023 05:00,1439,West,Mumbai,122,Sports,UPI,0.14,3693.58,9,33242.22,4653.9108,29366.29
2383,10-04-2023 06:00,1603,South,Mumbai,492,Electronics,NetBanking,0.3,2559.28,7,17914.96,5374.488,12660.59
2384,10-04-2023 07:00,1988,North,Chennai,345,Clothing,UPI,0.13,3755.24,2,7510.48,976.3624,6207.09
2385,10-04-2023 08:00,1020,South,Delhi,438,Home,UPI,0.22,2523.13,5,12615.65,2775.443,10241.91
2386,10-04-2023 09:00,1302,North,Pune,410,Electronics,NetBanking,0.21,727,9,6543,1374.03,5089.72
2387,10-04-2023 10:00,1975,North,Mumbai,465,Home,Card,0.06,2892.56,2,5785.12,347.1072,5233.32
2388,10-04-2023 11:00,1868,West,Delhi,471,Clothing,Cash,0.02,2511.46,8,20091.68,401.8336,19790.27
2389,10-04-2023 12:00,1954,South,Bangalore,417,Sports,UPI,0.16,2637.82,3,7913.46,1266.1536,7216.39
2390,10-04-2023 13:00,1083,North,Delhi,186,Home,NetBanking,0.21,4406.62,4,17626.48,3701.5608,13893.33
2391,10-04-2023 14:00,1773,East,Chennai,318,Electronics,UPI,0.3,4484.7,2,8969.4,2690.82,6283.68
2392,10-04-2023 15:00,1658,South,Bangalore,455,Sports,Card,0.11,2322.33,9,20900.97,2299.1067,18142.22
2393,10-04-2023 16:00,1952,South,Bangalore,126,Electronics,NetBanking,0.27,2333.09,6,13998.54,3779.6058,10251.26
2394,10-04-2023 17:00,1452,South,Delhi,389,Clothing,Cash,0.11,2624.42,9,23619.78,2598.1758,21221.25
2395,10-04-2023 18:00,1386,West,Chennai,388,Clothing,NetBanking,0.21,2645.99,8,21167.92,4445.2632,16696.36
2396,10-04-2023 19:00,1506,East,Mumbai,447,Sports,UPI,0.18,4756.9,9,42812.1,7706.178,35101.87
2397,10-04-2023 20:00,1256,South,Delhi,322,Electronics,NetBanking,0.02,3282.06,5,16410.3,328.206,16149.64
2398,10-04-2023 21:00,1569,North,Mumbai,451,Electronics,NetBanking,0.02,1459.54,6,8757.24,175.1448,8267.34
2399,10-04-2023 22:00,1891,North,Delhi,277,Electronics,UPI,0.01,2704.53,7,18931.71,189.3171,18059.08
2400,10-04-2023 23:00,1933,West,Mumbai,247,Electronics,Cash,0.11,3173.4,5,15867,1745.37,14090.64
2401,11-04-2023 00:00,1526,North,Delhi,326,Clothing,Card,0.22,3234.88,1,3234.88,711.6736,2455.52
2402,11-04-2023 01:00,1161,South,Bangalore,450,Electronics,NetBanking,0.05,2967.75,9,26709.75,1335.4875,25545.26
2403,11-04-2023 02:00,1956,North,Pune,285,Clothing,Cash,0.18,970.91,2,1941.82,349.5276,2311.42
2404,11-04-2023 03:00,1162,South,Bangalore,393,Electronics,Card,0.09,264.61,7,1852.27,166.7043,2074.37
2405,11-04-2023 04:00,1831,North,Mumbai,140,Electronics,UPI,0.24,1755.43,8,14043.44,3370.4256,10055.92
2406,11-04-2023 05:00,1792,East,Chennai,492,Home,Cash,0.24,2194.86,8,17558.88,4214.1312,14100.98
2407,11-04-2023 06:00,1791,West,Bangalore,492,Home,Cash,0.23,402.84,1,402.84,92.6532,509.39
2408,11-04-2023 07:00,1523,West,Pune,290,Electronics,NetBanking,0.16,,7,28653.38,4584.5408,23989.44
2409,11-04-2023 08:00,1785,East,Mumbai,178,Clothing,UPI,0.09,1785.98,9,16073.82,1446.6438,15070.09
2410,11-04-2023 09:00,1270,East,Bangalore,304,Electronics,NetBanking,0.24,4576.8,3,13730.4,3295.296,9669.17
2411,11-04-2023 10:00,1491,West,Delhi,483,Home,UPI,0.06,856.61,8,6852.88,411.1728,6278.35
2412,11-04-2023 11:00,1207,East,Chennai,377,Electronics,Card,0.09,378.98,8,3031.84,272.8656,2818.1
2413,11-04-2023 12:00,1538,South,Mumbai,371,Home,NetBanking,0.06,2463.35,9,22170.15,1330.209,20860.14
2414,11-04-2023 13:00,1583,North,Bangalore,131,Electronics,UPI,0.2,1026.73,8,8213.84,1642.768,7025.3
2415,11-04-2023 14:00,1059,West,Mumbai,241,Sports,UPI,0.21,4693.26,5,23466.3,4927.923,18892.52
2416,11-04-2023 15:00,1429,East,Delhi,350,Electronics,Cash,0.2,150.49,5,752.45,150.49,806.6
2417,11-04-2023 16:00,1984,South,Pune,393,Clothing,NetBanking,0.12,2121.84,3,6365.52,763.8624,5518.57
2418,11-04-2023 17:00,1656,West,Bangalore,197,Home,NetBanking,0.03,4641.06,6,27846.36,835.3908,27299.37
2419,11-04-2023 18:00,1604,East,Mumbai,235,Sports,Card,0.27,1983.65,3,5950.95,1606.7565,4164.77
2420,11-04-2023 19:00,1308,West,Mumbai,376,Home,UPI,0.15,556.24,2,1112.48,166.872,1177.3
2421,11-04-2023 20:00,1519,East,Mumbai,411,Home,Cash,0.12,1584.19,7,11089.33,1330.7196,9539.92
2422,11-04-2023 21:00,1590,West,Pune,401,Clothing,UPI,0.18,2540.25,3,7620.75,1371.735,6337.27
2423,11-04-2023 22:00,1026,South,Mumbai,142,Electronics,UPI,0.06,1007.24,4,4028.96,241.7376,3350.48
2424,11-04-2023 23:00,1685,South,Chennai,219,Clothing,UPI,0.04,2386.15,8,19089.2,763.568,74545.16
2425,12-04-2023 00:00,1561,North,Chennai,319,Electronics,NetBanking,0.12,4198.08,1,4198.08,503.7696,3560.94
2426,12-04-2023 01:00,1198,West,Mumbai,145,Sports,UPI,0.07,4375.83,9,39382.47,2756.7729,36214.98
2427,12-04-2023 02:00,1386,North,Chennai,335,Clothing,Card,0.07,341.38,6,2048.28,143.3796,1615.8
2428,12-04-2023 03:00,1348,West,Bangalore,147,Clothing,Cash,0.27,888.43,,1776.86,479.7522,1205.17
2429,12-04-2023 04:00,1959,East,Chennai,297,Home,Cash,,1448.92,3,4346.76,695.4816,3377.62
2430,12-04-2023 05:00,1939,East,Mumbai,183,Clothing,UPI,0.15,3014.84,5,15074.2,2261.13,13029.12
2431,12-04-2023 06:00,1692,North,Delhi,130,Electronics,Cash,0.21,1868.87,6,11213.22,2354.7762,8775.12
2432,12-04-2023 07:00,1535,West,Bangalore,260,Clothing,UPI,0.29,,9,38122.2,11055.438,27347.25
2433,12-04-2023 08:00,1827,North,Pune,170,Clothing,NetBanking,,3611.69,2,7223.38,216.7014,6921.81
2434,12-04-2023 09:00,1377,South,Mumbai,107,Sports,Cash,0.25,592.23,5,2961.15,740.2875,2435.99
2435,12-04-2023 10:00,1898,North,Pune,485,Electronics,NetBanking,0.18,3160.33,7,22122.31,3982.0158,18142.99
2436,12-04-2023 11:00,1915,North,Delhi,151,Home,NetBanking,0.04,653.76,7,4576.32,183.0528,4315.45
2437,12-04-2023 12:00,1557,East,Pune,144,Electronics,Card,0.09,1349.67,4,5398.68,485.8812,4600.61
2438,12-04-2023 13:00,1526,North,Mumbai,392,Sports,Card,0.14,971.57,3,2914.71,408.0594,2527.01
2439,12-04-2023 14:00,1152,West,Mumbai,399,Electronics,Cash,,948,8,7584,1592.64,6211.98
2440,12-04-2023 15:00,1733,East,Delhi,472,Electronics,UPI,0.07,3120.34,2,6240.68,436.8476,5597.58
2441,12-04-2023 16:00,1205,North,Mumbai,137,Clothing,UPI,0.16,2861.66,5,14308.3,2289.328,12015.23
2442,12-04-2023 17:00,1454,South,Delhi,454,Clothing,UPI,0.21,962.54,5,4812.7,1010.667,3636.56
2443,12-04-2023 18:00,1272,North,Delhi,479,Electronics,UPI,0.13,4951.85,1,4951.85,643.7405,4888.97
2444,12-04-2023 19:00,1893,North,Mumbai,330,Electronics,Card,0.26,2167,7,15169,3943.94,11318.66
2445,12-04-2023 20:00,1235,North,Chennai,361,Home,UPI,0.26,575.64,4,2302.56,598.6656,1730.88
2446,12-04-2023 21:00,1851,East,Delhi,167,Sports,UPI,0.14,690.79,2,1381.58,193.4212,1042.43
2447,12-04-2023 22:00,1739,West,Mumbai,278,Clothing,NetBanking,0.29,2961.08,8,23688.64,6869.7056,17084.11
2448,12-04-2023 23:00,1520,South,Chennai,456,Clothing,UPI,0.02,4897.44,4,19589.76,391.7952,19197.76
2449,13-04-2023 00:00,1677,North,Delhi,285,Clothing,UPI,0,2902.56,1,2902.56,0,2883.09
2450,13-04-2023 01:00,1943,West,Chennai,300,Clothing,Card,0.11,4750.3,8,38002.4,4180.264,33800.15
2451,13-04-2023 02:00,1955,West,Bangalore,489,Electronics,Cash,0.18,2276.25,7,15933.75,2868.075,12733.88
2452,13-04-2023 03:00,1830,East,Bangalore,112,Electronics,NetBanking,0.19,2235.62,3,6706.86,1274.3034,5881.31
2453,13-04-2023 04:00,1725,South,Chennai,313,Home,NetBanking,0.14,2550.04,3,7650.12,1071.0168,6854.99
2454,13-04-2023 05:00,1500,East,Delhi,319,Clothing,Cash,0.04,3517.38,7,24621.66,984.8664,23639.47
2455,13-04-2023 06:00,1116,West,Mumbai,385,Clothing,NetBanking,0.05,1901.32,2,3802.64,190.132,3581.58
2456,13-04-2023 07:00,1385,West,Pune,343,Electronics,UPI,0.26,4333.04,5,21665.2,5632.952,15767.77
2457,13-04-2023 08:00,1343,West,Mumbai,455,Home,UPI,0.26,243.48,7,1704.36,443.1336,818.42
2458,13-04-2023 09:00,1583,East,Pune,357,Electronics,Cash,0.2,2254.84,6,13529.04,2705.808,10558.95
2459,13-04-2023 10:00,1394,South,Pune,157,Clothing,Card,0.2,2603.86,7,18227.02,3645.404,14924.7
2460,13-04-2023 11:00,1063,North,Delhi,135,Clothing,Card,0.18,3074.46,2,6148.92,1106.8056,4926.1
2461,13-04-2023 12:00,1716,East,Chennai,427,Sports,NetBanking,0.06,1452.75,7,10169.25,610.155,9883.81
2462,13-04-2023 13:00,1720,West,Mumbai,492,Sports,Card,0.13,2194.65,2,4389.3,570.609,3809.69
2463,13-04-2023 14:00,1071,East,Chennai,481,Sports,Card,0.21,2474.23,7,17319.61,3637.1181,13421.97
2464,13-04-2023 15:00,1788,West,Bangalore,292,Home,Card,0.16,3465.86,8,27726.88,4436.3008,23070.38
2465,13-04-2023 16:00,1273,North,Delhi,432,Electronics,Card,0.01,3890.37,8,31122.96,311.2296,30885.71
2466,13-04-2023 17:00,1989,North,Delhi,149,Clothing,Card,0.29,3715.35,5,18576.75,5387.2575,12703.64
2467,13-04-2023 18:00,1319,South,Bangalore,131,Clothing,Card,0.25,1773.76,7,12416.32,3104.08,9082.13
2468,13-04-2023 19:00,1337,West,Mumbai,197,Home,Card,0.08,,8,39978.48,3198.2784,36644.12
2469,13-04-2023 20:00,1365,South,Bangalore,142,Clothing,NetBanking,0.18,4258.46,4,17033.84,3066.0912,14213.91
2470,13-04-2023 21:00,1494,South,Mumbai,480,Clothing,UPI,0.28,1374.11,2,2748.22,769.5016,2063.6
2471,13-04-2023 22:00,1606,North,Pune,450,Electronics,Card,0.03,1056.02,7,7392.14,221.7642,7226.6
2472,13-04-2023 23:00,1165,East,Delhi,433,Sports,UPI,0.15,1638.7,1,1638.7,245.805,1531.91
2473,14-04-2023 00:00,1543,East,Mumbai,409,Sports,Cash,0.14,2316.49,2,4632.98,648.6172,4294.6
2474,14-04-2023 01:00,1010,South,Chennai,146,Home,UPI,0.12,4268.92,7,29882.44,3585.8928,26311.72
2475,14-04-2023 02:00,1300,North,Chennai,369,Sports,Cash,0.25,3913.98,1,3913.98,978.495,2625.2
2476,14-04-2023 03:00,1728,West,Delhi,410,Sports,NetBanking,0.11,4271.11,7,29897.77,3288.7547,26665.38
2477,14-04-2023 04:00,1800,East,Bangalore,162,Home,UPI,0.02,1432.59,5,7162.95,143.259,6767.57
2478,14-04-2023 05:00,1101,South,Bangalore,118,Home,Cash,0.02,3007.96,3,9023.88,180.4776,8222.68
2479,14-04-2023 06:00,1424,East,Mumbai,446,Sports,UPI,0.01,1487.92,2,2975.84,29.7584,3002.76
2480,14-04-2023 07:00,1391,East,Bangalore,492,Electronics,NetBanking,0.12,,7,4439.47,532.7364,4061.75
2481,14-04-2023 08:00,1778,West,Delhi,200,Home,UPI,0.22,3452.57,9,31073.13,6836.0886,24341.1
2482,14-04-2023 09:00,1213,North,Mumbai,136,Clothing,Cash,0.06,800.69,9,7206.21,432.3726,6925.44
2483,14-04-2023 10:00,1690,West,Pune,206,Home,Card,0.19,3371.72,8,26973.76,5125.0144,22183.15
2484,14-04-2023 11:00,1087,North,Bangalore,191,Clothing,Card,0.21,3275.03,2,6550.06,1375.5126,4883.83
2485,14-04-2023 12:00,1552,East,Bangalore,407,Home,Card,0.08,4070.22,1,4070.22,325.6176,3628.2
2486,14-04-2023 13:00,1400,South,Mumbai,284,Home,NetBanking,0.18,783.82,8,6270.56,1128.7008,4755.73
2487,14-04-2023 14:00,1587,West,Chennai,315,Sports,Card,0.21,3939.05,2,7878.1,1654.401,6358.5
2488,14-04-2023 15:00,1888,North,Bangalore,127,Sports,NetBanking,0.14,4996.45,4,19985.8,2798.012,70225.72
2489,14-04-2023 16:00,1045,East,Delhi,135,Sports,Card,0.1,4270.11,4,17080.44,1708.044,15209.05
2490,14-04-2023 17:00,1671,North,Bangalore,471,Electronics,NetBanking,0.19,3783.88,2,7567.76,1437.8744,6346.58
2491,14-04-2023 18:00,1462,North,Pune,419,Sports,NetBanking,0.29,3344.61,4,13378.44,3879.7476,9267.89
2492,14-04-2023 19:00,1591,North,Bangalore,117,Sports,UPI,0.13,2166.73,7,15167.11,1971.7243,13389.03
2493,14-04-2023 20:00,1309,East,Chennai,444,Home,Card,0.12,3679.45,6,22076.7,2649.204,18757.34
2494,14-04-2023 21:00,1085,South,Bangalore,295,Home,UPI,0.14,3648.47,6,21890.82,3064.7148,19282.9
2495,14-04-2023 22:00,1091,South,Mumbai,177,Electronics,Cash,,3194.34,4,12777.36,255.5472,12194.73
2496,14-04-2023 23:00,1659,South,Bangalore,266,Clothing,Card,0.17,4001.76,2,8003.52,1360.5984,6693.6
2497,15-04-2023 00:00,1672,North,Chennai,189,Home,Card,0.1,2298.94,5,11494.7,1149.47,10766.67
2498,15-04-2023 01:00,1713,East,Mumbai,363,Home,Card,0.04,694.14,3,2082.42,83.2968,1648.72
2499,15-04-2023 02:00,1935,North,Delhi,307,Clothing,Card,0.14,2839.43,3,8518.29,1192.5606,7853.59
2500,15-04-2023 03:00,1927,South,Mumbai,311,Electronics,UPI,0,1398.71,,5594.84,0,6225.77
2501,15-04-2023 04:00,1241,South,Pune,370,Home,UPI,0.12,1983.72,5,9918.6,1190.232,8935.06
2502,15-04-2023 05:00,1864,East,Mumbai,362,Sports,NetBanking,0.03,185.33,2,370.66,11.1198,364.58
2503,15-04-2023 06:00,1001,North,Delhi,372,Electronics,UPI,0.01,1975.67,6,11854.02,118.5402,11680.04
2504,15-04-2023 07:00,1224,West,Bangalore,441,Clothing,NetBanking,0.25,4063.13,6,24378.78,6094.695,18456.36
2505,15-04-2023 08:00,1800,West,Mumbai,313,Clothing,Cash,0.27,2759.34,8,22074.72,5960.1744,16338.4
2506,15-04-2023 09:00,1744,South,Mumbai,473,Sports,UPI,0.06,148.02,2,296.04,17.7624,-325.64
2507,15-04-2023 10:00,1972,East,Mumbai,163,Sports,NetBanking,0.16,2402.23,8,19217.84,3074.8544,16057.54
2508,15-04-2023 11:00,1925,North,Mumbai,111,Sports,Card,0.08,1528.11,8,12224.88,977.9904,11071.48
2509,15-04-2023 12:00,1928,North,Delhi,309,Electronics,Cash,0.15,2440,4,9760,1464,8077.17
2510,15-04-2023 13:00,1588,South,Chennai,411,Clothing,NetBanking,0.13,2082.99,7,14580.93,1895.5209,12472.5
2511,15-04-2023 14:00,1115,South,Chennai,273,Sports,Cash,0.08,4666.7,7,32666.9,2613.352,29665.31
2512,15-04-2023 15:00,1665,North,Mumbai,355,Sports,Card,0.21,301.77,1,301.77,63.3717,703.36
2513,15-04-2023 16:00,1917,North,Delhi,200,Clothing,Card,,3449.58,1,3449.58,137.9832,3135.4
2514,15-04-2023 17:00,1102,South,Delhi,115,Home,NetBanking,0.02,4270.03,8,34160.24,683.2048,33433.58
2515,15-04-2023 18:00,1193,North,Mumbai,296,Electronics,NetBanking,0.23,4800.27,1,4800.27,1104.0621,3602.46
2516,15-04-2023 19:00,1165,West,Pune,357,Home,Card,0.2,970.42,3,2911.26,582.252,2164.38
2517,15-04-2023 20:00,1870,South,Mumbai,483,Sports,NetBanking,,2703.39,6,16220.34,2433.051,13912.38
2518,15-04-2023 21:00,1089,North,Pune,343,Electronics,Card,0.14,313.59,8,2508.72,351.2208,2063.83
2519,15-04-2023 22:00,1685,South,Mumbai,447,Home,UPI,0.15,2546,5,12730,1909.5,11002.11
2520,15-04-2023 23:00,1121,East,Pune,348,Clothing,NetBanking,0.13,714.74,5,3573.7,464.581,3580.13
2521,16-04-2023 00:00,1142,South,Pune,204,Sports,Cash,0.12,4205.69,4,16822.76,2018.7312,14473.98
2522,16-04-2023 01:00,1993,South,Mumbai,281,Electronics,Card,0.15,657.96,4,2631.84,394.776,2333.91
2523,16-04-2023 02:00,1105,East,Pune,254,Electronics,UPI,0.16,2615.11,7,18305.77,2928.9232,15464.82
2524,16-04-2023 03:00,1886,West,Bangalore,386,Electronics,NetBanking,0.21,2653.37,6,15920.22,3343.2462,12224.36
2525,16-04-2023 04:00,1427,North,Chennai,268,Electronics,Card,0.21,4861.09,8,38888.72,8166.6312,30915.94
2526,16-04-2023 05:00,1304,East,Delhi,146,Sports,UPI,0.11,3309.41,6,19856.46,2184.2106,17593.56
2527,16-04-2023 06:00,1871,South,Pune,142,Sports,NetBanking,,1510.42,7,10572.94,1268.7528,9777.98
2528,16-04-2023 07:00,1970,North,Pune,420,Clothing,Card,0.11,,,6399.6,703.956,5995.34
2529,16-04-2023 08:00,1316,East,Delhi,405,Clothing,Card,0.16,728.42,6,4370.52,699.2832,3671.09
2530,16-04-2023 09:00,1962,North,Pune,320,Clothing,Card,0.14,3806.92,1,3806.92,532.9688,3209.03
2531,16-04-2023 10:00,1634,North,Delhi,100,Home,NetBanking,0.27,3484.71,3,10454.13,2822.6151,8151.29
2532,16-04-2023 11:00,1901,East,Mumbai,299,Clothing,UPI,0.21,3088.4,8,24707.2,5188.512,19344.9
2533,16-04-2023 12:00,1008,North,Bangalore,243,Sports,Card,,300.12,3,900.36,243.0972,736.6
2534,16-04-2023 13:00,1773,West,Bangalore,477,Home,UPI,0.21,3837.86,1,3837.86,805.9506,3012.37
2535,16-04-2023 14:00,1072,East,Chennai,127,Sports,UPI,0.29,3245.25,3,9735.75,2823.3675,7270.84
2536,16-04-2023 15:00,1358,West,Pune,441,Home,Cash,0.19,4823.06,4,19292.24,3665.5256,16008.23
2537,16-04-2023 16:00,1222,South,Chennai,437,Clothing,UPI,0.29,2977.29,8,23818.32,6907.3128,17073.73
2538,16-04-2023 17:00,1415,North,Mumbai,377,Clothing,UPI,,1589.36,,14304.24,715.212,13430.69
2539,16-04-2023 18:00,1552,South,Bangalore,140,Clothing,UPI,0.02,1969.45,,7877.8,157.556,7673.29
2540,16-04-2023 19:00,1369,South,Mumbai,431,Home,UPI,0.17,961.62,7,6731.34,1144.3278,5217.95
2541,16-04-2023 20:00,1715,North,Mumbai,246,Sports,UPI,0.3,3642.28,,3642.28,1092.684,2624.26
2542,16-04-2023 21:00,1263,East,Pune,444,Electronics,NetBanking,0.13,,9,32110.56,4174.3728,27694.21
2543,16-04-2023 22:00,1839,North,Mumbai,277,Sports,Cash,0.06,1083.19,4,4332.76,259.9656,4744.44
2544,16-04-2023 23:00,1689,South,Bangalore,414,Clothing,Card,0.16,876.6,9,7889.4,1262.304,6462.8
2545,17-04-2023 00:00,1859,South,Chennai,424,Home,Cash,0.19,477.32,3,1431.96,272.0724,1467.62
2546,17-04-2023 01:00,1317,East,Bangalore,266,Home,Cash,0.09,4568.68,5,22843.4,2055.906,21246.04
2547,17-04-2023 02:00,1083,North,Pune,222,Clothing,Card,0.21,1242.04,1,1242.04,260.8284,1229.86
2548,17-04-2023 03:00,1317,South,Bangalore,173,Home,UPI,0.29,,3,5359.2,1554.168,3653.04
2549,17-04-2023 04:00,1110,West,Delhi,338,Clothing,Card,0.27,1474.47,5,7372.35,1990.5345,5208.39
2550,17-04-2023 05:00,1250,South,Chennai,348,Sports,UPI,0.09,2126.76,6,12760.56,1148.4504,12495.34
2551,17-04-2023 06:00,1382,South,Delhi,362,Home,Card,0.1,3598.84,8,28790.72,2879.072,26503.83
2552,17-04-2023 07:00,1006,East,Delhi,351,Electronics,NetBanking,0.11,4365.92,1,4365.92,480.2512,3976.71
2553,17-04-2023 08:00,1458,West,Pune,456,Home,Cash,0.12,994.73,3,2984.19,358.1028,2524.58
2554,17-04-2023 09:00,1083,South,Mumbai,210,Clothing,UPI,0.03,3463.42,1,3463.42,103.9026,3098.51
2555,17-04-2023 10:00,1207,South,Delhi,279,Electronics,Cash,0.23,,5,9137.75,2101.6825,6850.13
2556,17-04-2023 11:00,1899,West,Bangalore,287,Clothing,UPI,0.11,4904.58,8,39236.64,4316.0304,35133.7
2557,17-04-2023 12:00,1389,North,Mumbai,407,Home,Card,0.26,1564.7,4,6258.8,1627.288,5325.39
2558,17-04-2023 13:00,1313,North,Bangalore,306,Electronics,Card,0.28,135.25,9,1217.25,340.83,840.78
2559,17-04-2023 14:00,1021,South,Bangalore,333,Electronics,Card,0.01,2626.64,6,15759.84,157.5984,15961.78
2560,17-04-2023 15:00,1409,South,Mumbai,123,Home,NetBanking,0.3,838.58,6,5031.48,1509.444,3791.58
2561,17-04-2023 16:00,1894,North,Mumbai,125,Electronics,Card,0.21,318.02,5,1590.1,333.921,1168.43
2562,17-04-2023 17:00,1514,East,Bangalore,480,Sports,Card,0.16,3521.52,5,17607.6,2817.216,15090.11
2563,17-04-2023 18:00,1126,West,Pune,317,Electronics,NetBanking,0.12,3688.07,7,25816.49,3097.9788,23027.55
2564,17-04-2023 19:00,1808,West,Chennai,445,Electronics,Cash,0.16,2357.43,8,18859.44,3017.5104,16116.97
2565,17-04-2023 20:00,1699,East,Chennai,477,Sports,Cash,0.1,3416.74,7,23917.18,2391.718,21401.68
2566,17-04-2023 21:00,1873,East,Pune,109,Clothing,UPI,0.19,2737.37,1,2737.37,520.1003,2432.4
2567,17-04-2023 22:00,1013,East,Mumbai,116,Clothing,Cash,0.03,3186.03,1,3186.03,95.5809,3447.16
2568,17-04-2023 23:00,1970,East,Bangalore,344,Sports,UPI,0.19,3023.85,6,18143.1,3447.189,14982.64
2569,18-04-2023 00:00,1977,East,Chennai,305,Electronics,UPI,0.08,3362.53,,10087.59,807.0072,9603.93
2570,18-04-2023 01:00,1011,East,Bangalore,357,Home,Cash,0.01,1078.19,9,9703.71,97.0371,9545.77
2571,18-04-2023 02:00,1086,West,Pune,211,Sports,Cash,0.17,1416.66,7,9916.62,1685.8254,8552.56
2572,18-04-2023 03:00,1523,East,Bangalore,304,Home,NetBanking,0.17,2255.82,2,4511.64,766.9788,4131.68
2573,18-04-2023 04:00,1908,North,Pune,126,Clothing,UPI,0.13,2286.03,3,6858.09,891.5517,5829.46
2574,18-04-2023 05:00,1536,East,Mumbai,170,Sports,Cash,0.02,3894.62,8,31156.96,623.1392,30118.6
2575,18-04-2023 06:00,1300,East,Pune,275,Home,Cash,0.27,1900.23,1,1900.23,513.0621,1877.84
2576,18-04-2023 07:00,1242,West,Pune,301,Electronics,NetBanking,0.18,896.28,5,4481.4,806.652,3535.99
2577,18-04-2023 08:00,1121,West,Chennai,347,Sports,Cash,0.03,1332.18,1,1332.18,39.9654,1069.44
2578,18-04-2023 09:00,1146,East,Bangalore,217,Home,Card,0.15,1152.19,9,10369.71,1555.4565,8877.94
2579,18-04-2023 10:00,1566,West,Chennai,108,Sports,Card,,3685.13,7,25795.91,3869.3865,21845.53
2580,18-04-2023 11:00,1749,South,Delhi,185,Sports,UPI,0.02,2404.66,5,12023.3,240.466,11204.96
2581,18-04-2023 12:00,1355,West,Pune,122,Clothing,NetBanking,0.18,3572.29,6,21433.74,3858.0732,17843.21
2582,18-04-2023 13:00,1684,West,Delhi,339,Clothing,Cash,0.24,2139.48,,6418.44,1540.4256,5138.05
2583,18-04-2023 14:00,1903,West,Chennai,172,Electronics,UPI,0.22,4459.7,3,13379.1,2943.402,10126.29
2584,18-04-2023 15:00,1732,West,Bangalore,126,Clothing,Cash,0.06,4919.25,7,34434.75,2066.085,32361.03
2585,18-04-2023 16:00,1630,North,Chennai,448,Clothing,Card,0.26,3382.23,7,23675.61,6155.6586,17214.79
2586,18-04-2023 17:00,1308,North,Bangalore,180,Clothing,Cash,0.1,4332.68,7,30328.76,3032.876,27038.25
2587,18-04-2023 18:00,1694,North,Bangalore,183,Home,Cash,0.28,2588.87,2,5177.74,1449.7672,3547.4
2588,18-04-2023 19:00,1287,East,Mumbai,298,Sports,Cash,0.02,4679.64,2,9359.28,187.1856,9330.67
2589,18-04-2023 20:00,1306,East,Pune,142,Clothing,Card,0.15,4174.77,,20873.85,3131.0775,18346.13
2590,18-04-2023 21:00,1811,South,Chennai,362,Home,Card,0.18,,4,19838.88,3570.9984,16143.91
2591,18-04-2023 22:00,1593,North,Bangalore,191,Sports,NetBanking,0.07,3153.16,7,22072.12,1545.0484,20778.76
2592,18-04-2023 23:00,1965,East,Chennai,438,Clothing,Card,0.23,3918.11,3,11754.33,2703.4959,9290.12
2593,19-04-2023 00:00,1913,West,Chennai,183,Clothing,UPI,0.19,2760.05,5,13800.25,2622.0475,10539.27
2594,19-04-2023 01:00,1722,West,Bangalore,399,Sports,Cash,0.01,1369.69,,2739.38,27.3938,2296.48
2595,19-04-2023 02:00,1661,North,Delhi,395,Home,Card,0.18,1838.3,1,1838.3,330.894,2121.29
2596,19-04-2023 03:00,1548,South,Pune,234,Home,UPI,0.15,4480.63,9,40325.67,6048.8505,34124.96
2597,19-04-2023 04:00,1351,South,Pune,380,Electronics,Card,0.06,374.14,4,1496.56,89.7936,1542.69
2598,19-04-2023 05:00,1311,West,Mumbai,158,Sports,Cash,0.3,2998.25,8,23986,7195.8,16891.24
2599,19-04-2023 06:00,1872,South,Mumbai,496,Electronics,UPI,0.27,1925.17,7,13476.19,3638.5713,9199.2
2600,19-04-2023 07:00,1058,North,Mumbai,458,Home,Card,0.09,1994.79,1,1994.79,179.5311,1610.64
2601,19-04-2023 08:00,1642,West,Pune,441,Clothing,Card,0.16,4434.4,7,31040.8,4966.528,26292.27
2602,19-04-2023 09:00,1923,East,Delhi,340,Electronics,UPI,0.09,4283.73,2,8567.46,771.0714,7515.05
2603,19-04-2023 10:00,1713,East,Pune,467,Home,NetBanking,0.23,,3,9102.99,2093.6877,6895.87
2604,19-04-2023 11:00,1754,South,Pune,441,Home,UPI,0.28,1437.3,1,1437.3,402.444,673.63
2605,19-04-2023 12:00,1034,West,Pune,197,Clothing,UPI,0.11,2429.74,,17008.18,1870.8998,14885.12
2606,19-04-2023 13:00,1444,West,Pune,161,Sports,UPI,0.24,2100.64,3,6301.92,1512.4608,4631.44
2607,19-04-2023 14:00,1092,East,Delhi,363,Home,UPI,0.15,1832.73,6,10996.38,1649.457,8789.17
2608,19-04-2023 15:00,1949,West,Mumbai,212,Electronics,Card,0.12,603.65,7,4225.55,507.066,4069.95
2609,19-04-2023 16:00,1958,West,Chennai,245,Clothing,UPI,,2761.26,,8283.78,2319.4584,5547.74
2610,19-04-2023 17:00,1206,West,Mumbai,315,Sports,UPI,0.15,1578.97,2,3157.94,473.691,2632.52
2611,19-04-2023 18:00,1352,South,Mumbai,355,Sports,Cash,0.14,3337.96,9,30041.64,4205.8296,25612.35
2612,19-04-2023 19:00,1902,West,Chennai,415,Sports,Card,0.2,1664.1,,14976.9,2995.38,12304.58
2613,19-04-2023 20:00,1331,North,Pune,415,Home,Cash,0.08,2212.7,7,15488.9,1239.112,13880.07
2614,19-04-2023 21:00,1816,South,Delhi,461,Sports,Card,,356.57,5,1782.85,178.285,1369.95
2615,19-04-2023 22:00,1861,West,Delhi,357,Home,NetBanking,0.28,4963.44,4,19853.76,5559.0528,13893.57
2616,19-04-2023 23:00,1724,West,Mumbai,293,Clothing,NetBanking,0.2,2587.29,4,10349.16,2069.832,7556.9
2617,20-04-2023 00:00,1158,North,Chennai,446,Clothing,Card,0.25,218.76,1,218.76,54.69,316.8
2618,20-04-2023 01:00,1953,South,Bangalore,113,Sports,NetBanking,0.08,2752.03,4,11008.12,880.6496,10137.16
2619,20-04-2023 02:00,1956,East,Pune,403,Clothing,NetBanking,0.16,4364.73,7,30553.11,4888.4976,25730.34
2620,20-04-2023 03:00,1023,East,Mumbai,202,Electronics,Card,0.29,3885.51,5,19427.55,5633.9895,14036.71
2621,20-04-2023 04:00,1403,South,Delhi,344,Electronics,UPI,0.1,3534.44,9,31809.96,3180.996,28661.39
2622,20-04-2023 05:00,1804,West,Chennai,344,Home,Cash,0.05,783.38,4,3133.52,156.676,2843.64
2623,20-04-2023 06:00,1515,West,Chennai,411,Sports,Card,0.15,3322.91,3,9968.73,1495.3095,8551.31
2624,20-04-2023 07:00,1731,East,Mumbai,367,Home,Card,0.12,3854.86,6,23129.16,2775.4992,20201.71
2625,20-04-2023 08:00,1363,East,Bangalore,323,Clothing,Card,0.05,2904.85,,11619.4,580.97,11372.14
2626,20-04-2023 09:00,1381,East,Delhi,319,Sports,Cash,0.27,4474.47,2,8948.94,2416.2138,6424.1
2627,20-04-2023 10:00,1531,North,Mumbai,410,Home,Card,0.3,1457.25,5,7286.25,2185.875,5064.6
2628,20-04-2023 11:00,1955,East,Bangalore,465,Sports,Cash,,1286.51,4,5146.04,874.8268,4462.18
2629,20-04-2023 12:00,1151,North,Chennai,316,Sports,Cash,0.23,4360.89,5,21804.45,5015.0235,17490.26
2630,20-04-2023 13:00,1561,South,Pune,103,Home,NetBanking,0.26,3164.45,9,28480.05,7404.813,83074.32
2631,20-04-2023 14:00,1688,West,Delhi,135,Sports,UPI,0.21,107.09,4,428.36,89.9556,-27.1
2632,20-04-2023 15:00,1946,East,Delhi,277,Clothing,NetBanking,0.01,,6,10982.04,109.8204,10798.72
2633,20-04-2023 16:00,1607,West,Bangalore,486,Electronics,Card,,4303.49,4,17213.96,860.698,16128.79
2634,20-04-2023 17:00,1616,West,Mumbai,356,Electronics,Card,0.02,,1,233.87,4.6774,439.18
2635,20-04-2023 18:00,1419,East,Chennai,116,Sports,Cash,0,115.91,2,231.82,0,291.05
2636,20-04-2023 19:00,1249,East,Bangalore,298,Electronics,NetBanking,0.09,1478.17,6,8869.02,798.2118,7734.97
2637,20-04-2023 20:00,1116,South,Pune,417,Sports,Cash,0.12,4578.6,8,36628.8,4395.456,32458.18
2638,20-04-2023 21:00,1865,North,Pune,147,Home,NetBanking,0.07,4517.24,9,40655.16,2845.8612,38363.6
2639,20-04-2023 22:00,1511,North,Pune,161,Clothing,NetBanking,0.02,,4,10567.72,211.3544,10116.66
2640,20-04-2023 23:00,1739,West,Bangalore,168,Electronics,NetBanking,0.16,2810.86,6,16865.16,2698.4256,14264.31
2641,21-04-2023 00:00,1577,East,Chennai,246,Home,NetBanking,0.08,1726.84,3,5180.52,414.4416,4107.68
2642,21-04-2023 01:00,1334,South,Delhi,458,Clothing,NetBanking,0.24,1294.31,9,11648.79,2795.7096,8742.65
2643,21-04-2023 02:00,1417,South,Mumbai,465,Electronics,UPI,0,4094.59,8,32756.72,0,32849.62
2644,21-04-2023 03:00,1931,South,Delhi,261,Electronics,Card,0.25,620.84,1,620.84,155.21,423.22
2645,21-04-2023 04:00,1773,South,Chennai,326,Clothing,NetBanking,0.29,2488.04,2,4976.08,1443.0632,3566.79
2646,21-04-2023 05:00,1294,South,Delhi,446,Home,NetBanking,0.21,3208.55,9,28876.95,6064.1595,22579.38
2647,21-04-2023 06:00,1937,North,Bangalore,329,Home,Cash,0.22,608.03,3,1824.09,401.2998,1800.8
2648,21-04-2023 07:00,1754,North,Pune,469,Electronics,Card,0.28,2646.07,,7938.21,2222.6988,5592.31
2649,21-04-2023 08:00,1370,North,Chennai,277,Clothing,Card,0.06,2929.85,9,26368.65,1582.119,24417.69
2650,21-04-2023 09:00,1185,East,Chennai,444,Home,Card,0.3,3738.23,3,11214.69,3364.407,7838.64
2651,21-04-2023 10:00,1245,West,Delhi,155,Clothing,NetBanking,0.23,1250.7,5,6253.5,1438.305,5092.07
2652,21-04-2023 11:00,1636,South,Bangalore,177,Clothing,Cash,0.22,1537.3,6,9223.8,2029.236,7360.91
2653,21-04-2023 12:00,1267,East,Delhi,369,Electronics,Card,0.11,2890.65,3,8671.95,953.9145,7562.72
2654,21-04-2023 13:00,1642,South,Delhi,305,Clothing,Cash,0.16,4917.32,8,39338.56,6294.1696,33576.34
2655,21-04-2023 14:00,1236,North,Chennai,380,Clothing,UPI,0.2,1165.72,2,2331.44,466.288,1842.73
2656,21-04-2023 15:00,1529,East,Delhi,327,Sports,UPI,0.19,4930.93,6,29585.58,5621.2602,23450.62
2657,21-04-2023 16:00,1551,North,Pune,487,Clothing,Cash,0.21,3600.28,2,7200.56,1512.1176,23467.04
2658,21-04-2023 17:00,1020,South,Delhi,338,Home,NetBanking,0.02,4147.8,9,37330.2,746.604,36542.4
2659,21-04-2023 18:00,1910,South,Pune,387,Electronics,Card,0.11,539.24,6,3235.44,355.8984,2857.33
2660,21-04-2023 19:00,1736,West,Chennai,181,Electronics,UPI,0.13,1572.06,9,14148.54,1839.3102,12575.87
2661,21-04-2023 20:00,1866,South,Bangalore,433,Clothing,UPI,0.08,382.91,4,1531.64,122.5312,1330.8
2662,21-04-2023 21:00,1793,North,Pune,349,Clothing,Cash,0.05,1920.58,3,5761.74,288.087,5386.6
2663,21-04-2023 22:00,1519,South,Bangalore,292,Home,NetBanking,0.04,4908.32,2,9816.64,392.6656,9047.92
2664,21-04-2023 23:00,1099,West,Bangalore,205,Sports,Cash,0.11,615.84,8,4926.72,541.9392,4225.95
2665,22-04-2023 00:00,1751,West,Pune,288,Electronics,Cash,0.15,2855.63,4,11422.52,1713.378,9782.64
2666,22-04-2023 01:00,1477,North,Chennai,375,Sports,Cash,0.02,129.75,2,259.5,5.19,77.94
2667,22-04-2023 02:00,1598,East,Mumbai,173,Home,Cash,0.28,3592.15,9,32329.35,9052.218,22776.32
2668,22-04-2023 03:00,1297,South,Bangalore,109,Electronics,Cash,0.23,1066.24,8,8529.92,1961.8816,6763.49
2669,22-04-2023 04:00,1939,West,Bangalore,222,Home,NetBanking,0.22,734.96,5,3674.8,808.456,3074.09
2670,22-04-2023 05:00,1525,South,Chennai,315,Clothing,Cash,0.05,1751.39,8,14011.12,700.556,13520.57
2671,22-04-2023 06:00,1333,South,Chennai,389,Home,NetBanking,0.18,3878.12,5,19390.6,3490.308,15622.63
2672,22-04-2023 07:00,1001,East,Delhi,139,Clothing,Card,0.16,622.4,7,4356.8,697.088,3653.52
2673,22-04-2023 08:00,1374,West,Chennai,292,Sports,Card,0.29,1226.21,5,6131.05,1778.0045,4424.94
2674,22-04-2023 09:00,1292,South,Bangalore,226,Electronics,Card,0.22,,5,707.4,155.628,730.15
2675,22-04-2023 10:00,1836,West,Pune,388,Electronics,Card,0.17,4845.23,4,19380.92,3294.7564,16271.24
2676,22-04-2023 11:00,1933,North,Mumbai,170,Sports,UPI,0.26,3001.51,5,15007.55,3901.963,10681.74
2677,22-04-2023 12:00,1552,North,Delhi,236,Clothing,NetBanking,,3627.51,7,25392.57,1269.6285,24639.58
2678,22-04-2023 13:00,1317,South,Pune,243,Electronics,Card,0,3291.78,3,9875.34,0,9512.8
2679,22-04-2023 14:00,1501,West,Mumbai,488,Home,UPI,0.21,807.39,4,3229.56,678.2076,2062
2680,22-04-2023 15:00,1827,South,Mumbai,453,Clothing,NetBanking,0.03,3015.21,8,24121.68,723.6504,22517.91
2681,22-04-2023 16:00,1380,West,Mumbai,479,Electronics,UPI,0.03,743.94,6,4463.64,133.9092,4539.29
2682,22-04-2023 17:00,1622,West,Pune,398,Home,UPI,0.22,2066.06,8,16528.48,3636.2656,13326.87
2683,22-04-2023 18:00,1013,East,Delhi,469,Home,Cash,0.08,2887.92,2,5775.84,462.0672,5124.03
2684,22-04-2023 19:00,1503,East,Delhi,444,Electronics,UPI,0.19,2838.52,9,25546.68,4853.8692,20162.41
2685,22-04-2023 20:00,1230,East,Mumbai,368,Sports,UPI,0.28,683.46,7,4784.22,1339.5816,3707
2686,22-04-2023 21:00,1984,South,Pune,483,Sports,NetBanking,0.09,268.74,5,1343.7,120.933,833.4
2687,22-04-2023 22:00,1083,East,Mumbai,238,Electronics,UPI,0.07,4011.35,7,28079.45,1965.5615,26299.59
2688,22-04-2023 23:00,1129,East,Chennai,151,Home,Cash,0.03,3657.02,2,7314.04,219.4212,6817.27
2689,23-04-2023 00:00,1742,North,Delhi,116,Sports,Card,0.04,500.91,4,2003.64,80.1456,1791.77
2690,23-04-2023 01:00,1837,West,Bangalore,264,Sports,Card,0.02,724.34,7,5070.38,101.4076,5064.75
2691,23-04-2023 02:00,1144,West,Mumbai,112,Sports,NetBanking,0.03,4473.66,2,8947.32,268.4196,8776.89
2692,23-04-2023 03:00,1890,East,Chennai,289,Clothing,NetBanking,0.13,3868.73,8,30949.84,4023.4792,26958.39
2693,23-04-2023 04:00,1856,West,Delhi,439,Sports,UPI,0.1,4981.19,5,24905.95,2490.595,22856.41
2694,23-04-2023 05:00,1027,North,Pune,452,Electronics,NetBanking,0.21,1344.54,5,6722.7,1411.767,5825.23
2695,23-04-2023 06:00,1065,North,Delhi,461,Electronics,UPI,0.26,2490.23,8,19921.84,5179.6784,15279.86
2696,23-04-2023 07:00,1162,East,Pune,451,Clothing,NetBanking,0.24,1258.65,1,1258.65,302.076,903.75
2697,23-04-2023 08:00,1228,North,Pune,363,Clothing,Card,0.16,,6,18910.32,3025.6512,15916.49
2698,23-04-2023 09:00,1260,West,Mumbai,411,Electronics,Card,0.03,665.53,2,1331.06,39.9318,1704.61
2699,23-04-2023 10:00,1448,South,Mumbai,320,Clothing,Card,0.21,723.49,1,723.49,151.9329,376.04
2700,23-04-2023 11:00,1423,West,Delhi,203,Sports,Card,0.11,452.25,7,3165.75,348.2325,2688.59
2701,23-04-2023 12:00,1459,South,Chennai,438,Home,UPI,0.03,,4,13994.28,419.8284,13580.71
2702,23-04-2023 13:00,1951,East,Delhi,297,Home,UPI,0.25,2520.96,1,2520.96,630.24,1884.93
2703,23-04-2023 14:00,1675,South,Bangalore,399,Home,UPI,0.1,3126.88,6,18761.28,1876.128,16799.23
2704,23-04-2023 15:00,1300,North,Pune,458,Electronics,Card,0.07,4408.58,6,26451.48,1851.6036,24319.38
2705,23-04-2023 16:00,1918,West,Pune,467,Clothing,Cash,0.26,3727.61,3,11182.83,2907.5358,8531.57
2706,23-04-2023 17:00,1302,South,Mumbai,268,Home,Card,0.27,2362.44,6,14174.64,3827.1528,10231.27
2707,23-04-2023 18:00,1286,West,Chennai,248,Sports,Card,0.1,4923.34,9,44310.06,4431.006,39925.96
2708,23-04-2023 19:00,1394,East,Mumbai,348,Sports,Cash,0.11,2335.65,6,14013.9,1541.529,12470.26
2709,23-04-2023 20:00,1009,East,Bangalore,355,Sports,Cash,0.17,651.01,1,651.01,110.6717,742.96
2710,23-04-2023 21:00,1706,North,Delhi,141,Clothing,NetBanking,0.22,4964.01,6,29784.06,6552.4932,23368.44
2711,23-04-2023 22:00,1629,East,Delhi,301,Home,Card,0.02,211.82,8,1694.56,33.8912,1584.08
2712,23-04-2023 23:00,1269,South,Chennai,343,Sports,Cash,0.18,2794.43,7,19561.01,3520.9818,15915.54
2713,24-04-2023 00:00,1591,East,Mumbai,256,Clothing,NetBanking,0.29,1614.57,8,12916.56,3745.8024,9137.53
2714,24-04-2023 01:00,1969,North,Mumbai,385,Sports,Cash,0.08,2567.41,,20539.28,1643.1424,18563.2
2715,24-04-2023 02:00,1604,West,Bangalore,381,Home,Cash,0.27,2837.69,9,25539.21,6895.5867,18402.34
2716,24-04-2023 03:00,1777,West,Delhi,480,Home,NetBanking,0.29,,3,3829.41,1110.5289,2878.03
2717,24-04-2023 04:00,1843,East,Mumbai,337,Home,Card,0.08,2828.61,,19800.27,1584.0216,18306.06
2718,24-04-2023 05:00,1861,South,Chennai,118,Home,NetBanking,0.23,3804.7,6,22828.2,5250.486,17287.9
2719,24-04-2023 06:00,1360,North,Delhi,152,Home,Card,0.07,1405.9,2,2811.8,196.826,2579.02
2720,24-04-2023 07:00,1256,South,Bangalore,184,Sports,Cash,0.22,1978.79,5,9893.95,2176.669,7248.35
2721,24-04-2023 08:00,1132,North,Chennai,372,Home,NetBanking,0.24,1414.39,3,4243.17,1018.3608,3265.38
2722,24-04-2023 09:00,1275,East,Pune,459,Sports,UPI,0.07,4120.74,5,20603.7,1442.259,19060.6
2723,24-04-2023 10:00,1775,North,Bangalore,312,Home,Cash,0.21,3652.41,,32871.69,6903.0549,26597.15
2724,24-04-2023 11:00,1682,North,Chennai,460,Sports,NetBanking,0.24,4368.86,8,34950.88,8388.2112,26738.81
2725,24-04-2023 12:00,1971,East,Mumbai,203,Home,Cash,0.11,933.24,9,8399.16,923.9076,7189.31
2726,24-04-2023 13:00,1512,South,Pune,291,Sports,NetBanking,0.05,460.54,9,4144.86,207.243,3647.54
2727,24-04-2023 14:00,1312,East,Bangalore,276,Home,Card,0.03,684.98,8,5479.84,164.3952,5506.76
2728,24-04-2023 15:00,1575,North,Mumbai,246,Clothing,UPI,0.17,888.99,8,7111.92,1209.0264,6166.69
2729,24-04-2023 16:00,1885,East,Pune,479,Sports,Cash,0.29,2712.11,6,16272.66,4719.0714,12111.15
2730,24-04-2023 17:00,1979,North,Delhi,180,Clothing,UPI,0.25,4857.47,6,29144.82,7286.205,22205.52
2731,24-04-2023 18:00,1283,East,Mumbai,292,Sports,Card,0.13,1850.45,6,11102.7,1443.351,9802.49
2732,24-04-2023 19:00,1120,West,Chennai,136,Sports,NetBanking,0.16,4796.69,6,28780.14,4604.8224,24602.27
2733,24-04-2023 20:00,1106,West,Bangalore,476,Sports,UPI,0.08,287.18,9,2584.62,206.7696,2400.22
2734,24-04-2023 21:00,1932,East,Pune,425,Electronics,NetBanking,0.05,4641.67,1,4641.67,232.0835,4418.61
2735,24-04-2023 22:00,1686,South,Mumbai,253,Home,Card,0.14,987.65,6,5925.9,829.626,4732.48
2736,24-04-2023 23:00,1996,North,Delhi,229,Clothing,Cash,0.14,4571.13,8,36569.04,5119.6656,31901.89
2737,25-04-2023 00:00,1203,West,Bangalore,158,Clothing,Card,0.16,375.51,1,375.51,60.0816,355.15
2738,25-04-2023 01:00,1164,South,Bangalore,323,Sports,UPI,0.29,4746.28,6,28477.68,8258.5272,20189.57
2739,25-04-2023 02:00,1304,North,Mumbai,348,Clothing,UPI,0.18,1083.91,9,9755.19,1755.9342,7761.05
2740,25-04-2023 03:00,1496,West,Delhi,339,Clothing,UPI,0.18,1583.3,6,9499.8,1709.964,8157.45
2741,25-04-2023 04:00,1631,West,Pune,473,Clothing,NetBanking,0.04,2505.62,2,5011.24,200.4496,5106.75
2742,25-04-2023 05:00,1555,East,Mumbai,488,Clothing,Cash,0.3,1965.53,1,1965.53,589.659,1105.2
2743,25-04-2023 06:00,1823,North,Pune,392,Electronics,UPI,0.23,3370.89,4,13483.56,3101.2188,10535.49
2744,25-04-2023 07:00,1155,South,Bangalore,386,Sports,UPI,0.26,4876.56,6,29259.36,7607.4336,21890.72
2745,25-04-2023 08:00,1366,South,Pune,303,Clothing,UPI,0.12,3071.49,9,27643.41,3317.2092,23952.32
2746,25-04-2023 09:00,1718,South,Delhi,198,Electronics,Card,0.15,3635.28,5,18176.4,2726.46,15642.31
2747,25-04-2023 10:00,1901,North,Chennai,449,Electronics,UPI,0.16,531.23,7,3718.61,594.9776,3255.93
2748,25-04-2023 11:00,1619,South,Delhi,275,Sports,Card,0.06,3176.28,6,19057.68,1143.4608,18101.17
2749,25-04-2023 12:00,1250,South,Pune,361,Home,UPI,0.21,2323.86,6,13943.16,2928.0636,11611.11
2750,25-04-2023 13:00,1956,South,Mumbai,370,Home,Card,0.27,4440.33,9,39962.97,10790.0019,30061.47
2751,25-04-2023 14:00,1915,East,Bangalore,242,Home,NetBanking,0.05,2002.23,5,10011.15,500.5575,9881.46
2752,25-04-2023 15:00,1881,East,Chennai,288,Clothing,NetBanking,0.03,3429.33,2,6858.66,205.7598,6731.05
2753,25-04-2023 16:00,1333,North,Mumbai,371,Sports,Card,0.22,1217.95,8,9743.6,2143.592,7791.48
2754,25-04-2023 17:00,1641,North,Mumbai,119,Home,Cash,0.08,1370.93,3,4112.79,329.0232,3913.98
2755,25-04-2023 18:00,1968,South,Delhi,432,Clothing,Cash,0.19,1943,9,17487,3322.53,14869.99
2756,25-04-2023 19:00,1510,East,Pune,399,Sports,Card,0.21,1589.91,5,7949.55,1669.4055,6321.37
2757,25-04-2023 20:00,1292,West,Delhi,145,Clothing,NetBanking,,1344.01,1,1344.01,134.401,1085.33
2758,25-04-2023 21:00,1019,West,Pune,194,Home,Card,0.24,343.38,4,1373.52,329.6448,1208.5
2759,25-04-2023 22:00,1281,South,Delhi,163,Home,Cash,0.16,,9,37800.54,6048.0864,32378.77
2760,25-04-2023 23:00,1796,South,Mumbai,230,Electronics,Card,0.26,415.08,1,415.08,107.9208,16.57
2761,26-04-2023 00:00,1000,East,Bangalore,108,Electronics,NetBanking,0.23,4448.09,8,35584.72,8184.4856,27198.67
2762,26-04-2023 01:00,1118,East,Pune,302,Sports,Cash,0.26,714.78,8,5718.24,1486.7424,4013.32
2763,26-04-2023 02:00,1034,East,Chennai,397,Clothing,Cash,0.01,419.78,9,3778.02,37.7802,3381.12
2764,26-04-2023 03:00,1197,North,Chennai,273,Clothing,UPI,0.07,2858.72,9,25728.48,1800.9936,23642.14
2765,26-04-2023 04:00,1484,North,Mumbai,172,Home,UPI,0.03,2561.96,6,15371.76,461.1528,15192.72
2766,26-04-2023 05:00,1756,South,Delhi,183,Home,Cash,0.13,2507.05,5,12535.25,1629.5825,10971.61
2767,26-04-2023 06:00,1058,North,Delhi,158,Sports,Cash,0.27,2915.07,7,20405.49,5509.4823,14507.85
2768,26-04-2023 07:00,1836,East,Mumbai,120,Electronics,Card,0.14,1506.58,9,13559.22,1898.2908,11866.63
2769,26-04-2023 08:00,1160,East,Chennai,256,Home,NetBanking,0.25,3348.45,5,16742.25,4185.5625,12660.32
2770,26-04-2023 09:00,1690,North,Chennai,418,Clothing,Cash,0.1,2561.77,3,7685.31,768.531,7202.27
2771,26-04-2023 10:00,1205,West,Delhi,428,Home,NetBanking,0.1,1740.24,9,15662.16,1566.216,13914.74
2772,26-04-2023 11:00,1011,South,Pune,160,Electronics,Cash,0.27,4149.85,1,4149.85,1120.4595,2661.26
2773,26-04-2023 12:00,1489,West,Bangalore,163,Clothing,NetBanking,0.13,3665.83,1,3665.83,476.5579,3393.24
2774,26-04-2023 13:00,1275,South,Pune,424,Electronics,UPI,0.24,2028.69,4,8114.76,1947.5424,6414.75
2775,26-04-2023 14:00,1692,West,Chennai,267,Sports,Cash,0.07,4253.33,2,8506.66,595.4662,7579.86
2776,26-04-2023 15:00,1241,North,Pune,302,Sports,Card,0.28,4609.27,7,32264.89,9034.1692,23302.15
2777,26-04-2023 16:00,1215,South,Bangalore,228,Electronics,NetBanking,0.17,2730.64,2,5461.28,928.4176,4347.98
2778,26-04-2023 17:00,1250,South,Pune,344,Clothing,Cash,0.23,1153.27,7,8072.89,1856.7647,6507.47
2779,26-04-2023 18:00,1810,South,Pune,205,Electronics,UPI,0.03,4587.38,,36699.04,1100.9712,35796.72
2780,26-04-2023 19:00,1125,East,Pune,420,Home,UPI,0.15,,8,8227.6,1234.14,7359.08
2781,26-04-2023 20:00,1993,East,Pune,221,Home,UPI,0.27,337.27,3,1011.81,273.1887,486.25
2782,26-04-2023 21:00,1216,West,Mumbai,417,Electronics,UPI,0.26,1704.69,9,15342.21,3988.9746,11146.32
2783,26-04-2023 22:00,1305,North,Chennai,281,Home,Cash,0.01,3662.14,6,21972.84,219.7284,21641.93
2784,26-04-2023 23:00,1796,East,Bangalore,202,Electronics,Card,0.09,4624.04,4,18496.16,1664.6544,16672.49
2785,27-04-2023 00:00,1184,South,Chennai,415,Home,NetBanking,0.13,3222.7,8,25781.6,3351.608,22540.53
2786,27-04-2023 01:00,1038,East,Mumbai,401,Electronics,Card,0.05,4764.01,4,19056.04,952.802,17780.11
2787,27-04-2023 02:00,1222,North,Mumbai,360,Home,NetBanking,0.22,552.62,,2210.48,486.3056,2180.54
2788,27-04-2023 03:00,1183,East,Mumbai,212,Clothing,Card,0.06,397.69,8,3181.52,190.8912,3513.78
2789,27-04-2023 04:00,1494,South,Mumbai,169,Clothing,Cash,0.1,3060.54,4,12242.16,1224.216,11350.78
2790,27-04-2023 05:00,1426,West,Pune,259,Home,Cash,0.2,4833.97,1,4833.97,966.794,4017.2
2791,27-04-2023 06:00,1177,South,Chennai,339,Electronics,NetBanking,0.14,2563.33,6,15379.98,2153.1972,13189.83
2792,27-04-2023 07:00,1918,North,Delhi,110,Home,Cash,0.22,352.42,8,2819.36,620.2592,2255.77
2793,27-04-2023 08:00,1427,West,Bangalore,237,Sports,NetBanking,0.29,1183.97,3,3551.91,1030.0539,2294.97
2794,27-04-2023 09:00,1293,East,Mumbai,266,Sports,Card,0.03,1299.49,2,2598.98,77.9694,2568.24
2795,27-04-2023 10:00,1851,East,Chennai,346,Electronics,Cash,0.21,1755.5,6,10533,2211.93,8421.67
2796,27-04-2023 11:00,1150,East,Mumbai,453,Home,Cash,0.07,313.66,1,313.66,21.9562,44.1
2797,27-04-2023 12:00,1383,West,Mumbai,130,Home,NetBanking,0.12,4533.97,5,22669.85,2720.382,20435.89
2798,27-04-2023 13:00,1637,South,Mumbai,111,Clothing,NetBanking,0.01,2626.26,6,15757.56,157.5756,15574.72
2799,27-04-2023 14:00,1812,West,Mumbai,342,Electronics,NetBanking,0.04,3387.56,8,27100.48,1084.0192,25707.84
2800,27-04-2023 15:00,1307,West,Mumbai,207,Sports,NetBanking,0.1,,7,3004.05,300.405,2642.05
2801,27-04-2023 16:00,1335,North,Bangalore,435,Sports,UPI,0.1,365.17,6,2191.02,219.102,1791.16
2802,27-04-2023 17:00,1945,West,Chennai,422,Electronics,NetBanking,0.27,2973.69,2,5947.38,1605.7926,4089.5
2803,27-04-2023 18:00,1745,East,Mumbai,293,Sports,UPI,0.22,4447.75,8,35582,7828.04,28225.36
2804,27-04-2023 19:00,1891,South,Mumbai,407,Electronics,Card,0.29,2689.56,8,21516.48,6239.7792,15279.69
2805,27-04-2023 20:00,1374,South,Mumbai,232,Sports,NetBanking,0.18,,5,22006.55,3961.179,18354.31
2806,27-04-2023 21:00,1007,South,Mumbai,494,Sports,UPI,,,3,12221.58,855.5106,11489.51
2807,27-04-2023 22:00,1340,East,Pune,380,Electronics,UPI,0.1,471.68,8,3773.44,377.344,3539.08
2808,27-04-2023 23:00,1128,East,Pune,390,Electronics,UPI,0.1,1089.59,5,5447.95,544.795,4899.05
2809,28-04-2023 00:00,1775,East,Delhi,262,Sports,Cash,0.1,3322.78,3,9968.34,996.834,8841.91
2810,28-04-2023 01:00,1668,East,Mumbai,377,Sports,UPI,0.2,2273.16,9,20458.44,4091.688,16756.74
2811,28-04-2023 02:00,1351,East,Delhi,302,Clothing,NetBanking,0.16,1524.43,9,13719.87,2195.1792,11720.96
2812,28-04-2023 03:00,1357,West,Bangalore,195,Home,NetBanking,0.12,2151.31,7,15059.17,1807.1004,13197.81
2813,28-04-2023 04:00,1516,East,Delhi,322,Electronics,NetBanking,0.04,2281.48,8,18251.84,730.0736,17820.08
2814,28-04-2023 05:00,1494,East,Chennai,336,Electronics,UPI,0.01,4561.71,5,22808.55,228.0855,23033.5
2815,28-04-2023 06:00,1085,East,Pune,216,Home,UPI,0.07,606.95,5,3034.75,212.4325,2932.13
2816,28-04-2023 07:00,1174,East,Pune,291,Clothing,Cash,0.03,1470.68,5,7353.4,220.602,7598.22
2817,28-04-2023 08:00,1801,South,Mumbai,375,Sports,Card,0.24,2734.07,2,5468.14,1312.3536,4012.63
2818,28-04-2023 09:00,1192,East,Mumbai,205,Sports,Cash,0.03,3521.61,3,10564.83,316.9449,9978
2819,28-04-2023 10:00,1310,West,Bangalore,103,Clothing,NetBanking,0.22,3190.12,8,25520.96,5614.6112,19803.46
2820,28-04-2023 11:00,1118,West,Bangalore,117,Clothing,NetBanking,0.12,4714.05,6,28284.3,3394.116,24902.56
2821,28-04-2023 12:00,1217,West,Chennai,406,Home,NetBanking,0.02,3998.48,9,35986.32,719.7264,35733.21
2822,28-04-2023 13:00,1426,North,Mumbai,119,Home,Cash,0.24,2829.68,7,19807.76,4753.8624,14939.62
2823,28-04-2023 14:00,1969,South,Mumbai,221,Sports,NetBanking,0.17,1151.95,6,6911.7,1174.989,5851.98
2824,28-04-2023 15:00,1413,East,Bangalore,236,Clothing,NetBanking,0.07,2309.28,4,9237.12,646.5984,8920.81
2825,28-04-2023 16:00,1113,North,Bangalore,179,Clothing,NetBanking,0.27,,7,24482.99,6610.4073,18012.82
2826,28-04-2023 17:00,1977,East,Bangalore,253,Sports,UPI,0.01,4206.01,4,16824.04,168.2404,16507.73
2827,28-04-2023 18:00,1144,North,Pune,457,Sports,Card,,4802.71,7,33618.97,2017.1382,31218.25
2828,28-04-2023 19:00,1537,North,Delhi,124,Sports,UPI,0.23,3066.72,5,15333.6,3526.728,12172.53
2829,28-04-2023 20:00,1647,West,Delhi,268,Sports,UPI,0.21,2681.9,2,5363.8,1126.398,3921.65
2830,28-04-2023 21:00,1302,West,Mumbai,158,Sports,Card,0.09,186.69,7,1306.83,117.6147,1075.62
2831,28-04-2023 22:00,1743,North,Pune,400,Home,Card,0.02,453.29,8,3626.32,72.5264,3563.98
2832,28-04-2023 23:00,1880,West,Bangalore,140,Sports,Cash,0.26,864.91,2,1729.82,449.7532,1659.1
2833,29-04-2023 00:00,1587,North,Mumbai,137,Clothing,Card,0.09,368.32,6,2209.92,198.8928,2310.34
2834,29-04-2023 01:00,1986,South,Pune,216,Electronics,Cash,0.06,2064.23,,8256.92,495.4152,7806.01
2835,29-04-2023 02:00,1839,West,Chennai,374,Home,Cash,0.15,1750.7,5,8753.5,1313.025,7804.31
2836,29-04-2023 03:00,1344,West,Pune,369,Clothing,UPI,0.27,3223.04,1,3223.04,870.2208,2782.63
2837,29-04-2023 04:00,1813,West,Mumbai,226,Electronics,NetBanking,0.01,2724.76,6,16348.56,163.4856,16042.07
2838,29-04-2023 05:00,1963,South,Delhi,498,Home,UPI,0.23,3020.26,8,24162.08,5557.2784,18486.84
2839,29-04-2023 06:00,1800,North,Bangalore,102,Sports,UPI,0.17,2412.69,2,4825.38,820.3146,4229.82
2840,29-04-2023 07:00,1000,East,Chennai,392,Home,Card,0.13,1460.91,1,1460.91,189.9183,1780.09
2841,29-04-2023 08:00,1146,West,Pune,472,Sports,Card,0.22,4768.84,9,42919.56,9442.3032,33268.81
2842,29-04-2023 09:00,1286,North,Mumbai,115,Sports,Cash,0.29,523.4,2,1046.8,303.572,190.59
2843,29-04-2023 10:00,1975,South,Mumbai,497,Sports,Cash,0.07,4700.57,8,37604.56,2632.3192,35167.12
2844,29-04-2023 11:00,1653,East,Bangalore,364,Electronics,Cash,0.04,1625.07,5,8125.35,325.014,8209.64
2845,29-04-2023 12:00,1052,West,Mumbai,338,Home,Card,0.27,2612.04,2,5224.08,1410.5016,3852.42
2846,29-04-2023 13:00,1303,South,Mumbai,362,Sports,Cash,0.2,633.33,5,3166.65,633.33,3323.53
2847,29-04-2023 14:00,1068,South,Bangalore,497,Clothing,Cash,0.13,447.56,9,4028.04,523.6452,13013
2848,29-04-2023 15:00,1360,East,Chennai,233,Home,Card,0.17,2204.77,6,13228.62,2248.8654,10757.1
2849,29-04-2023 16:00,1601,North,Delhi,312,Clothing,NetBanking,0.22,3734.32,3,11202.96,2464.6512,8511.58
2850,29-04-2023 17:00,1957,West,Delhi,114,Electronics,UPI,0.23,1419.89,8,11359.12,2612.5976,8772.65
2851,29-04-2023 18:00,1219,West,Pune,427,Electronics,Card,0.28,2855.5,1,2855.5,799.54,2088.96
2852,29-04-2023 19:00,1961,North,Chennai,459,Home,Cash,0.13,1465.39,9,13188.51,1714.5063,11243.07
2853,29-04-2023 20:00,1703,North,Pune,228,Electronics,UPI,0.09,2004.2,9,18037.8,1623.402,16751.4
2854,29-04-2023 21:00,1965,North,Delhi,451,Electronics,Card,0.19,4541.59,4,18166.36,3451.6084,14795.09
2855,29-04-2023 22:00,1574,East,Bangalore,221,Home,UPI,0.12,4293.61,8,34348.88,4121.8656,29916.57
2856,29-04-2023 23:00,1584,East,Mumbai,340,Clothing,UPI,0.18,2628.49,3,7885.47,1419.3846,6650.2
2857,30-04-2023 00:00,1160,West,Delhi,214,Sports,NetBanking,0.13,1266.72,6,7600.32,988.0416,6486.17
2858,30-04-2023 01:00,1680,East,Chennai,296,Home,Cash,0.05,,8,8372.8,418.64,7984.63
2859,30-04-2023 02:00,1088,South,Delhi,321,Home,Card,0.14,4775.03,9,42975.27,6016.5378,37224.93
2860,30-04-2023 03:00,1687,West,Chennai,313,Sports,Cash,,1093.31,8,8746.48,1836.7608,7209.45
2861,30-04-2023 04:00,1780,East,Chennai,179,Clothing,NetBanking,0.24,4060.02,9,36540.18,8769.6432,28045.51
2862,30-04-2023 05:00,1584,North,Chennai,362,Sports,NetBanking,0.15,1907.95,4,7631.8,1144.77,6501.94
2863,30-04-2023 06:00,1756,South,Pune,234,Sports,Card,0.05,4929.73,1,4929.73,246.4865,4390.8
2864,30-04-2023 07:00,1588,North,Bangalore,405,Clothing,Card,0.12,1903.96,7,13327.72,1599.3264,11632.81
2865,30-04-2023 08:00,1158,West,Delhi,341,Clothing,NetBanking,0.24,1822.43,4,7289.72,1749.5328,5547.15
2866,30-04-2023 09:00,1488,North,Bangalore,485,Sports,Card,0.12,,1,3223.57,386.8284,3300.6
2867,30-04-2023 10:00,1970,East,Mumbai,402,Sports,UPI,0.21,4811.43,3,14434.29,3031.2009,11245.27
2868,30-04-2023 11:00,1323,East,Delhi,369,Home,UPI,0.15,,7,34184.01,5127.6015,29116.94
2869,30-04-2023 12:00,1609,West,Bangalore,386,Clothing,NetBanking,0.07,3565.31,3,10695.93,748.7151,9577.33
2870,30-04-2023 13:00,1380,North,Bangalore,149,Electronics,Cash,0.24,3797.57,1,3797.57,911.4168,2988.31
2871,30-04-2023 14:00,1101,West,Mumbai,288,Clothing,Card,0.03,2860.67,7,20024.69,600.7407,19410.32
2872,30-04-2023 15:00,1493,North,Chennai,396,Sports,Card,0.16,3803.3,8,30426.4,4868.224,25519.41
2873,30-04-2023 16:00,1643,South,Delhi,113,Sports,UPI,0.06,4312.92,5,21564.6,1293.876,20524.71
2874,30-04-2023 17:00,1613,East,Delhi,488,Sports,Card,0.02,2481.87,6,14891.22,297.8244,14387.67
2875,30-04-2023 18:00,1018,West,Mumbai,331,Sports,Cash,0.15,3137.33,3,9411.99,1411.7985,8420.46
2876,30-04-2023 19:00,1453,South,Chennai,360,Electronics,Card,0.15,2732.85,5,13664.25,2049.6375,11386.73
2877,30-04-2023 20:00,1481,South,Delhi,291,Clothing,Card,0.21,2856.11,3,8568.33,1799.3493,7178.8
2878,30-04-2023 21:00,1593,West,Delhi,302,Electronics,UPI,0.22,4461.23,2,8922.46,1962.9412,6480.67
2879,30-04-2023 22:00,1396,West,Delhi,360,Electronics,Card,0.22,1842.52,7,12897.64,2837.4808,10151.91
2880,30-04-2023 23:00,1278,South,Chennai,212,Sports,NetBanking,0.12,1120.1,,7840.7,940.884,7082.91
2881,01-05-2023 00:00,1850,North,Mumbai,473,Electronics,NetBanking,0.19,2335.77,8,18686.16,3550.3704,15027.86
2882,01-05-2023 01:00,1364,South,Delhi,451,Sports,Cash,0.17,1119.62,1,1119.62,190.3354,1012.62
2883,01-05-2023 02:00,1330,West,Bangalore,135,Sports,Cash,0.13,2542.16,2,5084.32,660.9616,4314.28
2884,01-05-2023 03:00,1640,South,Chennai,178,Sports,Cash,0.18,4527.19,2,9054.38,1629.7884,7558.92
2885,01-05-2023 04:00,1343,North,Pune,374,Electronics,Cash,0.28,3125.42,3,9376.26,2625.3528,6826.02
2886,01-05-2023 05:00,1821,East,Mumbai,377,Sports,UPI,0.06,4291.62,7,30041.34,1802.4804,28903.94
2887,01-05-2023 06:00,1454,East,Bangalore,261,Electronics,Card,0.27,914.34,7,6400.38,1728.1026,4258.7
2888,01-05-2023 07:00,1600,South,Delhi,411,Clothing,UPI,0.02,4514.28,,31599.96,631.9992,31028.24
2889,01-05-2023 08:00,1724,North,Pune,116,Sports,Cash,0.09,3048.76,1,3048.76,274.3884,2648.13
2890,01-05-2023 09:00,1654,East,Mumbai,303,Home,Card,0.09,255.62,2,511.24,46.0116,502.6
2891,01-05-2023 10:00,1064,South,Chennai,116,Home,NetBanking,0.19,3202.28,8,25618.24,4867.4656,20710.02
2892,01-05-2023 11:00,1075,South,Pune,301,Home,UPI,0.04,4761.85,9,42856.65,1714.266,41037.83
2893,01-05-2023 12:00,1710,North,Pune,309,Home,Card,0.26,487.92,7,3415.44,888.0144,2370.51
2894,01-05-2023 13:00,1142,West,Bangalore,177,Home,NetBanking,0.25,,1,2954.04,738.51,2429.84
2895,01-05-2023 14:00,1916,South,Mumbai,155,Electronics,NetBanking,0.2,4585.85,4,18343.4,3668.68,14562.78
2896,01-05-2023 15:00,1914,West,Bangalore,179,Clothing,Cash,0.14,147.51,8,1180.08,165.2112,1008.35
2897,01-05-2023 16:00,1827,West,Bangalore,405,Electronics,NetBanking,0.28,3191.47,5,15957.35,4468.058,11545.02
2898,01-05-2023 17:00,1604,East,Delhi,157,Sports,NetBanking,0.25,2427.02,1,2427.02,606.755,1602.91
2899,01-05-2023 18:00,1472,West,Chennai,117,Clothing,Cash,0.15,1800.25,7,12601.75,1890.2625,10894.27
2900,01-05-2023 19:00,1416,North,Pune,307,Clothing,Card,0.21,3174.93,6,19049.58,4000.4118,14761.58
2901,01-05-2023 20:00,1304,East,Mumbai,234,Clothing,Card,0.17,358.24,9,3224.16,548.1072,2824.05
2902,01-05-2023 21:00,1735,East,Chennai,431,Clothing,Cash,0.18,,4,15160.04,2728.8072,12551.8
2903,01-05-2023 22:00,1496,East,Chennai,109,Home,UPI,0.1,121.95,,487.8,48.78,399.11
2904,01-05-2023 23:00,1290,South,Mumbai,168,Sports,Cash,0.14,1603.99,8,12831.92,1796.4688,10706.99
2905,02-05-2023 00:00,1939,South,Chennai,440,Clothing,Card,0.02,2569.4,4,10277.6,205.552,10074.07
2906,02-05-2023 01:00,1101,West,Delhi,486,Clothing,UPI,0.11,1947.41,3,5842.23,642.6453,4889.88
2907,02-05-2023 02:00,1985,East,Chennai,182,Home,Cash,0.21,1606.63,7,11246.41,2361.7461,8851.07
2908,02-05-2023 03:00,1266,East,Delhi,208,Electronics,Card,0.29,4171.09,5,20855.45,6048.0805,15044.04
2909,02-05-2023 04:00,1866,North,Pune,143,Electronics,Card,0.29,4680.68,9,42126.12,12216.5748,29904.91
2910,02-05-2023 05:00,1967,West,Pune,497,Electronics,Card,0.17,4381.19,5,21905.95,3724.0115,18558.15
2911,02-05-2023 06:00,1621,North,Bangalore,231,Sports,NetBanking,0.18,2659.91,9,23939.19,4309.0542,19718.66
2912,02-05-2023 07:00,1973,West,Delhi,117,Electronics,NetBanking,0.06,4432.4,6,26594.4,1595.664,25230.73
2913,02-05-2023 08:00,1841,West,Pune,192,Clothing,UPI,0.21,,6,27673.32,5811.3972,22076.94
2914,02-05-2023 09:00,1961,South,Chennai,393,Home,UPI,0.02,2105.27,6,12631.62,252.6324,12801.12
2915,02-05-2023 10:00,1941,South,Mumbai,247,Home,UPI,0.09,1488.88,7,10422.16,937.9944,9092.63
2916,02-05-2023 11:00,1776,North,Mumbai,271,Electronics,NetBanking,0.2,581.5,4,2326,465.2,1703.9
2917,02-05-2023 12:00,1002,West,Delhi,150,Home,UPI,0.09,2447.55,4,9790.2,881.118,8917.45
2918,02-05-2023 13:00,1084,East,Bangalore,118,Clothing,Card,0.01,4736.85,9,42631.65,426.3165,42445.54
2919,02-05-2023 14:00,1793,South,Chennai,219,Electronics,Card,0.25,2848.45,7,19939.15,4984.7875,15004.87
2920,02-05-2023 15:00,1327,East,Delhi,423,Clothing,UPI,0.09,3371.05,6,20226.3,1820.367,18404.01
2921,02-05-2023 16:00,1815,North,Mumbai,324,Sports,UPI,0.02,653.13,1,653.13,13.0626,949.18
2922,02-05-2023 17:00,1449,South,Delhi,165,Clothing,NetBanking,0.02,803.25,7,5622.75,112.455,5408.98
2923,02-05-2023 18:00,1453,South,Chennai,240,Clothing,Card,0.08,2375.92,6,14255.52,1140.4416,12999.8
2924,02-05-2023 19:00,1923,West,Pune,288,Clothing,Cash,0.05,4761.2,4,19044.8,952.24,18248.8
2925,02-05-2023 20:00,1628,North,Chennai,257,Clothing,Cash,0.23,1867.84,8,14942.72,3436.8256,12224.1
2926,02-05-2023 21:00,1220,West,Pune,197,Sports,NetBanking,0.1,4399.67,7,30797.69,3079.769,27712.01
2927,02-05-2023 22:00,1153,South,Pune,257,Electronics,NetBanking,0.24,689.41,8,5515.28,1323.6672,3997.77
2928,02-05-2023 23:00,1664,North,Pune,345,Clothing,NetBanking,0.05,3123.38,9,28110.42,1405.521,26534.82
2929,03-05-2023 00:00,1011,South,Delhi,443,Electronics,Card,0.15,3043,1,3043,456.45,2476.78
2930,03-05-2023 01:00,1132,North,Mumbai,335,Home,UPI,0.21,4313.39,3,12940.17,2717.4357,10620.55
2931,03-05-2023 02:00,1993,South,Delhi,132,Clothing,UPI,0.2,116.25,2,232.5,46.5,76.18
2932,03-05-2023 03:00,1303,East,Mumbai,460,Clothing,NetBanking,0.18,1030.67,3,3092.01,556.5618,2626.82
2933,03-05-2023 04:00,1292,East,Chennai,340,Home,Card,0.28,1176.47,2,2352.94,658.8232,1666.53
2934,03-05-2023 05:00,1974,West,Bangalore,429,Electronics,Cash,0.07,4754.83,6,28528.98,1997.0286,26138.01
2935,03-05-2023 06:00,1299,East,Chennai,437,Sports,NetBanking,0.15,853.1,9,7677.9,1151.685,6427.9
2936,03-05-2023 07:00,1739,South,Delhi,374,Clothing,Card,0.27,281.12,2,562.24,151.8048,-331.9
2937,03-05-2023 08:00,1782,South,Delhi,170,Home,NetBanking,0.02,2718.86,4,10875.44,217.5088,10710.46
2938,03-05-2023 09:00,1042,East,Mumbai,412,Home,Card,0.02,2689.94,5,13449.7,268.994,13327.57
2939,03-05-2023 10:00,1943,West,Delhi,315,Clothing,Card,0.07,4235.83,5,21179.15,1482.5405,19442.93
2940,03-05-2023 11:00,1342,East,Pune,178,Electronics,NetBanking,0.19,4749.41,1,4749.41,902.3879,3684.39
2941,03-05-2023 12:00,1325,North,Delhi,268,Electronics,UPI,0.08,2738.87,6,16433.22,1314.6576,14716.41
2942,03-05-2023 13:00,1813,North,Mumbai,397,Clothing,NetBanking,,4656.97,5,23284.85,1397.091,21222.86
2943,03-05-2023 14:00,1497,North,Mumbai,279,Home,UPI,0.14,3653.28,6,21919.68,3068.7552,18399.07
2944,03-05-2023 15:00,1363,East,Pune,215,Clothing,UPI,0.18,1396.34,,5585.36,1005.3648,4775.6
2945,03-05-2023 16:00,1890,East,Mumbai,359,Sports,Cash,0.07,4649.26,,27895.56,1952.6892,25848.59
2946,03-05-2023 17:00,1426,East,Bangalore,359,Sports,Card,0.09,3370.47,9,30334.23,2730.0807,27666.96
2947,03-05-2023 18:00,1020,North,Chennai,104,Electronics,NetBanking,0.18,2129.07,1,2129.07,383.2326,2358.12
2948,03-05-2023 19:00,1406,West,Delhi,396,Sports,Card,0.28,3433.19,6,20599.14,5767.7592,15131.02
2949,03-05-2023 20:00,1618,South,Bangalore,207,Home,Cash,0.2,2066.43,,2066.43,413.286,1814.85
2950,03-05-2023 21:00,1335,East,Delhi,442,Sports,UPI,0.23,659.5,7,4616.5,1061.795,3409.29
2951,03-05-2023 22:00,1814,West,Bangalore,459,Clothing,NetBanking,,,4,14492,1594.12,13365.7
2952,03-05-2023 23:00,1116,South,Delhi,216,Home,Card,0.08,4138.03,6,24828.18,1986.2544,23212.5
2953,04-05-2023 00:00,1123,South,Pune,456,Electronics,Cash,0.14,3671.15,7,25698.05,3597.727,22368.26
2954,04-05-2023 01:00,1398,South,Mumbai,430,Electronics,UPI,0.24,1222.66,5,6113.3,1467.192,4644.63
2955,04-05-2023 02:00,1792,West,Mumbai,430,Sports,UPI,0.14,4787.51,9,43087.59,6032.2626,36777.97
2956,04-05-2023 03:00,1803,West,Pune,112,Electronics,Card,0.25,223.75,8,1790,447.5,1797.69
2957,04-05-2023 04:00,1714,North,Bangalore,241,Clothing,UPI,0.3,1730.16,3,5190.48,1557.144,3894.49
2958,04-05-2023 05:00,1050,West,Chennai,287,Home,Cash,0.02,1374.45,1,1374.45,27.489,1285.89
2959,04-05-2023 06:00,1782,West,Bangalore,380,Clothing,UPI,0.01,335.82,8,2686.56,26.8656,2576.66
2960,04-05-2023 07:00,1323,West,Mumbai,214,Clothing,NetBanking,0.04,2088.08,4,8352.32,334.0928,7651.75
2961,04-05-2023 08:00,1788,South,Chennai,335,Clothing,NetBanking,0.12,3153.26,7,22072.82,2648.7384,19652.19
2962,04-05-2023 09:00,1140,East,Delhi,437,Clothing,Card,0.04,4424.51,4,17698.04,707.9216,17041.26
2963,04-05-2023 10:00,1469,North,Chennai,109,Home,Cash,0.26,4949.48,7,34646.36,9008.0536,25757.63
2964,04-05-2023 11:00,1786,East,Bangalore,298,Home,UPI,0.01,4059.64,1,4059.64,40.5964,4298.13
2965,04-05-2023 12:00,1801,East,Pune,351,Clothing,UPI,0.09,2396.53,1,2396.53,215.6877,2397.43
2966,04-05-2023 13:00,1333,West,Delhi,149,Clothing,UPI,0.06,3646.15,2,7292.3,437.538,6592.27
2967,04-05-2023 14:00,1892,North,Bangalore,241,Electronics,NetBanking,0.28,4233.76,,21168.8,5927.264,15248.25
2968,04-05-2023 15:00,1963,East,Delhi,370,Electronics,Cash,0.2,2380.01,,14280.06,2856.012,11547.89
2969,04-05-2023 16:00,1372,East,Chennai,115,Home,UPI,0.27,3946.77,2,7893.54,2131.2558,5908.76
2970,04-05-2023 17:00,1563,North,Mumbai,101,Electronics,Card,0.29,2465,1,2465,714.85,1273.07
2971,04-05-2023 18:00,1493,West,Bangalore,257,Home,Cash,0.15,1993.83,9,17944.47,2691.6705,14950.99
2972,04-05-2023 19:00,1538,East,Pune,129,Home,Cash,0.07,2677.85,7,18744.95,1312.1465,17630.01
2973,04-05-2023 20:00,1668,South,Chennai,181,Sports,UPI,0.06,3411.69,8,27293.52,1637.6112,25848.54
2974,04-05-2023 21:00,1750,East,Bangalore,130,Home,NetBanking,0.07,3661.72,6,21970.32,1537.9224,20915.3
2975,04-05-2023 22:00,1155,South,Pune,335,Electronics,Cash,0.21,1848.01,9,16632.09,3492.7389,12674.34
2976,04-05-2023 23:00,1290,West,Bangalore,432,Sports,Card,0.01,2899.47,8,23195.76,231.9576,23233.09
2977,05-05-2023 00:00,1647,East,Chennai,247,Electronics,Cash,0.02,4558.37,4,18233.48,364.6696,17981.71
2978,05-05-2023 01:00,1143,North,Bangalore,276,Home,NetBanking,,4883.93,,24419.65,4395.537,19708.84
2979,05-05-2023 02:00,1105,North,Delhi,469,Home,Card,0.19,1213.52,2,2427.04,461.1376,1435.65
2980,05-05-2023 03:00,1419,East,Chennai,134,Clothing,NetBanking,0.2,1044.87,1,1044.87,208.974,1118.17
2981,05-05-2023 04:00,1669,West,Bangalore,122,Home,UPI,0.11,3415.76,6,20494.56,2254.4016,17945.1
2982,05-05-2023 05:00,1657,West,Mumbai,205,Sports,Cash,0.24,2131.95,3,6395.85,1535.004,4466.6
2983,05-05-2023 06:00,1001,North,Bangalore,196,Home,Card,0.16,218.69,4,874.76,139.9616,870.86
2984,05-05-2023 07:00,1944,East,Delhi,329,Clothing,NetBanking,0.03,1799.62,1,1799.62,53.9886,1742.73
2985,05-05-2023 08:00,1588,West,Pune,326,Home,UPI,0.24,4053.05,6,24318.3,5836.392,18654.3
2986,05-05-2023 09:00,1643,North,Pune,470,Home,Card,0.29,4007.39,8,32059.12,9297.1448,22891.15
2987,05-05-2023 10:00,1089,South,Pune,199,Home,Cash,0.02,2523.96,4,10095.84,201.9168,10897.57
2988,05-05-2023 11:00,1344,East,Mumbai,154,Clothing,Cash,0.12,2415.63,8,19325.04,2319.0048,17223.09
2989,05-05-2023 12:00,1349,South,Delhi,294,Electronics,NetBanking,0.15,2939.59,3,8818.77,1322.8155,7693.83
2990,05-05-2023 13:00,1458,South,Chennai,107,Home,Card,0.04,1175.04,7,8225.28,329.0112,7631.59
2991,05-05-2023 14:00,1262,West,Pune,414,Sports,UPI,0.26,2677.61,3,8032.83,2088.5358,6413
2992,05-05-2023 15:00,1350,West,Delhi,227,Clothing,UPI,0.09,154.13,,924.78,83.2302,689.95
2993,05-05-2023 16:00,1107,West,Bangalore,131,Sports,UPI,0.23,2430.24,,9720.96,2235.8208,7212.02
2994,05-05-2023 17:00,1585,East,Mumbai,192,Home,NetBanking,0.2,1746.65,6,10479.9,2095.98,8320.47
2995,05-05-2023 18:00,1038,South,Delhi,106,Clothing,UPI,0.18,3406.86,7,23848.02,4292.6436,19687.41
2996,05-05-2023 19:00,1908,East,Delhi,357,Home,Card,0.06,3227.93,8,25823.44,1549.4064,24135.49
2997,05-05-2023 20:00,1158,West,Chennai,440,Sports,NetBanking,,1966.1,6,11796.6,825.762,10707.91
2998,05-05-2023 21:00,1582,South,Delhi,489,Clothing,Cash,,135.64,4,542.56,5.4256,267.8
2999,05-05-2023 22:00,1958,East,Chennai,319,Electronics,NetBanking,0.07,1336.14,9,12025.26,841.7682,11245.21
3000,05-05-2023 23:00,1311,East,Mumbai,339,Electronics,NetBanking,0.1,3203.4,7,22423.8,2242.38,20349.52
3001,06-05-2023 00:00,1240,North,Mumbai,205,Electronics,NetBanking,0.25,,9,4091.67,1022.9175,3261.46
3002,06-05-2023 01:00,1937,East,Bangalore,135,Home,Card,0.11,627.45,3,1882.35,207.0585,1208.6
3003,06-05-2023 02:00,1444,West,Chennai,144,Clothing,Cash,0.23,3270.47,5,16352.35,3761.0405,12342.14
3004,06-05-2023 03:00,1297,East,Chennai,397,Sports,Cash,0.13,3803.26,1,3803.26,494.4238,3588.2
3005,06-05-2023 04:00,1951,South,Pune,408,Sports,NetBanking,0.24,1675.59,8,13404.72,3217.1328,10060.32
3006,06-05-2023 05:00,1035,East,Pune,465,Home,NetBanking,0.29,2499.4,,2499.4,724.826,1835.37
3007,06-05-2023 06:00,1083,North,Bangalore,108,Home,NetBanking,0.07,4733.99,1,4733.99,331.3793,5190.5
3008,06-05-2023 07:00,1451,South,Mumbai,186,Sports,Card,0.26,4733.16,7,33132.12,8614.3512,23841.39
3009,06-05-2023 08:00,1885,South,Pune,469,Clothing,Card,0.19,1606.76,,12854.08,2442.2752,10373.03
3010,06-05-2023 09:00,1774,North,Delhi,430,Home,UPI,0.25,4068.94,3,12206.82,3051.705,9367.49
3011,06-05-2023 10:00,1821,West,Mumbai,276,Clothing,Cash,0.2,3010.33,2,6020.66,1204.132,4522.01
3012,06-05-2023 11:00,1384,South,Delhi,229,Sports,UPI,0.13,4879.87,7,34159.09,4440.6817,29677.95
3013,06-05-2023 12:00,1171,West,Chennai,294,Clothing,UPI,0.07,2440.31,5,12201.55,854.1085,10987.37
3014,06-05-2023 13:00,1375,South,Mumbai,110,Electronics,NetBanking,0.02,3896.06,1,3896.06,77.9212,3991.48
3015,06-05-2023 14:00,1684,South,Bangalore,405,Sports,Card,0.16,3863.87,2,7727.74,1236.4384,6289.98
3016,06-05-2023 15:00,1361,West,Chennai,221,Electronics,UPI,0.3,2537.42,3,7612.26,2283.678,5199.37
3017,06-05-2023 16:00,1558,South,Chennai,498,Sports,UPI,0.22,3998.59,6,23991.54,5278.1388,18982.42
3018,06-05-2023 17:00,1890,West,Delhi,334,Electronics,UPI,0.1,1379.1,1,1379.1,137.91,1408.02
3019,06-05-2023 18:00,1140,North,Chennai,430,Clothing,NetBanking,0.25,699.04,8,5592.32,1398.08,4486.25
3020,06-05-2023 19:00,1886,West,Pune,130,Sports,NetBanking,0.23,2183.3,2,4366.6,1004.318,3889.53
3021,06-05-2023 20:00,1917,North,Mumbai,447,Sports,Card,0.08,4723.79,5,23618.95,1889.516,21751.54
3022,06-05-2023 21:00,1117,South,Pune,323,Electronics,UPI,0,2553.65,8,20429.2,0,21064.2
3023,06-05-2023 22:00,1276,West,Delhi,252,Clothing,UPI,0.04,3212.77,5,16063.85,642.554,15479.4
3024,06-05-2023 23:00,1725,South,Delhi,311,Sports,Card,0.26,3158.4,8,25267.2,6569.472,19093.02
3025,07-05-2023 00:00,1219,West,Mumbai,191,Home,Card,0.25,749.61,6,4497.66,1124.415,3364.6
3026,07-05-2023 01:00,1904,North,Chennai,430,Electronics,Card,0.09,2012.45,7,14087.15,1267.8435,13071.41
3027,07-05-2023 02:00,1025,North,Bangalore,447,Sports,Cash,0.09,3564,8,28512,2566.08,25817.85
3028,07-05-2023 03:00,1520,West,Delhi,228,Clothing,Card,0.24,4862.75,3,14588.25,3501.18,11488.9
3029,07-05-2023 04:00,1782,North,Mumbai,296,Clothing,NetBanking,0.28,923.29,5,4616.45,1292.606,3669.15
3030,07-05-2023 05:00,1009,South,Bangalore,141,Clothing,Cash,0.23,2111.17,,14778.19,3398.9837,11315.11
3031,07-05-2023 06:00,1983,South,Chennai,465,Clothing,Card,0.18,565.96,9,5093.64,916.8552,4223.65
3032,07-05-2023 07:00,1377,East,Delhi,327,Electronics,NetBanking,0.07,1287.64,6,7725.84,540.8088,6901.78
3033,07-05-2023 08:00,1632,North,Mumbai,293,Sports,Card,0.16,1946.12,,1946.12,311.3792,1913.76
3034,07-05-2023 09:00,1636,South,Mumbai,117,Electronics,Card,0.07,2749.15,8,21993.2,1539.524,20705.86
3035,07-05-2023 10:00,1681,West,Mumbai,432,Electronics,Cash,0.24,1229.78,6,7378.68,1770.8832,5238.01
3036,07-05-2023 11:00,1583,North,Delhi,342,Clothing,NetBanking,0.12,1215.06,1,1215.06,145.8072,1720.7
3037,07-05-2023 12:00,1151,South,Bangalore,488,Home,UPI,0.25,3911.37,4,15645.48,3911.37,11853.38
3038,07-05-2023 13:00,1719,North,Mumbai,375,Clothing,Card,0.11,4816.94,6,28901.64,3179.1804,25652.77
3039,07-05-2023 14:00,1048,West,Chennai,226,Home,Cash,0.25,1685.7,1,1685.7,421.425,1623.89
3040,07-05-2023 15:00,1153,South,Mumbai,174,Electronics,NetBanking,0.1,3471.16,5,17355.8,1735.58,15463.61
3041,07-05-2023 16:00,1858,East,Bangalore,161,Clothing,Card,0.13,1364.59,3,4093.77,532.1901,3953.67
3042,07-05-2023 17:00,1292,East,Delhi,387,Clothing,UPI,0.18,4646.97,7,32528.79,5855.1822,26320.73
3043,07-05-2023 18:00,1579,North,Mumbai,285,Electronics,NetBanking,0.02,3397.22,8,27177.76,543.5552,26567.63
3044,07-05-2023 19:00,1049,West,Mumbai,277,Clothing,NetBanking,0.28,4033.12,3,12099.36,3387.8208,8685.31
3045,07-05-2023 20:00,1663,South,Chennai,265,Sports,Cash,0.17,341.83,3,1025.49,174.3333,687.94
3046,07-05-2023 21:00,1530,West,Chennai,282,Home,Card,0.15,3032.68,3,9098.04,1364.706,7512.31
3047,07-05-2023 22:00,1611,South,Mumbai,127,Home,Card,0.25,2685.3,6,16111.8,4027.95,11937.79
3048,07-05-2023 23:00,1059,North,Mumbai,429,Home,NetBanking,0.26,1535.68,6,9214.08,2395.6608,6658.72
3049,08-05-2023 00:00,1166,South,Chennai,346,Clothing,Card,0.16,1385.91,3,4157.73,665.2368,3351.77
3050,08-05-2023 01:00,1201,West,Bangalore,436,Sports,NetBanking,0.28,2942.12,6,17652.72,4942.7616,13140.22
3051,08-05-2023 02:00,1856,West,Pune,121,Clothing,UPI,0.02,3561.78,9,32056.02,641.1204,31544.91
3052,08-05-2023 03:00,1145,North,Pune,195,Home,Cash,0.03,262.55,8,2100.4,63.012,2010.97
3053,08-05-2023 04:00,1914,West,Mumbai,221,Clothing,Card,0.18,2880.27,7,20161.89,3629.1402,16762.25
3054,08-05-2023 05:00,1675,South,Chennai,349,Home,Card,0.11,935.25,7,6546.75,720.1425,5798.01
3055,08-05-2023 06:00,1969,North,Delhi,478,Electronics,Cash,0.14,787.78,8,6302.24,882.3136,5181.7
3056,08-05-2023 07:00,1992,South,Delhi,407,Home,UPI,0.1,3153.29,7,22073.03,2207.303,19384.02
3057,08-05-2023 08:00,1438,West,Pune,433,Electronics,UPI,0.12,1623.26,3,4869.78,584.3736,4582.05
3058,08-05-2023 09:00,1241,North,Bangalore,425,Electronics,UPI,0.25,2260.31,8,18082.48,4520.62,12894.15
3059,08-05-2023 10:00,1580,South,Pune,236,Electronics,UPI,0.18,1863.99,,14911.92,2684.1456,11775.18
3060,08-05-2023 11:00,1686,West,Mumbai,376,Home,UPI,0.3,3276.85,1,3276.85,983.055,2445.18
3061,08-05-2023 12:00,1560,West,Bangalore,419,Sports,NetBanking,0.24,2403.59,5,12017.95,2884.308,9128.46
3062,08-05-2023 13:00,1482,East,Delhi,431,Home,Card,0.08,4820.95,5,24104.75,1928.38,22614.12
3063,08-05-2023 14:00,1107,West,Chennai,160,Clothing,Card,0.08,1826.68,1,1826.68,146.1344,1487.3
3064,08-05-2023 15:00,1225,South,Chennai,349,Clothing,Card,0.1,3727.39,6,22364.34,2236.434,20358.73
3065,08-05-2023 16:00,1672,North,Mumbai,194,Sports,NetBanking,0.25,1360.73,6,8164.38,2041.095,6070.35
3066,08-05-2023 17:00,1630,East,Pune,395,Sports,Cash,0.01,2592.89,4,10371.56,103.7156,10432.61
3067,08-05-2023 18:00,1660,West,Mumbai,283,Sports,UPI,0.07,2807.59,6,16845.54,1179.1878,15717.33
3068,08-05-2023 19:00,1976,West,Chennai,359,Electronics,Cash,0.27,1712.64,6,10275.84,2774.4768,7652.57
3069,08-05-2023 20:00,1661,West,Delhi,386,Sports,UPI,0.19,2411.72,1,2411.72,458.2268,2017.99
3070,08-05-2023 21:00,1431,South,Chennai,254,Sports,UPI,0.07,1468.47,5,7342.35,513.9645,6916.44
3071,08-05-2023 22:00,1804,East,Bangalore,285,Sports,Cash,0.07,129.4,2,258.8,18.116,-85.88
3072,08-05-2023 23:00,1654,South,Chennai,168,Home,Card,0.26,1156.68,,8096.76,2105.1576,6014.3
3073,09-05-2023 00:00,1418,East,Chennai,425,Clothing,NetBanking,0.27,3530.31,9,31772.79,8578.6533,23374.93
3074,09-05-2023 01:00,1987,North,Bangalore,360,Clothing,Cash,0.08,3877.72,9,34899.48,2791.9584,32092.03
3075,09-05-2023 02:00,1454,South,Pune,214,Sports,Card,,1472.99,9,13256.91,1723.3983,11503
3076,09-05-2023 03:00,1159,South,Chennai,446,Clothing,UPI,0.25,2099.41,7,14695.87,3673.9675,10457.02
3077,09-05-2023 04:00,1522,North,Mumbai,107,Home,Card,0.23,,7,1981.63,455.7749,1986.08
3078,09-05-2023 05:00,1649,East,Chennai,364,Clothing,UPI,0.24,1261.61,1,1261.61,302.7864,548.53
3079,09-05-2023 06:00,1968,West,Mumbai,370,Electronics,UPI,0.16,3918.17,6,23509.02,3761.4432,19562.13
3080,09-05-2023 07:00,1589,North,Bangalore,348,Home,Card,0.27,3069.33,,15346.65,4143.5955,10966.55
3081,09-05-2023 08:00,1076,West,Chennai,204,Clothing,UPI,0.1,1108.28,8,8866.24,886.624,8068.64
3082,09-05-2023 09:00,1508,West,Bangalore,362,Clothing,NetBanking,0.05,1361.47,8,10891.76,544.588,10449.76
3083,09-05-2023 10:00,1440,North,Bangalore,323,Home,Card,0.21,4102.33,4,16409.32,3445.9572,13161.17
3084,09-05-2023 11:00,1253,East,Pune,427,Clothing,Cash,0.16,1124.51,1,1124.51,179.9216,1155.73
3085,09-05-2023 12:00,1920,West,Chennai,470,Clothing,UPI,0.26,,6,10424.22,2710.2972,8230.96
3086,09-05-2023 13:00,1769,North,Mumbai,370,Sports,UPI,0.02,3355.36,1,3355.36,67.1072,3196.63
3087,09-05-2023 14:00,1319,South,Mumbai,264,Electronics,NetBanking,0.25,2849.45,5,14247.25,3561.8125,10436.06
3088,09-05-2023 15:00,1802,South,Chennai,182,Home,NetBanking,0.09,2358.26,5,11791.3,1061.217,10659.64
3089,09-05-2023 16:00,1262,South,Pune,394,Sports,Cash,0.2,4508.73,3,13526.19,2705.238,10489.38
3090,09-05-2023 17:00,1596,North,Pune,233,Clothing,UPI,,1176.58,,5882.9,58.829,5720.5
3091,09-05-2023 18:00,1657,South,Pune,310,Home,Cash,0.18,3732.96,6,22397.76,4031.5968,17900.84
3092,09-05-2023 19:00,1834,West,Mumbai,412,Home,Cash,,879.41,5,4397.05,967.351,3178.98
3093,09-05-2023 20:00,1553,South,Bangalore,191,Electronics,UPI,0.11,3117.1,1,3117.1,342.881,2267.98
3094,09-05-2023 21:00,1373,South,Pune,436,Electronics,Cash,0.06,4366.06,7,30562.42,1833.7452,29091.23
3095,09-05-2023 22:00,1636,West,Mumbai,226,Home,Cash,0.16,2343.72,3,7031.16,1124.9856,5939.5
3096,09-05-2023 23:00,1166,South,Mumbai,290,Electronics,NetBanking,0.25,3649.04,7,25543.28,6385.82,19721.56
3097,10-05-2023 00:00,1936,West,Bangalore,258,Electronics,NetBanking,0.1,4119.93,5,20599.65,2059.965,18872.85
3098,10-05-2023 01:00,1752,South,Chennai,430,Clothing,Cash,0.08,766.53,3,2299.59,183.9672,2478.38
3099,10-05-2023 02:00,1458,West,Chennai,434,Electronics,UPI,0.08,3558.55,6,21351.3,1708.104,19601.29
3100,10-05-2023 03:00,1998,South,Pune,109,Electronics,NetBanking,0.28,4607.22,1,4607.22,1290.0216,3464.21
3101,10-05-2023 04:00,1279,West,Pune,206,Sports,Cash,0.11,2924.22,6,17545.32,1929.9852,15346.41
3102,10-05-2023 05:00,1699,North,Bangalore,186,Clothing,Card,0,1012,4,4048,0,3888.29
3103,10-05-2023 06:00,1301,West,Pune,166,Clothing,Card,0.23,722.02,4,2888.08,664.2584,2228.02
3104,10-05-2023 07:00,1530,South,Bangalore,161,Home,Cash,0.21,1372.7,5,6863.5,1441.335,4900.42
3105,10-05-2023 08:00,1579,South,Mumbai,486,Electronics,Card,0.04,607.22,9,5464.98,218.5992,5094.43
3106,10-05-2023 09:00,1217,East,Pune,245,Sports,NetBanking,,2615.63,1,2615.63,784.689,2068.83
3107,10-05-2023 10:00,1101,West,Mumbai,252,Sports,UPI,0.18,441.55,3,1324.65,238.437,939.16
3108,10-05-2023 11:00,1553,North,Delhi,206,Clothing,Cash,0.15,1194.68,4,4778.72,716.808,3841.04
3109,10-05-2023 12:00,1287,West,Bangalore,247,Electronics,NetBanking,0.11,2255.56,2,4511.12,496.2232,3899.56
3110,10-05-2023 13:00,1166,West,Delhi,285,Sports,UPI,0.27,2422.18,9,21799.62,5885.8974,16138.13
3111,10-05-2023 14:00,1620,North,Pune,448,Home,Card,0.07,2870.45,7,20093.15,1406.5205,18794.92
3112,10-05-2023 15:00,1035,West,Mumbai,441,Electronics,Card,0.09,3557.51,1,3557.51,320.1759,3169.75
3113,10-05-2023 16:00,1743,North,Pune,277,Electronics,Card,0.04,331.42,9,2982.78,119.3112,2868.76
3114,10-05-2023 17:00,1740,North,Delhi,476,Electronics,Card,0.23,495.04,6,2970.24,683.1552,2544.19
3115,10-05-2023 18:00,1352,West,Pune,434,Sports,NetBanking,0.18,398.21,2,796.42,143.3556,1045.28
3116,10-05-2023 19:00,1675,West,Chennai,365,Clothing,NetBanking,0.18,2173.44,1,2173.44,391.2192,1639.79
3117,10-05-2023 20:00,1898,South,Delhi,248,Clothing,UPI,0.07,305.05,6,1830.3,128.121,1677.44
3118,10-05-2023 21:00,1072,South,Pune,346,Home,Cash,0.2,3755.8,7,26290.6,5258.12,21405.93
3119,10-05-2023 22:00,1647,East,Mumbai,353,Sports,UPI,0.23,1192.7,6,7156.2,1645.926,5667.14
3120,10-05-2023 23:00,1352,East,Pune,128,Electronics,Cash,0.11,4702.14,7,32914.98,3620.6478,28873.46
3121,11-05-2023 00:00,1890,West,Mumbai,451,Home,Card,0.24,2483.38,6,14900.28,3576.0672,11056.26
3122,11-05-2023 01:00,1069,North,Chennai,365,Home,Card,0.1,2287,8,18296,1829.6,16207.77
3123,11-05-2023 02:00,1424,East,Pune,112,Clothing,Card,0.23,3924.64,2,7849.28,1805.3344,5919.24
3124,11-05-2023 03:00,1998,West,Chennai,146,Electronics,Card,0.01,3594.45,9,32350.05,323.5005,32137.5
3125,11-05-2023 04:00,1707,East,Delhi,250,Electronics,NetBanking,0.17,3075.81,9,27682.29,4705.9893,23541.87
3126,11-05-2023 05:00,1780,North,Mumbai,149,Sports,UPI,0.29,4682.22,9,42139.98,12220.5942,29894.49
3127,11-05-2023 06:00,1560,West,Delhi,314,Sports,Cash,0.29,2169.07,7,15183.49,4403.2121,10978.13
3128,11-05-2023 07:00,1827,North,Mumbai,231,Sports,Cash,0.08,,9,36556.29,2924.5032,33971.93
3129,11-05-2023 08:00,1641,West,Chennai,471,Home,NetBanking,0.13,1962.46,1,1962.46,255.1198,2153.39
3130,11-05-2023 09:00,1955,East,Bangalore,212,Electronics,Card,0.02,,3,12623.67,252.4734,12711.64
3131,11-05-2023 10:00,1516,South,Pune,351,Clothing,UPI,0.26,1371.43,2,2742.86,713.1436,1805.63
3132,11-05-2023 11:00,1427,East,Chennai,440,Home,Card,0.17,1517.41,1,1517.41,257.9597,824.24
3133,11-05-2023 12:00,1538,East,Mumbai,152,Home,NetBanking,0.12,3421.56,5,17107.8,2052.936,14866.28
3134,11-05-2023 13:00,1159,South,Mumbai,229,Clothing,Cash,0.03,1142.3,1,1142.3,34.269,1158.58
3135,11-05-2023 14:00,1148,South,Mumbai,423,Clothing,NetBanking,0.28,1222.86,3,3668.58,1027.2024,2418.47
3136,11-05-2023 15:00,1775,West,Mumbai,292,Sports,Cash,0.16,1595.79,6,9574.74,1531.9584,7555.25
3137,11-05-2023 16:00,1229,West,Pune,178,Clothing,UPI,0.08,,6,20560.5,1644.84,18551.05
3138,11-05-2023 17:00,1711,North,Delhi,156,Clothing,Cash,0.11,4458,3,13374,1471.14,12804.83
3139,11-05-2023 18:00,1561,North,Bangalore,196,Clothing,UPI,0.08,3405.38,4,13621.52,1089.7216,12466.01
3140,11-05-2023 19:00,1066,East,Pune,297,Clothing,Card,0.18,4156.29,7,29094.03,5236.9254,24397.14
3141,11-05-2023 20:00,1811,South,Mumbai,234,Sports,Card,0.28,2763.45,6,16580.7,4642.596,11867.68
3142,11-05-2023 21:00,1380,North,Pune,246,Home,NetBanking,0.26,437.72,2,875.44,227.6144,885.61
3143,11-05-2023 22:00,1057,East,Chennai,271,Electronics,UPI,0.14,592.28,9,5330.52,746.2728,4541.29
3144,11-05-2023 23:00,1258,South,Mumbai,162,Electronics,Card,0.25,2816.52,6,16899.12,4224.78,12676.53
3145,12-05-2023 00:00,1341,West,Bangalore,164,Home,UPI,0.13,1706.22,2,3412.44,443.6172,3202.34
3146,12-05-2023 01:00,1837,East,Mumbai,394,Electronics,Card,0.08,1180.78,7,8265.46,661.2368,7483.49
3147,12-05-2023 02:00,1129,West,Bangalore,310,Electronics,Card,0.3,2384.66,,9538.64,2861.592,6318.8
3148,12-05-2023 03:00,1726,North,Bangalore,208,Home,Cash,0.09,3365.83,1,3365.83,302.9247,2821.34
3149,12-05-2023 04:00,1171,North,Delhi,381,Electronics,NetBanking,0.1,1986.46,9,17878.14,1787.814,15847.15
3150,12-05-2023 05:00,1769,South,Delhi,271,Electronics,Cash,0.3,4032.46,8,32259.68,9677.904,22606.91
3151,12-05-2023 06:00,1613,East,Pune,111,Home,UPI,0.04,3718.76,5,18593.8,743.752,17281.25
3152,12-05-2023 07:00,1208,West,Pune,432,Electronics,Card,0.23,3701.08,3,11103.24,2553.7452,8641.06
3153,12-05-2023 08:00,1802,South,Bangalore,319,Clothing,NetBanking,,4927.43,4,19709.72,5518.7216,14570.89
3154,12-05-2023 09:00,1353,North,Mumbai,497,Home,Card,0.15,1546.63,3,4639.89,695.9835,3791.49
3155,12-05-2023 10:00,1470,North,Chennai,441,Sports,Card,0,3259.16,8,26073.28,0,25876.89
3156,12-05-2023 11:00,1797,East,Chennai,385,Electronics,Cash,0.11,4291.84,5,21459.2,2360.512,19688.89
3157,12-05-2023 12:00,1115,West,Mumbai,271,Sports,UPI,0.03,2939.67,8,23517.36,705.5208,23253.43
3158,12-05-2023 13:00,1263,East,Mumbai,335,Electronics,NetBanking,0.12,3968.56,1,3968.56,476.2272,3620.61
3159,12-05-2023 14:00,1661,West,Delhi,265,Clothing,NetBanking,0.24,,9,19177.38,4602.5712,14350.55
3160,12-05-2023 15:00,1811,West,Chennai,286,Home,NetBanking,0.13,2993.41,3,8980.23,1167.4299,7987.96
3161,12-05-2023 16:00,1441,East,Bangalore,269,Sports,UPI,0.13,372.77,1,372.77,48.4601,21.76
3162,12-05-2023 17:00,1547,South,Pune,151,Home,NetBanking,0.17,4930.26,3,14790.78,2514.4326,11879.46
3163,12-05-2023 18:00,1452,East,Delhi,418,Sports,UPI,0.17,4020.09,2,8040.18,1366.8306,6809
3164,12-05-2023 19:00,1844,East,Chennai,288,Electronics,NetBanking,0.26,,7,30500.12,7930.0312,22426.61
3165,12-05-2023 20:00,1476,North,Mumbai,219,Clothing,Card,0.09,3502.04,4,14008.16,1260.7344,12140.45
3166,12-05-2023 21:00,1286,North,Chennai,204,Sports,UPI,0.25,1011.65,7,7081.55,1770.3875,5487.19
3167,12-05-2023 22:00,1302,East,Bangalore,261,Sports,Cash,0.17,252.04,3,756.12,128.5404,1065.63
3168,12-05-2023 23:00,1310,East,Delhi,394,Clothing,NetBanking,0.09,4336.82,6,26020.92,2341.8828,23876.93
3169,13-05-2023 00:00,1207,North,Mumbai,140,Clothing,Cash,0.09,2042.02,7,14294.14,1286.4726,12858.03
3170,13-05-2023 01:00,1617,West,Bangalore,476,Clothing,UPI,0.11,1392.94,7,9750.58,1072.5638,8035.91
3171,13-05-2023 02:00,1445,East,Pune,463,Clothing,Card,0.19,2852.2,5,14261,2709.59,11595.32
3172,13-05-2023 03:00,1669,South,Delhi,264,Clothing,Cash,0.07,2162.4,6,12974.4,908.208,47476.48
3173,13-05-2023 04:00,1632,South,Bangalore,420,Home,Cash,0.28,3293.16,3,9879.48,2766.2544,6842.85
3174,13-05-2023 05:00,1054,South,Bangalore,473,Electronics,Card,0.17,2470.59,4,9882.36,1680.0012,7618.33
3175,13-05-2023 06:00,1911,East,Mumbai,434,Electronics,Card,0.28,3516.44,,21098.64,5907.6192,15754.12
3176,13-05-2023 07:00,1011,West,Pune,259,Sports,UPI,0.01,4281.77,3,12845.31,128.4531,12387.7
3177,13-05-2023 08:00,1656,West,Bangalore,363,Clothing,NetBanking,0.1,1058.23,7,7407.61,740.761,6120.37
3178,13-05-2023 09:00,1399,North,Delhi,452,Home,Cash,0.01,1714.22,3,5142.66,51.4266,5599.63
3179,13-05-2023 10:00,1907,East,Bangalore,117,Home,Cash,0.08,2240.4,9,20163.6,1613.088,18559.83
3180,13-05-2023 11:00,1647,West,Chennai,272,Sports,UPI,0.26,4814.09,4,19256.36,5006.6536,14212.49
3181,13-05-2023 12:00,1979,East,Delhi,451,Clothing,NetBanking,0.01,1890.13,2,3780.26,37.8026,3835.28
3182,13-05-2023 13:00,1514,North,Delhi,132,Electronics,UPI,0.13,1967.39,6,11804.34,1534.5642,10400.48
3183,13-05-2023 14:00,1655,North,Bangalore,360,Clothing,Cash,,3302.02,9,29718.18,1188.7272,28593.42
3184,13-05-2023 15:00,1541,North,Mumbai,309,Home,Cash,0.13,2154.08,2,4308.16,560.0608,3296.07
3185,13-05-2023 16:00,1236,South,Delhi,482,Clothing,Card,0.25,4761,4,19044,4761,13807.72
3186,13-05-2023 17:00,1278,East,Chennai,429,Electronics,Card,0.19,4482.9,,22414.5,4258.755,17937.05
3187,13-05-2023 18:00,1347,North,Mumbai,481,Electronics,NetBanking,0.22,2615.7,9,23541.3,5179.086,18209.18
3188,13-05-2023 19:00,1626,East,Mumbai,263,Sports,Cash,0.1,3259.4,7,22815.8,2281.58,20426.21
3189,13-05-2023 20:00,1103,South,Mumbai,104,Home,Cash,0.28,,5,1921.75,538.09,1452.23
3190,13-05-2023 21:00,1629,South,Delhi,133,Clothing,Card,,3509.08,6,21054.48,4421.4408,16549.17
3191,13-05-2023 22:00,1516,North,Mumbai,379,Clothing,UPI,0.13,3565.28,9,32087.52,4171.3776,27711.93
3192,13-05-2023 23:00,1979,North,Bangalore,244,Sports,UPI,0.13,1860.08,,7440.32,967.2416,6591.49
3193,14-05-2023 00:00,1871,West,Mumbai,450,Sports,Cash,0.28,1176.45,2,2352.9,658.812,1908.24
3194,14-05-2023 01:00,1247,East,Chennai,170,Sports,Cash,0.17,4583.88,5,22919.4,3896.298,18780.47
3195,14-05-2023 02:00,1363,North,Pune,447,Home,NetBanking,0.21,2190.85,7,15335.95,3220.5495,11705.02
3196,14-05-2023 03:00,1320,West,Chennai,329,Clothing,NetBanking,,3303.16,4,13212.64,1717.6432,11549.05
3197,14-05-2023 04:00,1632,East,Delhi,224,Sports,Card,0.07,263.31,1,263.31,18.4317,118.68
3198,14-05-2023 05:00,1285,North,Mumbai,377,Home,Cash,,2128.93,8,17031.44,3746.9168,13535.35
3199,14-05-2023 06:00,1148,West,Mumbai,370,Clothing,UPI,0.18,4104.57,,20522.85,3694.113,16533.17
3200,14-05-2023 07:00,1083,West,Bangalore,456,Electronics,NetBanking,0.15,1999.12,2,3998.24,599.736,3036.77
3201,14-05-2023 08:00,1965,East,Mumbai,114,Sports,Card,0.19,3055.49,3,9166.47,1741.6293,7234.84
3202,14-05-2023 09:00,1405,West,Chennai,341,Home,Card,0.06,1128.29,5,5641.45,338.487,5458.9
3203,14-05-2023 10:00,1977,East,Delhi,252,Clothing,UPI,0.24,2140.98,4,8563.92,2055.3408,6403.09
3204,14-05-2023 11:00,1455,East,Pune,152,Clothing,NetBanking,0.28,4645.42,9,41808.78,11706.4584,30075.74
3205,14-05-2023 12:00,1742,East,Mumbai,248,Sports,UPI,0.27,,9,25880.49,6987.7323,18744.19
3206,14-05-2023 13:00,1799,South,Pune,457,Sports,Card,0.1,4519.46,8,36155.68,3615.568,32844.76
3207,14-05-2023 14:00,1160,West,Mumbai,318,Clothing,Cash,0.12,4519.89,2,9039.78,1084.7736,8099.92
3208,14-05-2023 15:00,1783,East,Delhi,212,Home,UPI,0.24,4726.32,5,23631.6,5671.584,17503.24
3209,14-05-2023 16:00,1459,North,Chennai,387,Electronics,Card,0.18,4487.42,8,35899.36,6461.8848,29707.83
3210,14-05-2023 17:00,1549,South,Delhi,376,Clothing,Cash,0.16,116.08,8,928.64,148.5824,957.18
3211,14-05-2023 18:00,1499,South,Pune,182,Home,Cash,0.28,4676.67,7,32736.69,9166.2732,23895.85
3212,14-05-2023 19:00,1737,West,Mumbai,317,Sports,NetBanking,0.16,773.55,4,3094.2,495.072,2440.51
3213,14-05-2023 20:00,1508,East,Pune,325,Clothing,NetBanking,0.15,295.64,3,886.92,133.038,472.18
3214,14-05-2023 21:00,1653,West,Chennai,369,Sports,Card,0.01,371.4,8,2971.2,29.712,2916.68
3215,14-05-2023 22:00,1803,South,Delhi,114,Electronics,UPI,0.02,1809.69,8,14477.52,289.5504,14236.88
3216,14-05-2023 23:00,1480,East,Pune,389,Sports,Cash,0,3141.94,5,15709.7,0,16065.3
3217,15-05-2023 00:00,1662,North,Pune,438,Electronics,NetBanking,0.27,2071.32,3,6213.96,1677.7692,4727.15
3218,15-05-2023 01:00,1113,East,Chennai,364,Sports,NetBanking,0.12,,5,1126.1,135.132,1035.69
3219,15-05-2023 02:00,1748,South,Mumbai,298,Sports,UPI,0.14,2434.76,4,9739.04,1363.4656,8337.32
3220,15-05-2023 03:00,1577,North,Pune,257,Electronics,NetBanking,0.25,2266.44,8,18131.52,4532.88,13603.22
3221,15-05-2023 04:00,1360,East,Chennai,432,Sports,Card,0.18,3808.56,2,7617.12,1371.0816,6127.74
3222,15-05-2023 05:00,1340,North,Mumbai,496,Home,UPI,0.18,1470.1,8,11760.8,2116.944,9847.54
3223,15-05-2023 06:00,1769,North,Mumbai,306,Sports,Cash,0.09,1165.9,6,6995.4,629.586,5930.16
3224,15-05-2023 07:00,1986,South,Delhi,273,Clothing,Card,0.25,1354.1,4,5416.4,1354.1,4064.91
3225,15-05-2023 08:00,1760,North,Chennai,283,Sports,Cash,0.05,1588.33,3,4764.99,238.2495,4839.98
3226,15-05-2023 09:00,1968,West,Mumbai,364,Home,Cash,0.02,3035.91,5,15179.55,303.591,14535.25
3227,15-05-2023 10:00,1448,South,Delhi,345,Clothing,NetBanking,0.06,2410.47,6,14462.82,867.7692,14178.45
3228,15-05-2023 11:00,1842,West,Bangalore,135,Home,Card,0.08,1750.78,1,1750.78,140.0624,1287.53
3229,15-05-2023 12:00,1834,North,Chennai,472,Clothing,Card,,1934.14,1,1934.14,154.7312,1628
3230,15-05-2023 13:00,1179,West,Bangalore,358,Sports,UPI,0.2,1917.53,3,5752.59,1150.518,4909.85
3231,15-05-2023 14:00,1701,East,Mumbai,118,Home,Card,0.07,4864.79,2,9729.58,681.0706,9484.12
3232,15-05-2023 15:00,1406,North,Chennai,122,Sports,UPI,0.2,1241.69,1,1241.69,248.338,1100.6
3233,15-05-2023 16:00,1665,East,Delhi,203,Clothing,Card,0.03,4108.5,8,32868,986.04,31981.3
3234,15-05-2023 17:00,1195,West,Mumbai,340,Home,Cash,0.04,3570.23,1,3570.23,142.8092,3963.78
3235,15-05-2023 18:00,1465,East,Chennai,490,Electronics,UPI,0.15,127.29,8,1018.32,152.748,455.14
3236,15-05-2023 19:00,1310,North,Chennai,460,Home,Card,0.28,4966.56,5,24832.8,6953.184,17362.17
3237,15-05-2023 20:00,1261,East,Bangalore,303,Sports,UPI,0.26,,4,15226.2,3958.812,10690.08
3238,15-05-2023 21:00,1418,West,Mumbai,352,Electronics,NetBanking,,3444,8,27552,7990.08,19306.54
3239,15-05-2023 22:00,1405,West,Delhi,241,Electronics,NetBanking,0.2,2086.09,8,16688.72,3337.744,13136.15
3240,15-05-2023 23:00,1938,West,Delhi,401,Clothing,UPI,0.2,2820.5,8,22564,4512.8,18165.37
3241,16-05-2023 00:00,1142,North,Mumbai,242,Electronics,UPI,0.19,1341.03,3,4023.09,764.3871,3561.03
3242,16-05-2023 01:00,1341,West,Mumbai,370,Electronics,Cash,0.19,273.87,8,2190.96,416.2824,2047.26
3243,16-05-2023 02:00,1315,North,Pune,406,Clothing,Card,0.04,4196.51,,4196.51,167.8604,4292.46
3244,16-05-2023 03:00,1100,East,Bangalore,209,Home,NetBanking,0.16,4492.77,4,17971.08,2875.3728,14808.29
3245,16-05-2023 04:00,1243,West,Mumbai,107,Sports,NetBanking,0.12,896.11,5,4480.55,537.666,4058.32
3246,16-05-2023 05:00,1489,East,Mumbai,168,Home,Card,0.13,3956.57,6,23739.42,3086.1246,20433.16
3247,16-05-2023 06:00,1011,South,Pune,289,Electronics,NetBanking,0.16,3731.65,5,18658.25,2985.32,15853.2
3248,16-05-2023 07:00,1238,East,Pune,278,Sports,NetBanking,0.04,974.04,5,4870.2,194.808,4688.19
3249,16-05-2023 08:00,1560,South,Chennai,162,Home,UPI,0.11,2166.96,5,10834.8,1191.828,9908.45
3250,16-05-2023 09:00,1041,East,Delhi,167,Sports,NetBanking,0.02,2171.51,9,19543.59,390.8718,19865.59
3251,16-05-2023 10:00,1677,North,Bangalore,305,Electronics,NetBanking,0.29,,3,11471.46,3326.7234,8134.89
3252,16-05-2023 11:00,1593,East,Chennai,499,Home,NetBanking,,4204.54,2,8409.08,336.3632,7741.71
3253,16-05-2023 12:00,1428,North,Mumbai,105,Sports,Card,0.08,564.4,2,1128.8,90.304,549.13
3254,16-05-2023 13:00,1802,North,Pune,218,Sports,Cash,0.27,2858.55,8,22868.4,6174.468,16424.89
3255,16-05-2023 14:00,1157,West,Delhi,412,Home,UPI,0.14,3832.57,5,19162.85,2682.799,16800.1
3256,16-05-2023 15:00,1215,North,Chennai,130,Home,Cash,0.04,3952.33,5,19761.65,790.466,19116.53
3257,16-05-2023 16:00,1669,South,Delhi,105,Electronics,NetBanking,0.12,825.17,6,4951.02,594.1224,4425.99
3258,16-05-2023 17:00,1461,West,Pune,306,Clothing,NetBanking,0.03,2674.98,9,24074.82,722.2446,23467.01
3259,16-05-2023 18:00,1133,West,Chennai,256,Sports,NetBanking,0.06,,7,30114.28,1806.8568,28523.23
3260,16-05-2023 19:00,1066,East,Chennai,166,Home,Cash,,1660.74,5,8303.7,166.074,7670.51
3261,16-05-2023 20:00,1847,North,Delhi,486,Home,Card,0.13,2183.07,5,10915.35,1418.9955,9792.23
3262,16-05-2023 21:00,1006,North,Pune,429,Home,Card,0.24,4041.36,9,36372.24,8729.3376,27759.72
3263,16-05-2023 22:00,1947,South,Mumbai,469,Sports,UPI,0.18,537.67,,4839.03,871.0254,3535.78
3264,16-05-2023 23:00,1525,East,Chennai,452,Electronics,Cash,0.18,4311.52,2,8623.04,1552.1472,7171.52
3265,17-05-2023 00:00,1072,East,Mumbai,435,Clothing,Card,0.06,1624.67,7,11372.69,682.3614,10299.6
3266,17-05-2023 01:00,1398,West,Pune,478,Sports,UPI,0.1,107.11,1,107.11,10.711,249.45
3267,17-05-2023 02:00,1404,West,Chennai,493,Electronics,NetBanking,0.25,1247.38,4,4989.52,1247.38,3778.12
3268,17-05-2023 03:00,1674,West,Chennai,388,Sports,NetBanking,0.03,538.55,2,1077.1,32.313,742.03
3269,17-05-2023 04:00,1577,South,Mumbai,239,Sports,UPI,0.26,552.69,9,4974.21,1293.2946,3804.97
3270,17-05-2023 05:00,1858,South,Bangalore,399,Home,Card,0.15,3494.9,6,20969.4,3145.41,18066.7
3271,17-05-2023 06:00,1129,West,Mumbai,112,Electronics,Cash,0.25,1148.48,4,4593.92,1148.48,3273.39
3272,17-05-2023 07:00,1930,East,Mumbai,251,Home,UPI,0.1,4680.24,3,14040.72,1404.072,12871.33
3273,17-05-2023 08:00,1465,South,Bangalore,412,Home,Card,0.1,2630.58,4,10522.32,1052.232,9386.53
3274,17-05-2023 09:00,1205,East,Pune,451,Electronics,UPI,0.23,2354.48,2,4708.96,1083.0608,3888.19
3275,17-05-2023 10:00,1787,East,Pune,499,Home,Card,0.24,2227.99,5,11139.95,2673.588,8437.58
3276,17-05-2023 11:00,1977,North,Chennai,208,Home,NetBanking,0.07,3493.68,9,31443.12,2201.0184,29594.05
3277,17-05-2023 12:00,1767,West,Delhi,475,Clothing,UPI,0.29,2316.09,6,13896.54,4029.9966,9592.46
3278,17-05-2023 13:00,1265,North,Delhi,455,Electronics,Cash,0.03,730.14,2,1460.28,43.8084,1151.08
3279,17-05-2023 14:00,1536,West,Chennai,248,Electronics,UPI,0.02,4412.84,6,26477.04,529.5408,25711.1
3280,17-05-2023 15:00,1961,West,Delhi,466,Home,NetBanking,0.18,2199.14,,19792.26,3562.6068,16267.65
3281,17-05-2023 16:00,1792,East,Mumbai,303,Home,NetBanking,0.22,462.62,,1850.48,407.1056,1397.69
3282,17-05-2023 17:00,1252,West,Mumbai,406,Electronics,Card,0.29,2693.89,1,2693.89,781.2281,1998.63
3283,17-05-2023 18:00,1821,East,Bangalore,120,Electronics,NetBanking,0.12,3272,2,6544,785.28,5409.48
3284,17-05-2023 19:00,1288,East,Bangalore,159,Sports,Card,0.01,1450.35,5,7251.75,72.5175,6963.99
3285,17-05-2023 20:00,1163,West,Chennai,120,Electronics,NetBanking,0.18,4021.67,7,28151.69,5067.3042,23465.58
3286,17-05-2023 21:00,1094,East,Chennai,462,Sports,Card,,3381.9,8,27055.2,2434.968,24731.71
3287,17-05-2023 22:00,1781,East,Chennai,481,Home,Cash,0.13,3286.67,3,9860.01,1281.8013,8765.29
3288,17-05-2023 23:00,1832,East,Mumbai,344,Clothing,Card,0.15,2162.04,9,19458.36,2918.754,16463.02
3289,18-05-2023 00:00,1109,South,Delhi,489,Clothing,Card,0.02,4813.38,2,9626.76,192.5352,9522.68
3290,18-05-2023 01:00,1335,East,Chennai,172,Sports,Cash,0.15,1443.53,4,5774.12,866.118,4765.54
3291,18-05-2023 02:00,1821,South,Chennai,175,Home,Card,0.13,2930.76,4,11723.04,1523.9952,9643.96
3292,18-05-2023 03:00,1237,South,Mumbai,285,Home,Card,0.21,1614.37,6,9686.22,2034.1062,7962.75
3293,18-05-2023 04:00,1380,East,Mumbai,177,Home,Cash,0.19,3749.54,6,22497.24,4274.4756,18277.42
3294,18-05-2023 05:00,1435,East,Mumbai,489,Electronics,NetBanking,0.06,334.18,3,1002.54,60.1524,722.78
3295,18-05-2023 06:00,1898,South,Delhi,164,Home,UPI,0.06,324.88,9,2923.92,175.4352,2748.86
3296,18-05-2023 07:00,1482,South,Chennai,441,Electronics,Card,0.08,4073.22,5,20366.1,1629.288,18596.97
3297,18-05-2023 08:00,1936,East,Pune,389,Sports,NetBanking,0.05,2227.91,2,4455.82,222.791,4682.57
3298,18-05-2023 09:00,1901,East,Pune,155,Clothing,UPI,0.2,1771.78,6,10630.68,2126.136,8706.01
3299,18-05-2023 10:00,1024,West,Chennai,430,Sports,Cash,0.3,3076.88,3,9230.64,2769.192,6117.1
3300,18-05-2023 11:00,1652,South,Chennai,358,Home,Card,0.2,3539.31,8,28314.48,5662.896,22266.58
3301,18-05-2023 12:00,1116,South,Chennai,289,Home,Card,0.18,1085.89,3,3257.67,586.3806,2746.45
3302,18-05-2023 13:00,1481,West,Chennai,105,Sports,Cash,0.12,1008.61,5,5043.05,605.166,4478.19
3303,18-05-2023 14:00,1391,South,Delhi,105,Electronics,Card,0.09,4794.94,4,19179.76,1726.1784,17608.97
3304,18-05-2023 15:00,1916,North,Pune,290,Electronics,UPI,0.27,,4,11957.44,3228.5088,8685.93
3305,18-05-2023 16:00,1993,South,Bangalore,247,Electronics,UPI,0.29,2011.57,2,4023.14,1166.7106,2662.23
3306,18-05-2023 17:00,1963,West,Pune,357,Clothing,Cash,0.15,4027.06,8,32216.48,4832.472,27536.9
3307,18-05-2023 18:00,1536,North,Pune,317,Clothing,Card,0.09,2673.28,,8019.84,721.7856,7476.28
3308,18-05-2023 19:00,1078,East,Mumbai,189,Home,NetBanking,0.23,1284.15,4,5136.6,1181.418,4332.42
3309,18-05-2023 20:00,1579,West,Chennai,411,Sports,Card,0.04,1113,6,6678,267.12,6631.22
3310,18-05-2023 21:00,1172,West,Chennai,451,Sports,Cash,,2044.61,9,18401.49,4232.3427,13918.1
3311,18-05-2023 22:00,1955,East,Chennai,109,Home,NetBanking,0.25,4313.49,4,17253.96,4313.49,13017.41
3312,18-05-2023 23:00,1011,West,Mumbai,186,Electronics,UPI,0.04,401.09,3,1203.27,48.1308,1069.4
3313,19-05-2023 00:00,1799,South,Delhi,349,Clothing,UPI,0.29,1170.78,5,5853.9,1697.631,3872.77
3314,19-05-2023 01:00,1127,East,Delhi,425,Sports,NetBanking,0.3,4476.44,9,40287.96,12086.388,27664.91
3315,19-05-2023 02:00,1607,West,Bangalore,250,Home,NetBanking,0.28,696.5,1,696.5,195.02,1175.8
3316,19-05-2023 03:00,1091,East,Delhi,212,Electronics,Cash,0.15,3185.17,5,15925.85,2388.8775,13369.3
3317,19-05-2023 04:00,1652,East,Delhi,129,Electronics,Card,0.07,1146.21,4,4584.84,320.9388,4226.04
3318,19-05-2023 05:00,1542,East,Chennai,227,Clothing,UPI,0.17,3068.75,5,15343.75,2608.4375,12801.26
3319,19-05-2023 06:00,1845,North,Pune,177,Clothing,Card,,1977.21,,13840.47,1799.2611,12074.71
3320,19-05-2023 07:00,1531,West,Delhi,154,Home,UPI,0.06,598.22,7,4187.54,251.2524,3179.82
3321,19-05-2023 08:00,1657,North,Delhi,404,Home,Card,0.13,2954.13,7,20678.91,2688.2583,17940.93
3322,19-05-2023 09:00,1988,West,Mumbai,133,Electronics,UPI,0.2,3446.91,1,3446.91,689.382,3288.87
3323,19-05-2023 10:00,1827,South,Bangalore,204,Electronics,Card,0.02,3433.34,,30900.06,618.0012,30218.51
3324,19-05-2023 11:00,1446,South,Mumbai,271,Sports,Cash,0.1,3221.47,7,22550.29,2255.029,20785.8
3325,19-05-2023 12:00,1389,South,Chennai,121,Electronics,UPI,0.01,2551.1,4,10204.4,102.044,10111.78
3326,19-05-2023 13:00,1671,West,Pune,386,Home,Cash,0.22,2645.42,4,10581.68,2327.9696,8148.37
3327,19-05-2023 14:00,1860,East,Bangalore,490,Clothing,UPI,0.19,3214.64,2,6429.28,1221.5632,5251.04
3328,19-05-2023 15:00,1042,East,Mumbai,204,Home,UPI,0.02,3482.27,6,20893.62,417.8724,20487.02
3329,19-05-2023 16:00,1253,North,Delhi,248,Sports,UPI,0.29,3308.9,3,9926.7,2878.743,7052.56
3330,19-05-2023 17:00,1129,North,Delhi,371,Sports,Card,0.01,2976.03,1,2976.03,29.7603,2771.65
3331,19-05-2023 18:00,1059,South,Bangalore,375,Clothing,UPI,0.18,863.61,5,4318.05,777.249,3131.64
3332,19-05-2023 19:00,1662,North,Delhi,398,Home,Cash,0.23,1132.02,6,6792.12,1562.1876,5398.31
3333,19-05-2023 20:00,1466,West,Mumbai,271,Sports,Card,0.24,1375.1,5,6875.5,1650.12,5253.83
3334,19-05-2023 21:00,1286,West,Mumbai,146,Home,Card,0.01,,5,23031.7,230.317,23300.71
3335,19-05-2023 22:00,1516,North,Delhi,213,Sports,UPI,0.27,3821.04,8,30568.32,8253.4464,22304.87
3336,19-05-2023 23:00,1466,North,Delhi,374,Clothing,NetBanking,0.28,2809.05,1,2809.05,786.534,1568.36
3337,20-05-2023 00:00,1929,North,Chennai,403,Sports,Card,0.17,1335.08,8,10680.64,1815.7088,8961.65
3338,20-05-2023 01:00,1777,North,Pune,306,Home,UPI,0.14,643.37,7,4503.59,630.5026,3895.86
3339,20-05-2023 02:00,1344,South,Bangalore,494,Home,Cash,0.01,4503.92,1,4503.92,45.0392,4329.62
3340,20-05-2023 03:00,1641,South,Mumbai,341,Sports,NetBanking,0.17,4474.06,9,40266.54,6845.3118,33606.76
3341,20-05-2023 04:00,1381,North,Bangalore,400,Electronics,Card,0.12,642.41,4,2569.64,308.3568,2410.57
3342,20-05-2023 05:00,1778,West,Chennai,295,Clothing,NetBanking,0.23,4006.36,7,28044.52,6450.2396,21235.21
3343,20-05-2023 06:00,1689,South,Mumbai,263,Clothing,Card,0.12,2288.56,3,6865.68,823.8816,5901.44
3344,20-05-2023 07:00,1252,West,Chennai,275,Sports,NetBanking,0.21,1687.44,8,13499.52,2834.8992,10992.95
3345,20-05-2023 08:00,1926,East,Chennai,442,Sports,NetBanking,0.03,3721.61,4,14886.44,446.5932,14145.93
3346,20-05-2023 09:00,1055,West,Delhi,370,Electronics,Cash,0.04,3110.21,2,6220.42,248.8168,5919.89
3347,20-05-2023 10:00,1462,North,Bangalore,209,Clothing,NetBanking,0.04,3922.15,2,7844.3,313.772,7598.68
3348,20-05-2023 11:00,1456,East,Bangalore,271,Electronics,Cash,0.01,464.21,8,3713.68,37.1368,3330.38
3349,20-05-2023 12:00,1982,South,Delhi,451,Clothing,UPI,0.16,1661.08,8,13288.64,2126.1824,11132.93
3350,20-05-2023 13:00,1082,South,Bangalore,301,Sports,Card,0.24,1664.65,1,1664.65,399.516,1225.76
3351,20-05-2023 14:00,1904,East,Delhi,267,Clothing,Cash,0.18,1715.79,6,10294.74,1853.0532,8344.64
3352,20-05-2023 15:00,1098,West,Mumbai,201,Clothing,Card,0.17,,9,23059.35,3920.0895,18680.09
3353,20-05-2023 16:00,1148,South,Chennai,185,Clothing,Cash,,1486.77,9,13380.93,2676.186,10704.65
3354,20-05-2023 17:00,1328,North,Chennai,241,Electronics,Card,0.1,2277.48,,4554.96,455.496,3913.89
3355,20-05-2023 18:00,1155,East,Bangalore,436,Electronics,Cash,0.11,1902.11,8,15216.88,1673.8568,13862.76
3356,20-05-2023 19:00,1189,North,Pune,312,Clothing,Card,0.09,3702.95,8,29623.6,2666.124,27082.18
3357,20-05-2023 20:00,1493,East,Chennai,150,Home,UPI,0.21,3057.15,4,12228.6,2568.006,9427.48
3358,20-05-2023 21:00,1882,South,Delhi,211,Electronics,Card,0.05,3302.78,4,13211.12,660.556,12431.92
3359,20-05-2023 22:00,1262,West,Pune,370,Sports,UPI,0,1131.86,5,5659.3,0,5696.84
3360,20-05-2023 23:00,1079,East,Pune,164,Sports,UPI,0.18,1694.96,7,11864.72,2135.6496,9609.95
3361,21-05-2023 00:00,1399,East,Chennai,443,Clothing,UPI,0.28,203.71,1,203.71,57.0388,-307.88
3362,21-05-2023 01:00,1763,North,Chennai,282,Sports,NetBanking,0.18,631.04,9,5679.36,1022.2848,4744.78
3363,21-05-2023 02:00,1608,South,Chennai,431,Electronics,Card,,1398.77,3,4196.31,965.1513,3389.01
3364,21-05-2023 03:00,1259,North,Delhi,109,Home,NetBanking,0.2,420.77,4,1683.08,336.616,1568.73
3365,21-05-2023 04:00,1771,South,Pune,333,Home,NetBanking,0.15,3052.9,7,21370.3,3205.545,18446.38
3366,21-05-2023 05:00,1614,North,Bangalore,397,Home,Card,,4990.84,5,24954.2,5489.924,19215.77
3367,21-05-2023 06:00,1551,East,Delhi,343,Sports,UPI,0.25,593.99,,2969.95,742.4875,2462.89
3368,21-05-2023 07:00,1784,North,Mumbai,450,Clothing,NetBanking,0.07,4124.03,1,4124.03,288.6821,3492.81
3369,21-05-2023 08:00,1100,West,Chennai,366,Sports,NetBanking,0.1,682.2,2,1364.4,136.44,1335.11
3370,21-05-2023 09:00,1358,South,Pune,217,Clothing,Cash,0.07,3382.58,5,16912.9,1183.903,15516.39
3371,21-05-2023 10:00,1379,South,Delhi,243,Home,Card,0.14,3251.47,2,6502.94,910.4116,5718.02
3372,21-05-2023 11:00,1819,East,Mumbai,480,Electronics,NetBanking,0.27,4523.31,1,4523.31,1221.2937,2849.66
3373,21-05-2023 12:00,1220,South,Delhi,300,Sports,Card,0.1,658.33,3,1974.99,197.499,1940.31
3374,21-05-2023 13:00,1819,West,Delhi,338,Electronics,Card,0.11,1645.68,1,1645.68,181.0248,1228.65
3375,21-05-2023 14:00,1419,North,Bangalore,433,Home,NetBanking,0.26,544.82,8,4358.56,1133.2256,3370.19
3376,21-05-2023 15:00,1123,East,Bangalore,345,Clothing,Card,0.15,2096.18,8,16769.44,2515.416,14365.85
3377,21-05-2023 16:00,1421,West,Delhi,445,Electronics,UPI,0.16,4566.81,8,36534.48,5845.5168,30804.59
3378,21-05-2023 17:00,1230,South,Mumbai,107,Sports,NetBanking,0.26,3929.46,7,27506.22,7151.6172,20368.88
3379,21-05-2023 18:00,1689,South,Pune,251,Electronics,NetBanking,0.15,3642.21,,25495.47,3824.3205,21321
3380,21-05-2023 19:00,1062,West,Pune,491,Electronics,NetBanking,0.2,2711.83,2,5423.66,1084.732,4786.03
3381,21-05-2023 20:00,1484,North,Chennai,310,Sports,Cash,0.03,4429.08,9,39861.72,1195.8516,38626.89
3382,21-05-2023 21:00,1627,North,Chennai,466,Clothing,Cash,0.05,2302.26,7,16115.82,805.791,15270.29
3383,21-05-2023 22:00,1702,East,Pune,257,Sports,Cash,0.12,833.46,5,4167.3,500.076,4082.68
3384,21-05-2023 23:00,1573,South,Delhi,157,Home,Cash,0.15,4204.17,4,16816.68,2522.502,14027.5
3385,22-05-2023 00:00,1767,West,Delhi,185,Clothing,NetBanking,0.29,1470.23,8,11761.84,3410.9336,8336.66
3386,22-05-2023 01:00,1482,North,Bangalore,154,Electronics,UPI,0.29,362.8,5,1814,526.06,1338.87
3387,22-05-2023 02:00,1518,East,Bangalore,300,Sports,Card,0.26,717.59,6,4305.54,1119.4404,3116.57
3388,22-05-2023 03:00,1154,South,Chennai,221,Home,Card,0.09,3084.39,4,12337.56,1110.3804,11309.16
3389,22-05-2023 04:00,1091,South,Pune,207,Sports,NetBanking,0.29,3074.7,2,6149.4,1783.326,4191.68
3390,22-05-2023 05:00,1981,East,Delhi,403,Clothing,UPI,0.21,1374.9,7,9624.3,2021.103,7582.74
3391,22-05-2023 06:00,1525,East,Pune,231,Home,Card,0.12,3663.18,2,7326.36,879.1632,6486.58
3392,22-05-2023 07:00,1454,North,Mumbai,491,Electronics,UPI,0.21,3890.84,7,27235.88,5719.5348,21926.45
3393,22-05-2023 08:00,1740,West,Pune,484,Clothing,NetBanking,0,4610.46,7,32273.22,0,32770.08
3394,22-05-2023 09:00,1597,South,Mumbai,297,Home,Cash,0.04,2966.19,1,2966.19,118.6476,2898.39
3395,22-05-2023 10:00,1644,West,Bangalore,146,Clothing,UPI,0.25,3919.17,3,11757.51,2939.3775,9177.9
3396,22-05-2023 11:00,1509,South,Bangalore,327,Electronics,Card,0.19,3790.19,3,11370.57,2160.4083,8992.64
3397,22-05-2023 12:00,1182,South,Chennai,344,Home,Card,0.11,1363.26,6,8179.56,899.7516,7955.2
3398,22-05-2023 13:00,1385,West,Pune,302,Sports,Card,0.15,1620.11,3,4860.33,729.0495,4057.87
3399,22-05-2023 14:00,1573,East,Pune,360,Sports,Cash,0.27,2444.56,9,22001.04,5940.2808,16050.91
3400,22-05-2023 15:00,1730,North,Mumbai,277,Electronics,UPI,0.19,193.29,5,966.45,183.6255,942.44
3401,22-05-2023 16:00,1404,South,Bangalore,123,Home,UPI,0.12,,6,9343.5,1121.22,8478.04
3402,22-05-2023 17:00,1245,East,Mumbai,274,Electronics,Card,0.04,2422.03,6,14532.18,581.2872,13899.46
3403,22-05-2023 18:00,1741,South,Bangalore,373,Electronics,UPI,0.09,629.54,8,5036.32,453.2688,3980.59
3404,22-05-2023 19:00,1590,North,Mumbai,439,Clothing,Card,0.29,718.75,3,2156.25,625.3125,1727.7
3405,22-05-2023 20:00,1660,South,Bangalore,360,Sports,UPI,0.13,2369.86,9,21328.74,2772.7362,18282.98
3406,22-05-2023 21:00,1649,North,Mumbai,385,Electronics,Cash,,3681.73,7,25772.11,3608.0954,22396.28
3407,22-05-2023 22:00,1470,North,Bangalore,100,Clothing,Cash,0.15,4185.37,6,25112.22,3766.833,21571.08
3408,22-05-2023 23:00,1825,South,Mumbai,185,Electronics,NetBanking,0.27,2776.94,1,2776.94,749.7738,2084.94
3409,23-05-2023 00:00,1887,South,Pune,437,Electronics,NetBanking,0.18,2426.27,4,9705.08,1746.9144,8229.46
3410,23-05-2023 01:00,1422,North,Chennai,168,Electronics,NetBanking,0.21,1982.97,5,9914.85,2082.1185,30742.56
3411,23-05-2023 02:00,1900,East,Mumbai,130,Sports,UPI,0.12,,2,2090.9,250.908,2252.42
3412,23-05-2023 03:00,1064,West,Chennai,297,Home,Cash,0.01,818.15,1,818.15,8.1815,858.85
3413,23-05-2023 04:00,1012,North,Pune,190,Sports,Cash,0.28,3980.29,2,7960.58,2228.9624,5676.02
3414,23-05-2023 05:00,1212,South,Pune,448,Clothing,Cash,0.28,2378.53,8,19028.24,5327.9072,14042.71
3415,23-05-2023 06:00,1985,South,Bangalore,482,Home,Card,0.28,3972.57,6,23835.42,6673.9176,16961.95
3416,23-05-2023 07:00,1241,East,Chennai,115,Clothing,UPI,0.28,3550.01,2,7100.02,1988.0056,4480.58
3417,23-05-2023 08:00,1492,West,Delhi,409,Electronics,UPI,0.24,1050.09,9,9450.81,2268.1944,6808.32
3418,23-05-2023 09:00,1212,North,Bangalore,495,Home,NetBanking,0.21,2600.51,8,20804.08,4368.8568,16865.75
3419,23-05-2023 10:00,1692,North,Chennai,375,Clothing,Card,0.25,2275.68,4,9102.72,2275.68,6902.03
3420,23-05-2023 11:00,1337,West,Mumbai,437,Electronics,Card,0.18,2176.98,7,15238.86,2742.9948,12546.91
3421,23-05-2023 12:00,1996,North,Mumbai,261,Clothing,Cash,0.04,2758.6,3,8275.8,331.032,8217.99
3422,23-05-2023 13:00,1172,West,Pune,291,Clothing,NetBanking,0.12,4912.2,6,29473.2,3536.784,26025.08
3423,23-05-2023 14:00,1671,South,Delhi,250,Sports,UPI,0.29,4083.21,3,12249.63,3552.3927,8614.68
3424,23-05-2023 15:00,1163,West,Mumbai,464,Electronics,Card,0.11,4528.19,3,13584.57,1494.3027,11958.68
3425,23-05-2023 16:00,1464,North,Chennai,212,Sports,Cash,0.26,245.23,9,2207.07,573.8382,1280.6
3426,23-05-2023 17:00,1994,West,Chennai,372,Home,UPI,0.03,787.65,6,4725.9,141.777,4264.04
3427,23-05-2023 18:00,1496,East,Mumbai,275,Electronics,Cash,0.1,515.34,8,4122.72,412.272,3762.86
3428,23-05-2023 19:00,1699,South,Chennai,248,Sports,UPI,0.11,,4,5559.32,611.5252,4901.08
3429,23-05-2023 20:00,1394,South,Chennai,277,Sports,Cash,0.02,2265.27,4,9061.08,181.2216,9026.28
3430,23-05-2023 21:00,1702,West,Pune,481,Home,UPI,0.04,3246.06,8,25968.48,1038.7392,24904.01
3431,23-05-2023 22:00,1916,North,Delhi,322,Clothing,NetBanking,0.06,2554.07,7,17878.49,1072.7094,16486.59
3432,23-05-2023 23:00,1307,East,Pune,358,Clothing,UPI,0.25,4525.6,5,22628,5657,17044.68
3433,24-05-2023 00:00,1767,South,Delhi,372,Clothing,UPI,0.02,4705.29,2,9410.58,188.2116,9278.05
3434,24-05-2023 01:00,1182,South,Chennai,288,Home,UPI,0.09,901.25,6,5407.5,486.675,4926
3435,24-05-2023 02:00,1628,North,Delhi,405,Sports,Cash,,4279.27,,4279.27,0,4326.44
3436,24-05-2023 03:00,1793,North,Chennai,477,Electronics,Card,0.21,2460.44,7,17223.08,3616.8468,14195.94
3437,24-05-2023 04:00,1509,East,Chennai,189,Home,UPI,0.19,2321.31,9,20891.79,3969.4401,16564.8
3438,24-05-2023 05:00,1707,West,Pune,442,Clothing,UPI,0.19,3946.2,5,19731,3748.89,15694.95
3439,24-05-2023 06:00,1545,North,Pune,361,Clothing,NetBanking,0.11,556.39,5,2781.95,306.0145,1965.37
3440,24-05-2023 07:00,1563,West,Bangalore,255,Electronics,UPI,0.06,4424.22,7,30969.54,1858.1724,29139.14
3441,24-05-2023 08:00,1623,East,Mumbai,299,Home,NetBanking,0.22,3387.23,5,16936.15,3725.953,12629.4
3442,24-05-2023 09:00,1763,West,Bangalore,154,Clothing,UPI,0.24,4388.78,4,17555.12,4213.2288,13409.14
3443,24-05-2023 10:00,1593,South,Bangalore,353,Home,Cash,0.04,4972.94,1,4972.94,198.9176,4757.17
3444,24-05-2023 11:00,1743,West,Delhi,272,Sports,Card,0.15,2638.22,6,15829.32,2374.398,13282.76
3445,24-05-2023 12:00,1226,East,Chennai,299,Home,Card,0.07,556.98,9,5012.82,350.8974,4803.49
3446,24-05-2023 13:00,1744,East,Chennai,201,Sports,Card,0.05,915.97,4,3663.88,183.194,3569.66
3447,24-05-2023 14:00,1732,East,Chennai,384,Electronics,Cash,0.22,1685.73,4,6742.92,1483.4424,5741.01
3448,24-05-2023 15:00,1435,West,Mumbai,250,Sports,NetBanking,0.16,607.41,5,3037.05,485.928,2735.04
3449,24-05-2023 16:00,1924,South,Delhi,210,Sports,Card,0.06,4095.17,6,24571.02,1474.2612,23077.82
3450,24-05-2023 17:00,1421,North,Delhi,365,Electronics,Cash,0.09,1554.65,3,4663.95,419.7555,3559.8
3451,24-05-2023 18:00,1553,South,Chennai,190,Clothing,Cash,0.29,4881.84,9,43936.56,12741.6024,31473.85
3452,24-05-2023 19:00,1020,West,Bangalore,276,Electronics,UPI,0.25,3542.7,,3542.7,885.675,2938.33
3453,24-05-2023 20:00,1553,West,Mumbai,330,Home,NetBanking,0.26,949.81,6,5698.86,1481.7036,4614.25
3454,24-05-2023 21:00,1396,North,Bangalore,128,Electronics,Cash,0.14,2432.61,6,14595.66,2043.3924,11865.94
3455,24-05-2023 22:00,1624,West,Pune,400,Home,NetBanking,0.19,2387.73,8,19101.84,3629.3496,15534.02
3456,24-05-2023 23:00,1104,East,Delhi,294,Clothing,Card,0.11,2513.31,5,12566.55,1382.3205,11381.79
3457,25-05-2023 00:00,1191,East,Delhi,406,Home,Card,0.02,,9,24524.01,490.4802,24394
3458,25-05-2023 01:00,1016,East,Bangalore,338,Electronics,Card,0.12,252.75,9,2274.75,272.97,2182.35
3459,25-05-2023 02:00,1119,East,Mumbai,456,Electronics,UPI,0.18,3462.88,2,6925.76,1246.6368,5697.29
3460,25-05-2023 03:00,1392,East,Delhi,483,Clothing,UPI,0.09,,5,12436.2,1119.258,11011.44
3461,25-05-2023 04:00,1424,West,Bangalore,366,Electronics,NetBanking,0.25,3975.73,7,27830.11,6957.5275,20837.46
3462,25-05-2023 05:00,1128,North,Mumbai,313,Clothing,NetBanking,0.05,4095.21,2,8190.42,409.521,7897.55
3463,25-05-2023 06:00,1129,North,Bangalore,181,Clothing,UPI,0.11,1229.62,7,8607.34,946.8074,7895.38
3464,25-05-2023 07:00,1571,East,Mumbai,227,Electronics,Cash,,337.27,9,3035.43,121.4172,2438.14
3465,25-05-2023 08:00,1559,West,Chennai,361,Sports,NetBanking,0.12,3545.85,8,28366.8,3404.016,25051.42
3466,25-05-2023 09:00,1028,South,Mumbai,166,Home,NetBanking,0.01,4891.04,9,44019.36,440.1936,43137.33
3467,25-05-2023 10:00,1096,South,Pune,161,Sports,Card,0.08,2288.62,4,9154.48,732.3584,8501.89
3468,25-05-2023 11:00,1009,West,Chennai,232,Clothing,NetBanking,0.12,1372.1,8,10976.8,1317.216,9315.36
3469,25-05-2023 12:00,1241,East,Bangalore,236,Home,NetBanking,0.14,867.69,9,7809.21,1093.2894,6283.02
3470,25-05-2023 13:00,1825,North,Chennai,127,Sports,Cash,0.16,1508.48,2,3016.96,482.7136,3077.39
3471,25-05-2023 14:00,1955,West,Chennai,310,Electronics,NetBanking,0.08,1706.81,3,5120.43,409.6344,4296.15
3472,25-05-2023 15:00,1231,South,Bangalore,304,Sports,Cash,,2176.99,1,2176.99,348.3184,1637.67
3473,25-05-2023 16:00,1788,South,Bangalore,352,Home,Card,,3311.49,1,3311.49,496.7235,2808.66
3474,25-05-2023 17:00,1283,South,Pune,137,Home,UPI,0.09,1438.5,6,8631,776.79,7229.49
3475,25-05-2023 18:00,1714,East,Bangalore,142,Home,Card,0.25,349.79,1,349.79,87.4475,497.96
3476,25-05-2023 19:00,1758,South,Delhi,216,Home,Cash,0.16,1929.07,5,9645.35,1543.256,7891.88
3477,25-05-2023 20:00,1801,West,Delhi,289,Sports,Cash,0.1,4292.59,6,25755.54,2575.554,22873.94
3478,25-05-2023 21:00,1775,West,Pune,145,Electronics,NetBanking,0.28,2541.92,9,22877.28,6405.6384,16748.96
3479,25-05-2023 22:00,1954,South,Mumbai,265,Electronics,NetBanking,0.25,4827.44,6,28964.64,7241.16,21322.72
3480,25-05-2023 23:00,1725,West,Mumbai,404,Home,UPI,0.29,2567.75,4,10271,2978.59,7426.7
3481,26-05-2023 00:00,1199,South,Delhi,302,Electronics,Cash,0.21,1451.9,1,1451.9,304.899,1154.07
3482,26-05-2023 01:00,1944,South,Bangalore,332,Sports,Cash,0.11,1047.24,,6283.44,691.1784,5609.45
3483,26-05-2023 02:00,1078,North,Pune,344,Electronics,Card,0.08,3503.17,7,24522.19,1961.7752,22543.5
3484,26-05-2023 03:00,1912,East,Mumbai,308,Clothing,UPI,0.2,2728.27,5,13641.35,2728.27,10951.66
3485,26-05-2023 04:00,1955,East,Mumbai,347,Electronics,Card,0.29,3059.59,6,18357.54,5323.6866,49402.88
3486,26-05-2023 05:00,1854,North,Chennai,394,Home,NetBanking,0.19,3800.12,8,30400.96,5776.1824,24362.51
3487,26-05-2023 06:00,1855,North,Delhi,426,Electronics,NetBanking,0.26,3656.93,1,3656.93,950.8018,2432.15
3488,26-05-2023 07:00,1172,East,Bangalore,482,Electronics,Card,0.1,312.48,8,2499.84,249.984,2582.11
3489,26-05-2023 08:00,1466,South,Pune,257,Electronics,NetBanking,0.12,4032.6,2,8065.2,967.824,7144.96
3490,26-05-2023 09:00,1580,South,Mumbai,100,Electronics,Card,0.27,2710.25,2,5420.5,1463.535,3960.37
3491,26-05-2023 10:00,1415,East,Chennai,316,Clothing,Cash,0.23,2019.37,8,16154.96,3715.6408,12996.01
3492,26-05-2023 11:00,1939,South,Delhi,348,Sports,Cash,0.29,2733.85,2,5467.7,1585.633,3274.73
3493,26-05-2023 12:00,1448,North,Delhi,491,Home,NetBanking,0.23,3101.01,8,24808.08,5705.8584,19526.57
3494,26-05-2023 13:00,1086,South,Pune,168,Home,UPI,0.13,832.58,5,4162.9,541.177,3625.26
3495,26-05-2023 14:00,1100,South,Mumbai,129,Electronics,Cash,0.16,2145.34,9,19308.06,3089.2896,15992.22
3496,26-05-2023 15:00,1007,West,Pune,214,Sports,NetBanking,0.27,1744.37,9,15699.33,4238.8191,11300.23
3497,26-05-2023 16:00,1844,West,Pune,107,Electronics,UPI,0.17,1817,8,14536,2471.12,11915.43
3498,26-05-2023 17:00,1199,West,Chennai,468,Clothing,NetBanking,0.08,547.54,9,4927.86,394.2288,4983.65
3499,26-05-2023 18:00,1504,South,Delhi,374,Sports,Card,0.13,883.23,7,6182.61,803.7393,5450.63
3500,26-05-2023 19:00,1086,East,Bangalore,414,Sports,NetBanking,0.15,,8,7143.84,1071.576,6278.2
3501,26-05-2023 20:00,1042,North,Delhi,434,Sports,Card,0.03,1928.8,6,11572.8,347.184,11002.97
3502,26-05-2023 21:00,1384,South,Delhi,135,Sports,Cash,0.22,4483.01,9,40347.09,8876.3598,31504.08
3503,26-05-2023 22:00,1620,East,Chennai,410,Electronics,Cash,0.03,1109.53,2,2219.06,66.5718,2425.28
3504,26-05-2023 23:00,1434,South,Bangalore,143,Clothing,NetBanking,0.12,2139.34,,6418.02,770.1624,5985.71
3505,27-05-2023 00:00,1407,North,Mumbai,254,Sports,UPI,0.24,1626.89,2,3253.78,780.9072,2070.95
3506,27-05-2023 01:00,1482,South,Bangalore,176,Home,NetBanking,0.14,3958.18,6,23749.08,3324.8712,20666.78
3507,27-05-2023 02:00,1663,North,Mumbai,177,Home,NetBanking,0.25,345.62,3,1036.86,259.215,733.89
3508,27-05-2023 03:00,1016,South,Bangalore,200,Clothing,Cash,0.1,1063.06,1,1063.06,106.306,1066.37
3509,27-05-2023 04:00,1644,North,Pune,129,Home,Cash,0.29,1132.14,4,4528.56,1313.2824,3056.88
3510,27-05-2023 05:00,1147,South,Bangalore,138,Electronics,NetBanking,0.06,4965.52,5,24827.6,1489.656,23795.69
3511,27-05-2023 06:00,1276,North,Chennai,338,Electronics,Cash,0.01,2896.8,4,11587.2,115.872,11549.38
3512,27-05-2023 07:00,1231,West,Mumbai,112,Clothing,Card,0.26,780.9,6,4685.4,1218.204,3290.79
3513,27-05-2023 08:00,1825,South,Delhi,221,Sports,NetBanking,0.23,1433.78,3,4301.34,989.3082,3165.35
3514,27-05-2023 09:00,1926,South,Chennai,243,Home,Cash,0.07,922.33,6,5533.98,387.3786,5404.42
3515,27-05-2023 10:00,1365,East,Mumbai,271,Home,NetBanking,0.3,710.56,1,710.56,213.168,713.85
3516,27-05-2023 11:00,1227,East,Mumbai,467,Clothing,Cash,0.15,4006.19,6,24037.14,3605.571,20455.74
3517,27-05-2023 12:00,1650,North,Delhi,346,Clothing,Card,0.29,2529.19,8,20233.52,5867.7208,14249.75
3518,27-05-2023 13:00,1435,South,Pune,346,Home,Card,0.15,3192.93,8,25543.44,3831.516,21998.46
3519,27-05-2023 14:00,1398,North,Chennai,144,Sports,NetBanking,0.14,1723.13,1,1723.13,241.2382,1324.04
3520,27-05-2023 15:00,1210,West,Delhi,352,Clothing,Card,0.13,2813.11,7,19691.77,2559.9301,16958.9
3521,27-05-2023 16:00,1390,East,Delhi,474,Electronics,Card,0.1,1362.09,4,5448.36,544.836,5661.35
3522,27-05-2023 17:00,1498,North,Pune,390,Home,Cash,,1609.38,6,9656.28,1545.0048,8224.89
3523,27-05-2023 18:00,1539,North,Chennai,306,Clothing,NetBanking,0.14,,6,19775.82,2768.6148,16982.54
3524,27-05-2023 19:00,1562,East,Delhi,106,Clothing,Cash,0.01,,5,4183.6,41.836,4008.46
3525,27-05-2023 20:00,1490,South,Pune,341,Clothing,Cash,0.08,3124.39,9,28119.51,2249.5608,25806.87
3526,27-05-2023 21:00,1441,North,Chennai,209,Home,UPI,0.06,4275.95,8,34207.6,2052.456,32529.5
3527,27-05-2023 22:00,1260,East,Bangalore,213,Electronics,Card,0.26,690.07,6,4140.42,1076.5092,3312.48
3528,27-05-2023 23:00,1772,South,Mumbai,406,Electronics,Cash,0.18,4497.56,4,17990.24,3238.2432,14557.32
3529,28-05-2023 00:00,1349,West,Pune,401,Home,Cash,0.23,489.28,4,1957.12,450.1376,1407.97
3530,28-05-2023 01:00,1351,East,Mumbai,375,Clothing,Cash,0.29,1809.66,9,16286.94,4723.2126,11169.1
3531,28-05-2023 02:00,1519,North,Bangalore,195,Home,Card,0.19,3091.5,4,12366,2349.54,10095.42
3532,28-05-2023 03:00,1319,West,Delhi,393,Home,Card,,2841.13,,19887.91,5767.4939,12930.1
3533,28-05-2023 04:00,1137,South,Delhi,288,Clothing,Card,0.09,572.32,6,3433.92,309.0528,2662.55
3534,28-05-2023 05:00,1549,South,Chennai,459,Home,NetBanking,0.06,4014.67,2,8029.34,481.7604,7575.27
3535,28-05-2023 06:00,1622,East,Pune,387,Sports,Cash,0.12,4868.45,5,24342.25,2921.07,20633.81
3536,28-05-2023 07:00,1991,East,Pune,253,Electronics,Card,0.14,988.02,3,2964.06,414.9684,12937.4
3537,28-05-2023 08:00,1367,East,Chennai,157,Sports,Cash,0.27,4486.14,9,40375.26,10901.3202,29207.94
3538,28-05-2023 09:00,1219,South,Mumbai,437,Sports,NetBanking,0.17,,1,2828.37,480.8229,2492.68
3539,28-05-2023 10:00,1336,West,Delhi,149,Sports,UPI,0.09,,4,18744.32,1686.9888,17437.67
3540,28-05-2023 11:00,1222,South,Delhi,306,Home,NetBanking,0.22,962.82,4,3851.28,847.2816,3084.57
3541,28-05-2023 12:00,1647,North,Pune,151,Clothing,Card,0.15,3980.9,9,35828.1,5374.215,30452.35
3542,28-05-2023 13:00,1767,South,Pune,441,Home,Card,0.05,392.93,1,392.93,19.6465,811.8
3543,28-05-2023 14:00,1359,North,Chennai,470,Electronics,NetBanking,0.17,4427.66,2,8855.32,1505.4044,6954.49
3544,28-05-2023 15:00,1920,West,Bangalore,249,Home,Cash,0.27,3403.38,1,3403.38,918.9126,2341.78
3545,28-05-2023 16:00,1328,East,Mumbai,152,Home,Card,0.25,1914.25,1,1914.25,478.5625,1466.6
3546,28-05-2023 17:00,1961,East,Bangalore,312,Home,Card,,1033.29,1,1033.29,185.9922,839.51
3547,28-05-2023 18:00,1462,South,Bangalore,165,Home,NetBanking,0.11,4101.01,3,12303.03,1353.3333,10663.22
3548,28-05-2023 19:00,1945,East,Pune,331,Sports,Cash,0.03,3055.88,4,12223.52,366.7056,12175.85
3549,28-05-2023 20:00,1962,West,Pune,472,Clothing,NetBanking,0.14,1866.04,2,3732.08,522.4912,2780.42
3550,28-05-2023 21:00,1560,East,Pune,398,Electronics,NetBanking,0.23,2274.8,1,2274.8,523.204,1930.07
3551,28-05-2023 22:00,1803,South,Bangalore,437,Electronics,Cash,,,5,20750.3,2282.533,18722.98
3552,28-05-2023 23:00,1381,West,Mumbai,250,Electronics,Cash,0.07,1760.74,6,10564.44,739.5108,9896.34
3553,29-05-2023 00:00,1835,North,Pune,304,Home,UPI,0.28,539.2,2,1078.4,301.952,1275.61
3554,29-05-2023 01:00,1589,South,Delhi,419,Electronics,NetBanking,0.25,4565.28,3,13695.84,3423.96,10393.55
3555,29-05-2023 02:00,1616,North,Mumbai,354,Sports,Cash,0.19,1997.98,3,5993.94,1138.8486,5268.72
3556,29-05-2023 03:00,1168,West,Delhi,236,Clothing,Card,0.04,1807.1,2,3614.2,144.568,2669.58
3557,29-05-2023 04:00,1216,South,Mumbai,468,Home,UPI,0.04,1101.56,4,4406.24,176.2496,4511.37
3558,29-05-2023 05:00,1377,South,Pune,234,Home,NetBanking,0.03,4497.37,,22486.85,674.6055,21987.95
3559,29-05-2023 06:00,1118,West,Chennai,153,Sports,Cash,0.18,1165.78,8,9326.24,1678.7232,7807.97
3560,29-05-2023 07:00,1189,East,Pune,164,Electronics,UPI,0.03,3219.7,6,19318.2,579.546,18923.81
3561,29-05-2023 08:00,1766,South,Bangalore,101,Home,UPI,0.25,4415.75,9,39741.75,9935.4375,29661.98
3562,29-05-2023 09:00,1369,South,Bangalore,231,Home,Card,0.3,271.08,3,813.24,243.972,796.93
3563,29-05-2023 10:00,1777,North,Mumbai,433,Sports,UPI,0.11,4161.08,9,37449.72,4119.4692,33864.67
3564,29-05-2023 11:00,1148,East,Bangalore,131,Sports,NetBanking,0.14,2111.94,4,8447.76,1182.6864,6701.73
3565,29-05-2023 12:00,1675,North,Pune,455,Electronics,Cash,,,8,26592.64,5584.4544,21365.17
3566,29-05-2023 13:00,1651,North,Delhi,485,Clothing,UPI,0.28,1924.78,7,13473.46,3772.5688,9662.25
3567,29-05-2023 14:00,1858,East,Pune,459,Clothing,UPI,0.27,3508.03,7,24556.21,6630.1767,17728.16
3568,29-05-2023 15:00,1487,East,Mumbai,342,Electronics,NetBanking,0.02,1346.05,9,12114.45,242.289,11508.99
3569,29-05-2023 16:00,1769,West,Bangalore,291,Clothing,Card,0.05,,2,414.92,20.746,508.12
3570,29-05-2023 17:00,1373,East,Delhi,241,Sports,Card,0.23,4744.16,5,23720.8,5455.784,18739.78
3571,29-05-2023 18:00,1780,South,Chennai,247,Sports,Cash,0.21,180.2,3,540.6,113.526,310.4
3572,29-05-2023 19:00,1692,East,Delhi,188,Sports,NetBanking,0.04,4138.09,7,28966.63,1158.6652,28007.97
3573,29-05-2023 20:00,1159,West,Delhi,148,Clothing,Card,0.15,928.77,3,2786.31,417.9465,2365.22
3574,29-05-2023 21:00,1350,West,Pune,235,Clothing,Cash,0.23,2021.88,5,10109.4,2325.162,7291.2
3575,29-05-2023 22:00,1911,West,Chennai,290,Home,Cash,0.07,4130.21,5,20651.05,1445.5735,19151.67
3576,29-05-2023 23:00,1287,East,Mumbai,248,Home,Card,0.26,1109.07,2,2218.14,576.7164,1442.02
3577,30-05-2023 00:00,1287,East,Mumbai,186,Home,NetBanking,,4341.97,1,4341.97,86.8394,15804.36
3578,30-05-2023 01:00,1891,North,Delhi,107,Clothing,UPI,0.23,2539.02,6,15234.12,3503.8476,11601.17
3579,30-05-2023 02:00,1225,North,Delhi,322,Home,Card,0.18,1894.15,1,1894.15,340.947,1457.7
3580,30-05-2023 03:00,1522,South,Bangalore,456,Sports,UPI,0.09,3345.94,9,30113.46,2710.2114,27705.22
3581,30-05-2023 04:00,1521,North,Chennai,115,Clothing,UPI,0.22,1772.81,5,8864.05,1950.091,6921.03
3582,30-05-2023 05:00,1782,South,Delhi,395,Electronics,NetBanking,0.23,1801.71,1,1801.71,414.3933,965.86
3583,30-05-2023 06:00,1272,West,Bangalore,205,Clothing,NetBanking,0.28,3694.28,8,29554.24,8275.1872,21641.03
3584,30-05-2023 07:00,1935,North,Chennai,382,Home,Cash,0.11,1618.18,1,1618.18,177.9998,1555.71
3585,30-05-2023 08:00,1401,East,Mumbai,203,Clothing,NetBanking,0.21,1083.79,4,4335.16,910.3836,3509.05
3586,30-05-2023 09:00,1182,North,Bangalore,460,Home,Cash,0.18,4057.47,7,28402.29,5112.4122,23551.94
3587,30-05-2023 10:00,1968,South,Chennai,245,Home,Card,0.16,4046.32,4,16185.28,2589.6448,13589.15
3588,30-05-2023 11:00,1664,North,Bangalore,134,Electronics,UPI,0.27,2538.17,5,12690.85,3426.5295,9103.4
3589,30-05-2023 12:00,1487,West,Delhi,212,Electronics,NetBanking,0,2680.61,7,18764.27,0,18868.24
3590,30-05-2023 13:00,1826,East,Pune,407,Sports,Card,0.08,3510.78,4,14043.12,1123.4496,13106.55
3591,30-05-2023 14:00,1845,South,Mumbai,498,Home,Cash,0.16,2595.44,5,12977.2,2076.352,11015.28
3592,30-05-2023 15:00,1123,East,Delhi,152,Clothing,NetBanking,0.05,2143.5,7,15004.5,750.225,14497.58
3593,30-05-2023 16:00,1984,East,Delhi,446,Electronics,UPI,0.27,4974.98,1,4974.98,1343.2446,3661.87
3594,30-05-2023 17:00,1625,South,Chennai,180,Electronics,Card,0.19,823.44,3,2470.32,469.3608,1702.28
3595,30-05-2023 18:00,1789,East,Bangalore,203,Home,NetBanking,0.14,3004.37,1,3004.37,420.6118,2395.01
3596,30-05-2023 19:00,1413,East,Mumbai,421,Clothing,NetBanking,0.24,4440.73,3,13322.19,3197.3256,10536.65
3597,30-05-2023 20:00,1979,North,Delhi,468,Electronics,Card,0.14,3467.35,2,6934.7,970.858,5973.66
3598,30-05-2023 21:00,1724,East,Chennai,341,Electronics,Cash,0.17,4416.52,5,22082.6,3754.042,17990.31
3599,30-05-2023 22:00,1171,East,Mumbai,130,Clothing,Cash,0,1748.04,5,8740.2,0,8373.64
3600,30-05-2023 23:00,1287,East,Bangalore,416,Electronics,NetBanking,0.11,1432.77,9,12894.93,1418.4423,11074.8
3601,31-05-2023 00:00,1434,East,Delhi,291,Clothing,Cash,0.04,4271.23,8,34169.84,1366.7936,33050.2
3602,31-05-2023 01:00,1685,South,Delhi,456,Home,Cash,0.21,2031.16,3,6093.48,1279.6308,4906.78
3603,31-05-2023 02:00,1112,West,Delhi,460,Electronics,Card,0.14,3577.44,1,3577.44,500.8416,3630.02
3604,31-05-2023 03:00,1887,North,Mumbai,332,Home,Cash,0.09,823.97,5,4119.85,370.7865,3921.91
3605,31-05-2023 04:00,1916,East,Mumbai,197,Clothing,Cash,0.14,,3,11410.83,1597.5162,10004.2
3606,31-05-2023 05:00,1994,East,Mumbai,133,Home,Card,0.06,2790.01,5,13950.05,837.003,54840
3607,31-05-2023 06:00,1121,South,Mumbai,342,Home,NetBanking,0.28,1416.2,9,12745.8,3568.824,8886.34
3608,31-05-2023 07:00,1543,West,Chennai,158,Home,NetBanking,0.02,2523.07,1,2523.07,50.4614,2022.54
3609,31-05-2023 08:00,1221,East,Pune,358,Sports,Card,0.26,3515.02,1,3515.02,913.9052,2766.98
3610,31-05-2023 09:00,1630,South,Chennai,116,Clothing,UPI,0.15,158.24,9,1424.16,213.624,1137.32
3611,31-05-2023 10:00,1038,North,Delhi,177,Clothing,Card,0.19,3223.59,3,9670.77,1837.4463,7922.59
3612,31-05-2023 11:00,1496,North,Chennai,305,Clothing,UPI,0.09,2753.79,5,13768.95,1239.2055,12897.17
3613,31-05-2023 12:00,1779,East,Bangalore,401,Clothing,Cash,0.29,1179.4,9,10614.6,3078.234,7764.83
3614,31-05-2023 13:00,1232,East,Mumbai,265,Clothing,NetBanking,0.08,3789.61,5,18948.05,1515.844,17887.16
3615,31-05-2023 14:00,1942,West,Bangalore,390,Electronics,UPI,0.18,1586.96,3,4760.88,856.9584,3631.5
3616,31-05-2023 15:00,1529,West,Bangalore,484,Electronics,UPI,0.3,1456.62,9,13109.58,3932.874,9445.92
3617,31-05-2023 16:00,1148,East,Delhi,211,Electronics,Cash,0.26,2408.97,7,16862.79,4384.3254,12246.71
3618,31-05-2023 17:00,1396,South,Mumbai,487,Home,NetBanking,0.16,3413.13,7,23891.91,3822.7056,20569.88
3619,31-05-2023 18:00,1660,West,Bangalore,416,Home,Cash,0.3,4651.35,8,37210.8,11163.24,26182
3620,31-05-2023 19:00,1637,East,Delhi,452,Clothing,NetBanking,0.21,792.65,5,3963.25,832.2825,3283.03
3621,31-05-2023 20:00,1903,West,Mumbai,244,Sports,NetBanking,0.06,2042.69,2,4085.38,245.1228,3665.66
3622,31-05-2023 21:00,1301,East,Pune,255,Clothing,Cash,,428.25,9,3854.25,462.51,3232.33
3623,31-05-2023 22:00,1359,North,Delhi,277,Electronics,UPI,0.1,3816.9,3,11450.7,1145.07,10427.22
3624,31-05-2023 23:00,1237,East,Chennai,445,Clothing,Card,0.1,2293.89,2,4587.78,458.778,4653.48
3625,01-06-2023 00:00,1646,North,Mumbai,235,Home,NetBanking,0.23,3563.95,5,17819.75,4098.5425,14195.92
3626,01-06-2023 01:00,1662,West,Bangalore,414,Clothing,NetBanking,0.18,1678.75,8,13430,2417.4,11120.14
3627,01-06-2023 02:00,1235,East,Bangalore,117,Electronics,Card,0.01,4237.15,3,12711.45,127.1145,12457.94
3628,01-06-2023 03:00,1735,West,Chennai,450,Clothing,Card,0.26,2720.66,6,16323.96,4244.2296,12251.6
3629,01-06-2023 04:00,1202,North,Chennai,254,Home,Cash,0.09,4723.68,9,42513.12,3826.1808,39063.28
3630,01-06-2023 05:00,1255,East,Bangalore,371,Sports,NetBanking,0.3,486.19,2,972.38,291.714,744.21
3631,01-06-2023 06:00,1597,West,Mumbai,365,Electronics,Cash,,2619.96,8,20959.68,6078.3072,14765.19
3632,01-06-2023 07:00,1661,North,Delhi,459,Clothing,Card,0.28,3855.63,7,26989.41,7557.0348,19636.11
3633,01-06-2023 08:00,1234,West,Chennai,431,Home,Cash,0.24,3040.75,3,9122.25,2189.34,6861.01
3634,01-06-2023 09:00,1344,South,Chennai,115,Electronics,NetBanking,0.07,213.65,1,213.65,14.9555,92.16
3635,01-06-2023 10:00,1533,North,Chennai,111,Electronics,UPI,0.16,4864.46,6,29186.76,4669.8816,24500.04
3636,01-06-2023 11:00,1859,North,Pune,174,Home,UPI,0.07,1561.49,2,3122.98,218.6086,3104.35
3637,01-06-2023 12:00,1796,North,Mumbai,311,Clothing,NetBanking,0.08,1321.46,3,3964.38,317.1504,3580.47
3638,01-06-2023 13:00,1780,East,Mumbai,278,Clothing,Cash,0.18,2479.73,5,12398.65,2231.757,10155.73
3639,01-06-2023 14:00,1465,East,Mumbai,228,Clothing,Card,0.01,2756.57,8,22052.56,220.5256,21875.07
3640,01-06-2023 15:00,1769,East,Mumbai,382,Electronics,Card,0.29,,2,7709.62,2235.7898,5359.29
3641,01-06-2023 16:00,1540,South,Mumbai,294,Sports,UPI,0.28,2027.04,6,12162.24,3405.4272,9221.68
3642,01-06-2023 17:00,1212,South,Bangalore,367,Electronics,Cash,0.11,2255.81,1,2255.81,248.1391,2560.54
3643,01-06-2023 18:00,1462,North,Chennai,129,Clothing,Card,0.15,2721.3,7,19049.1,2857.365,16100.89
3644,01-06-2023 19:00,1435,South,Bangalore,108,Electronics,Card,0.14,2032.5,4,8130,1138.2,6752.52
3645,01-06-2023 20:00,1282,West,Pune,408,Sports,NetBanking,0.26,4581.29,1,4581.29,1191.1354,3250.96
3646,01-06-2023 21:00,1561,North,Delhi,409,Electronics,Cash,0.21,4271.13,,38440.17,8072.4357,30501.48
3647,01-06-2023 22:00,1606,North,Chennai,264,Home,Cash,,2329.37,9,20964.33,1677.1464,19261.38
3648,01-06-2023 23:00,1462,West,Pune,292,Clothing,Card,0.13,100.95,3,302.85,39.3705,-120.16
3649,02-06-2023 00:00,1406,North,Bangalore,404,Clothing,Cash,0.13,4514.58,6,27087.48,3521.3724,23519.36
3650,02-06-2023 01:00,1087,South,Delhi,359,Clothing,Cash,0.29,709.25,7,4964.75,1439.7775,3647.09
3651,02-06-2023 02:00,1043,East,Pune,291,Electronics,Cash,0.05,1298.11,4,5192.44,259.622,5228.21
3652,02-06-2023 03:00,1460,West,Delhi,178,Electronics,NetBanking,0.03,846.57,6,5079.42,152.3826,5454.11
3653,02-06-2023 04:00,1277,South,Pune,278,Electronics,Card,0.26,981.1,9,8829.9,2295.774,6399.7
3654,02-06-2023 05:00,1682,West,Bangalore,190,Clothing,UPI,0.27,4034.1,6,24204.6,6535.242,17482.33
3655,02-06-2023 06:00,1420,West,Delhi,314,Electronics,Cash,0.26,2939.56,7,20576.92,5349.9992,15151.76
3656,02-06-2023 07:00,1700,North,Pune,178,Clothing,Card,0.15,4784.87,6,28709.22,4306.383,24119.17
3657,02-06-2023 08:00,1352,North,Bangalore,202,Electronics,UPI,0.2,1234.12,7,8638.84,1727.768,6701
3658,02-06-2023 09:00,1695,South,Chennai,210,Clothing,NetBanking,0.17,2479.61,1,2479.61,421.5337,1849.79
3659,02-06-2023 10:00,1514,West,Bangalore,413,Home,Card,0.02,4889.4,6,29336.4,586.728,28847.74
3660,02-06-2023 11:00,1702,North,Bangalore,346,Electronics,NetBanking,0.18,4149.57,9,37346.13,6722.3034,30373.97
3661,02-06-2023 12:00,1629,North,Chennai,333,Clothing,Card,0,3670.22,3,11010.66,0,11258.07
3662,02-06-2023 13:00,1018,West,Bangalore,181,Home,NetBanking,0.1,1025.98,6,6155.88,615.588,5885.03
3663,02-06-2023 14:00,1022,South,Chennai,231,Home,Card,0.28,3870.09,,15480.36,4334.5008,10808.11
3664,02-06-2023 15:00,1412,South,Chennai,334,Sports,NetBanking,0.09,1803.07,7,12621.49,1135.9341,11094.07
3665,02-06-2023 16:00,1029,West,Chennai,377,Electronics,UPI,0.28,2699.63,7,18897.41,5291.2748,13445.35
3666,02-06-2023 17:00,1806,South,Pune,486,Clothing,Card,0.08,3084.89,9,27764.01,2221.1208,25422.49
3667,02-06-2023 18:00,1107,North,Delhi,434,Sports,UPI,0.09,3085.88,4,12343.52,1110.9168,11612.42
3668,02-06-2023 19:00,1366,West,Pune,198,Electronics,Cash,,3659.97,8,29279.76,5563.1544,23701.5
3669,02-06-2023 20:00,1280,North,Chennai,137,Home,UPI,0.23,3342.34,8,26738.72,6149.9056,20714.73
3670,02-06-2023 21:00,1127,East,Delhi,260,Electronics,Card,0.15,435.02,8,3480.16,522.024,3083.5
3671,02-06-2023 22:00,1228,East,Delhi,216,Clothing,UPI,0.26,2341,8,18728,4869.28,13594.54
3672,02-06-2023 23:00,1110,South,Chennai,340,Home,Card,0.01,3353.71,6,20122.26,201.2226,19845.83
3673,03-06-2023 00:00,1135,East,Delhi,125,Sports,NetBanking,0.28,1550.37,8,12402.96,3472.8288,8926.29
3674,03-06-2023 01:00,1361,North,Delhi,235,Electronics,Cash,0.06,1633.98,6,9803.88,588.2328,9328.92
3675,03-06-2023 02:00,1185,East,Pune,149,Electronics,UPI,0.27,710.38,2,1420.76,383.6052,606.88
3676,03-06-2023 03:00,1655,North,Delhi,393,Sports,Cash,0.12,2151.21,3,6453.63,774.4356,5500.82
3677,03-06-2023 04:00,1583,South,Chennai,493,Electronics,UPI,0.25,4935.47,6,29612.82,7403.205,22213.07
3678,03-06-2023 05:00,1128,South,Mumbai,397,Electronics,Card,0.2,1498.06,,10486.42,2097.284,8257.25
3679,03-06-2023 06:00,1875,North,Mumbai,392,Electronics,UPI,0.05,2704.04,4,10816.16,540.808,9854.7
3680,03-06-2023 07:00,1260,East,Mumbai,253,Home,Cash,0.28,3741.86,1,3741.86,1047.7208,2477.4
3681,03-06-2023 08:00,1514,South,Chennai,319,Home,UPI,0.07,166.14,4,664.56,46.5192,200.3
3682,03-06-2023 09:00,1448,West,Mumbai,239,Clothing,Cash,0.07,4512.15,6,27072.9,1895.103,25592.08
3683,03-06-2023 10:00,1899,South,Pune,148,Electronics,Cash,0.24,1994.1,8,15952.8,3828.672,12028.24
3684,03-06-2023 11:00,1103,East,Chennai,241,Clothing,Card,0.03,4358.67,4,17434.68,523.0404,16891.99
3685,03-06-2023 12:00,1482,West,Chennai,145,Home,NetBanking,0.07,290.84,1,290.84,20.3588,-23.19
3686,03-06-2023 13:00,1223,East,Chennai,262,Electronics,NetBanking,0.15,813.75,5,4068.75,610.3125,3527.65
3687,03-06-2023 14:00,1831,North,Delhi,384,Clothing,UPI,0.25,1680.39,7,11762.73,2940.6825,9030.57
3688,03-06-2023 15:00,1873,West,Delhi,367,Electronics,Cash,0.04,1792.76,6,10756.56,430.2624,10051.44
3689,03-06-2023 16:00,1865,East,Delhi,215,Electronics,Card,0.16,4254.19,3,12762.57,2042.0112,10452.44
3690,03-06-2023 17:00,1490,West,Bangalore,181,Sports,NetBanking,0.21,154.89,7,1084.23,227.6883,707.86
3691,03-06-2023 18:00,1472,East,Pune,143,Clothing,Card,0.26,3241.45,,12965.8,3371.108,9174.67
3692,03-06-2023 19:00,1009,West,Chennai,293,Home,Card,0.28,743.43,5,3717.15,1040.802,2790.42
3693,03-06-2023 20:00,1404,East,Chennai,357,Clothing,Cash,0.24,4133.76,7,28936.32,6944.7168,22219.3
3694,03-06-2023 21:00,1895,North,Delhi,372,Clothing,UPI,0.2,3915.01,2,7830.02,1566.004,5834.24
3695,03-06-2023 22:00,1301,West,Chennai,493,Clothing,Cash,0.13,2549.61,4,10198.44,1325.7972,9136.94
3696,03-06-2023 23:00,1230,West,Chennai,373,Sports,NetBanking,0.03,1142.17,4,4568.68,137.0604,4696.14
3697,04-06-2023 00:00,1730,West,Mumbai,377,Electronics,NetBanking,0.21,3209.03,6,19254.18,4043.3778,14358.55
3698,04-06-2023 01:00,1922,West,Chennai,182,Home,Card,0.3,865.67,,6059.69,1817.907,3910.67
3699,04-06-2023 02:00,1065,North,Bangalore,157,Sports,Cash,0.22,1031.12,4,4124.48,907.3856,3035.12
3700,04-06-2023 03:00,1936,West,Delhi,152,Home,Cash,0.01,3170.78,1,3170.78,31.7078,3309.59
3701,04-06-2023 04:00,1111,South,Pune,100,Sports,Card,0.15,,1,4957.02,743.553,4344.86
3702,04-06-2023 05:00,1012,North,Pune,315,Electronics,UPI,0.18,4466.2,5,22331,4019.58,18033.94
3703,04-06-2023 06:00,1392,South,Mumbai,416,Home,Card,0.21,3006.23,1,3006.23,631.3083,2862.3
3704,04-06-2023 07:00,1499,West,Pune,327,Clothing,Card,0.22,,3,8216.49,1807.6278,6198.84
3705,04-06-2023 08:00,1931,East,Pune,353,Sports,NetBanking,0.17,4992.09,9,44928.81,7637.8977,37040.34
3706,04-06-2023 09:00,1597,South,Delhi,258,Home,Cash,0.07,2782.25,3,8346.75,584.2725,7414.22
3707,04-06-2023 10:00,1233,West,Delhi,386,Electronics,NetBanking,0.28,2158.57,3,6475.71,1813.1988,4608.94
3708,04-06-2023 11:00,1601,South,Bangalore,165,Home,Card,0.21,,9,41011.38,8612.3898,32670.24
3709,04-06-2023 12:00,1313,West,Mumbai,408,Sports,Cash,0.07,1247.5,5,6237.5,436.625,5530.49
3710,04-06-2023 13:00,1565,West,Pune,194,Electronics,Card,0.1,577.88,8,4623.04,462.304,4223.26
3711,04-06-2023 14:00,1011,West,Bangalore,352,Clothing,Card,0.28,3207.04,9,28863.36,8081.7408,20842.63
3712,04-06-2023 15:00,1208,East,Mumbai,249,Sports,UPI,0.27,,6,3417.96,922.8492,2485.67
3713,04-06-2023 16:00,1973,South,Pune,122,Sports,NetBanking,0.12,1928.43,7,13499.01,1619.8812,11975.76
3714,04-06-2023 17:00,1013,North,Pune,343,Electronics,NetBanking,0.01,2175.53,7,15228.71,152.2871,15348.25
3715,04-06-2023 18:00,1632,North,Delhi,314,Sports,Card,0.01,,7,19480.58,194.8058,19367.67
3716,04-06-2023 19:00,1417,North,Chennai,498,Home,UPI,0.09,4959.13,4,19836.52,1785.2868,18365.27
3717,04-06-2023 20:00,1436,North,Mumbai,230,Clothing,Card,0.19,1182.81,2,2365.62,449.4678,1586.13
3718,04-06-2023 21:00,1376,West,Pune,442,Home,Card,0.18,1941.21,2,3882.42,698.8356,3050.92
3719,04-06-2023 22:00,1019,South,Mumbai,247,Electronics,Card,0.19,747.98,7,5235.86,994.8134,3911.39
3720,04-06-2023 23:00,1586,South,Bangalore,480,Sports,UPI,0.22,3077.31,7,21541.17,4739.0574,16966.48
3721,05-06-2023 00:00,1911,East,Bangalore,208,Clothing,Cash,0.01,3665.6,7,25659.2,256.592,25769.16
3722,05-06-2023 01:00,1754,South,Chennai,139,Electronics,UPI,0.03,2462.18,,19697.44,590.9232,19013.62
3723,05-06-2023 02:00,1734,South,Pune,220,Home,Card,0.11,1304.57,3,3913.71,430.5081,3567.66
3724,05-06-2023 03:00,1069,South,Delhi,394,Sports,Cash,0.05,3142.35,5,15711.75,785.5875,14477.8
3725,05-06-2023 04:00,1823,East,Pune,219,Sports,Card,0.02,2741.87,6,16451.22,329.0244,16128.66
3726,05-06-2023 05:00,1210,North,Mumbai,117,Electronics,UPI,0.19,938.81,8,7510.48,1426.9912,5581.54
3727,05-06-2023 06:00,1100,South,Bangalore,268,Home,UPI,0.24,,8,16702.72,4008.6528,12712.26
3728,05-06-2023 07:00,1697,East,Mumbai,297,Sports,Cash,0.23,2232.47,3,6697.41,1540.4043,4579.99
3729,05-06-2023 08:00,1131,East,Chennai,242,Home,UPI,0.25,4914.83,4,19659.32,4914.83,15252.83
3730,05-06-2023 09:00,1622,West,Bangalore,136,Clothing,Card,0.2,4261.5,6,25569,5113.8,20440.01
3731,05-06-2023 10:00,1380,East,Delhi,285,Sports,Cash,0.22,3698.42,4,14793.68,3254.6096,11512.12
3732,05-06-2023 11:00,1131,North,Bangalore,360,Clothing,NetBanking,0.08,4455.01,4,17820.04,1425.6032,16966.94
3733,05-06-2023 12:00,1019,South,Pune,330,Sports,Card,0.3,3703.87,5,18519.35,5555.805,12983.36
3734,05-06-2023 13:00,1905,East,Pune,353,Electronics,NetBanking,0.05,4526.67,7,31686.69,1584.3345,29619.5
3735,05-06-2023 14:00,1535,North,Bangalore,428,Sports,Cash,0.06,367.31,2,734.62,44.0772,561.3
3736,05-06-2023 15:00,1226,East,Chennai,490,Sports,Cash,0.09,2334.72,2,4669.44,420.2496,4832.74
3737,05-06-2023 16:00,1153,East,Pune,396,Home,Card,0.29,3759.8,9,33838.2,9813.078,23756.55
3738,05-06-2023 17:00,1804,East,Pune,109,Home,UPI,0.3,2958.15,4,11832.6,3549.78,8150.66
3739,05-06-2023 18:00,1741,East,Delhi,423,Clothing,Card,0.24,958.31,5,4791.55,1149.972,4105.59
3740,05-06-2023 19:00,1468,East,Bangalore,329,Clothing,UPI,0.19,,3,5305.23,1007.9937,4065.93
3741,05-06-2023 20:00,1821,North,Pune,123,Clothing,UPI,0.16,1657.09,2,3314.18,530.2688,2755.29
3742,05-06-2023 21:00,1999,South,Chennai,177,Sports,Card,0.29,1380.6,8,11044.8,3202.992,8246.94
3743,05-06-2023 22:00,1870,South,Mumbai,292,Sports,Cash,0.21,1781.36,4,7125.44,1496.3424,5456.97
3744,05-06-2023 23:00,1404,South,Bangalore,208,Clothing,Card,0.28,2622.78,1,2622.78,734.3784,1648.84
3745,06-06-2023 00:00,1201,South,Delhi,379,Electronics,NetBanking,0.09,4288.86,6,25733.16,2315.9844,22864.27
3746,06-06-2023 01:00,1037,North,Pune,362,Electronics,Cash,0.1,3735.96,6,22415.76,2241.576,19843.31
3747,06-06-2023 02:00,1941,West,Chennai,428,Sports,UPI,0.26,4192.72,2,8385.44,2180.2144,5940.2
3748,06-06-2023 03:00,1771,West,Bangalore,462,Electronics,Cash,0.04,4429.66,2,8859.32,354.3728,8396.01
3749,06-06-2023 04:00,1187,North,Chennai,454,Electronics,Card,0.28,2139.14,8,17113.12,4791.6736,12428.63
3750,06-06-2023 05:00,1056,North,Chennai,477,Clothing,Cash,0.15,1795.53,7,12568.71,1885.3065,10670.01
3751,06-06-2023 06:00,1940,East,Delhi,367,Electronics,UPI,0.28,382.35,2,764.7,214.116,181.12
3752,06-06-2023 07:00,1019,East,Bangalore,440,Electronics,UPI,,4659.41,1,4659.41,465.941,4601.61
3753,06-06-2023 08:00,1272,East,Pune,358,Sports,Cash,0.21,422.53,8,3380.24,709.8504,2339.78
3754,06-06-2023 09:00,1118,South,Delhi,434,Sports,NetBanking,0.14,3731.56,2,7463.12,1044.8368,6959.38
3755,06-06-2023 10:00,1582,East,Pune,184,Sports,UPI,0.19,1952.73,5,9763.65,1855.0935,7953.94
3756,06-06-2023 11:00,1515,West,Mumbai,109,Electronics,NetBanking,0.15,4749.03,6,28494.18,4274.127,24533.66
3757,06-06-2023 12:00,1220,South,Chennai,388,Clothing,UPI,0.29,2156.05,1,2156.05,625.2545,1689.76
3758,06-06-2023 13:00,1525,East,Mumbai,401,Home,Cash,0.21,4101.38,2,8202.76,1722.5796,6931.91
3759,06-06-2023 14:00,1514,South,Chennai,158,Sports,UPI,0.08,1485.01,4,5940.04,475.2032,5451.83
3760,06-06-2023 15:00,1727,West,Delhi,407,Sports,NetBanking,0.27,1565.53,2,3131.06,845.3862,2205.7
3761,06-06-2023 16:00,1740,East,Pune,361,Sports,NetBanking,0.09,3018.05,6,18108.3,1629.747,16569.97
3762,06-06-2023 17:00,1335,West,Pune,485,Clothing,Cash,0.11,4990.11,4,19960.44,2195.6484,17682.2
3763,06-06-2023 18:00,1697,West,Delhi,384,Home,NetBanking,0.03,2636.1,3,7908.3,237.249,7807.12
3764,06-06-2023 19:00,1054,West,Bangalore,218,Home,NetBanking,0.27,4687.91,6,28127.46,7594.4142,20997.99
3765,06-06-2023 20:00,1499,East,Mumbai,267,Sports,Cash,0.09,3952.62,9,35573.58,3201.6222,31864.81
3766,06-06-2023 21:00,1899,North,Mumbai,452,Electronics,UPI,0.08,3999.74,8,31997.92,2559.8336,29415.28
3767,06-06-2023 22:00,1887,East,Pune,288,Sports,Cash,0.28,2236.2,2,4472.4,1252.272,3880.31
3768,06-06-2023 23:00,1765,West,Pune,350,Sports,UPI,0.24,1994.06,3,5982.18,1435.7232,4429.37
3769,07-06-2023 00:00,1535,East,Pune,423,Electronics,UPI,0.04,1040.42,2,2080.84,83.2336,2301.72
3770,07-06-2023 01:00,1161,West,Delhi,328,Electronics,UPI,0.23,4823.31,7,33763.17,7765.5291,26258.83
3771,07-06-2023 02:00,1669,North,Bangalore,289,Sports,Card,,4801.03,9,43209.27,11666.5029,31111.42
3772,07-06-2023 03:00,1593,South,Mumbai,415,Clothing,UPI,0.02,3760.63,1,3760.63,75.2126,3774.46
3773,07-06-2023 04:00,1914,North,Chennai,223,Clothing,Cash,0.25,1551.64,3,4654.92,1163.73,3557.09
3774,07-06-2023 05:00,1158,North,Delhi,183,Electronics,Cash,0.16,1301.38,6,7808.28,1249.3248,7513.67
3775,07-06-2023 06:00,1187,South,Mumbai,396,Sports,Cash,0.2,4944.19,4,19776.76,3955.352,15033.61
3776,07-06-2023 07:00,1059,East,Bangalore,314,Clothing,Card,0.15,426.06,1,426.06,63.909,-124.02
3777,07-06-2023 08:00,1914,South,Delhi,336,Sports,NetBanking,0.21,4233.47,9,38101.23,8001.2583,30031.36
3778,07-06-2023 09:00,1816,East,Mumbai,212,Sports,Card,0.01,1841.74,7,12892.18,128.9218,12655.97
3779,07-06-2023 10:00,1318,East,Delhi,316,Sports,Cash,0.23,2152.46,7,15067.22,3465.4606,11336.71
3780,07-06-2023 11:00,1877,West,Mumbai,420,Clothing,Cash,,4176.69,1,4176.69,41.7669,3889.01
3781,07-06-2023 12:00,1210,West,Mumbai,345,Home,NetBanking,0.14,543.95,9,4895.55,685.377,4415.46
3782,07-06-2023 13:00,1405,South,Bangalore,434,Sports,Card,0.05,1835.43,8,14683.44,734.172,13697.21
3783,07-06-2023 14:00,1663,North,Chennai,418,Clothing,Cash,0.25,4764.92,5,23824.6,5956.15,17706.12
3784,07-06-2023 15:00,1108,South,Bangalore,473,Home,UPI,,3525.42,,14101.68,1269.1512,13131.63
3785,07-06-2023 16:00,1075,East,Mumbai,136,Electronics,UPI,0.14,3799.2,1,3799.2,531.888,3520.25
3786,07-06-2023 17:00,1541,West,Delhi,163,Clothing,Cash,0.13,3811.78,,34306.02,4459.7826,29702.96
3787,07-06-2023 18:00,1313,South,Bangalore,318,Home,UPI,,396.79,8,3174.32,730.0936,2004.54
3788,07-06-2023 19:00,1997,South,Chennai,441,Clothing,NetBanking,0.14,1095.72,2,2191.44,306.8016,2148.42
3789,07-06-2023 20:00,1116,West,Mumbai,488,Home,Cash,0.24,2507.19,,10028.76,2406.9024,7339.9
3790,07-06-2023 21:00,1926,West,Bangalore,133,Home,Card,0.02,1903.94,,7615.76,152.3152,7851
3791,07-06-2023 22:00,1867,West,Bangalore,138,Clothing,Cash,,2113.47,7,14794.29,887.6574,14032.45
3792,07-06-2023 23:00,1703,East,Bangalore,166,Electronics,NetBanking,0.17,3929.09,3,11787.27,2003.8359,9725.45
3793,08-06-2023 00:00,1018,West,Bangalore,308,Sports,Card,0.28,171.93,8,1375.44,385.1232,1121.86
3794,08-06-2023 01:00,1431,North,Delhi,417,Home,NetBanking,0.02,3336.41,7,23354.87,467.0974,22302.16
3795,08-06-2023 02:00,1684,South,Chennai,443,Sports,UPI,0.01,100.54,4,402.16,4.0216,842.21
3796,08-06-2023 03:00,1739,West,Chennai,251,Electronics,UPI,0.05,408.99,,3680.91,184.0455,3434.11
3797,08-06-2023 04:00,1349,West,Mumbai,486,Sports,UPI,0.19,2100.6,6,12603.6,2394.684,10259
3798,08-06-2023 05:00,1182,East,Pune,464,Sports,NetBanking,0.12,4220.65,3,12661.95,1519.434,10969.58
3799,08-06-2023 06:00,1112,East,Delhi,298,Clothing,NetBanking,0.25,810.48,7,5673.36,1418.34,4203.79
3800,08-06-2023 07:00,1182,South,Mumbai,188,Clothing,Cash,,2817.64,6,16905.84,338.1168,17047.12
3801,08-06-2023 08:00,1480,North,Mumbai,347,Electronics,Card,0.06,3424.68,8,27397.44,1643.8464,25672.59
3802,08-06-2023 09:00,1145,South,Bangalore,422,Clothing,Card,0.09,1224.71,5,6123.55,551.1195,5447.14
3803,08-06-2023 10:00,1830,West,Pune,178,Home,NetBanking,0.19,2610.42,6,15662.52,2975.8788,12891.6
3804,08-06-2023 11:00,1627,North,Pune,384,Electronics,NetBanking,0.21,4565.9,1,4565.9,958.839,3700.19
3805,08-06-2023 12:00,1112,North,Delhi,429,Clothing,UPI,0.04,2609.92,8,20879.36,835.1744,20510.32
3806,08-06-2023 13:00,1762,North,Pune,131,Clothing,NetBanking,0.28,870.88,1,870.88,243.8464,22.18
3807,08-06-2023 14:00,1475,North,Mumbai,186,Electronics,UPI,,3176.29,3,9528.87,952.887,8437.83
3808,08-06-2023 15:00,1762,South,Pune,138,Home,NetBanking,0.21,,,6003.56,1260.7476,4315.37
3809,08-06-2023 16:00,1302,East,Pune,492,Electronics,Card,0.16,232.08,6,1392.48,222.7968,1539.1
3810,08-06-2023 17:00,1970,East,Chennai,200,Clothing,Cash,0.07,543.91,8,4351.28,304.5896,3659.02
3811,08-06-2023 18:00,1824,West,Mumbai,343,Clothing,NetBanking,0.25,868.23,8,6945.84,1736.46,5308.31
3812,08-06-2023 19:00,1117,East,Pune,331,Electronics,UPI,0.25,767.82,7,5374.74,1343.685,3638.99
3813,08-06-2023 20:00,1812,East,Pune,497,Home,Cash,0.12,1371.38,7,9599.66,1151.9592,8297.89
3814,08-06-2023 21:00,1160,East,Bangalore,167,Home,UPI,0.18,2325.12,8,18600.96,3348.1728,14954.2
3815,08-06-2023 22:00,1400,East,Pune,291,Sports,UPI,0.08,,5,9607.05,768.564,8836.42
3816,08-06-2023 23:00,1197,West,Pune,127,Home,Cash,0.21,4464.18,3,13392.54,2812.4334,11188.52
3817,09-06-2023 00:00,1259,South,Chennai,369,Electronics,Cash,,3099.34,2,6198.68,557.8812,5213.16
3818,09-06-2023 01:00,1659,North,Mumbai,325,Home,Cash,0.25,4393.11,3,13179.33,3294.8325,9543.21
3819,09-06-2023 02:00,1751,East,Delhi,176,Home,NetBanking,0.07,2682.49,3,8047.47,563.3229,7663.24
3820,09-06-2023 03:00,1046,South,Mumbai,322,Sports,Cash,0,540.37,7,3782.59,0,3736.74
3821,09-06-2023 04:00,1986,East,Bangalore,471,Home,NetBanking,0.08,2370.11,1,2370.11,189.6088,1798.72
3822,09-06-2023 05:00,1398,East,Mumbai,266,Sports,Card,0.06,4127.96,7,28895.72,1733.7432,27020.66
3823,09-06-2023 06:00,1709,North,Pune,383,Sports,Card,0.15,1051.11,6,6306.66,945.999,19626.28
3824,09-06-2023 07:00,1558,North,Bangalore,291,Home,UPI,,546.95,2,1093.9,65.634,881.22
3825,09-06-2023 08:00,1077,North,Mumbai,188,Clothing,UPI,0.23,1714.23,1,1714.23,394.2729,1028.41
3826,09-06-2023 09:00,1123,East,Bangalore,131,Electronics,NetBanking,0.07,2005.6,9,18050.4,1263.528,16880.15
3827,09-06-2023 10:00,1074,East,Delhi,236,Electronics,UPI,0.21,1600.66,2,3201.32,672.2772,2721.98
3828,09-06-2023 11:00,1870,East,Mumbai,255,Home,Card,0.17,762.68,4,3050.72,518.6224,1735.93
3829,09-06-2023 12:00,1136,North,Pune,349,Electronics,NetBanking,0.3,1329.12,,11962.08,3588.624,8405.57
3830,09-06-2023 13:00,1601,West,Bangalore,194,Electronics,NetBanking,0.3,3443.18,9,30988.62,9296.586,21001.08
3831,09-06-2023 14:00,1399,South,Chennai,116,Sports,Cash,0.26,1991.05,1,1991.05,517.673,1475.27
3832,09-06-2023 15:00,1836,West,Bangalore,216,Clothing,NetBanking,0.23,3199.49,2,6398.98,1471.7654,5404.67
3833,09-06-2023 16:00,1504,East,Chennai,432,Electronics,UPI,0.12,2727.89,2,5455.78,654.6936,4696.58
3834,09-06-2023 17:00,1499,East,Pune,410,Clothing,Card,0.23,2790.36,2,5580.72,1283.5656,4373.93
3835,09-06-2023 18:00,1572,West,Delhi,109,Electronics,UPI,0.29,1317.89,8,10543.12,3057.5048,7706.83
3836,09-06-2023 19:00,1137,East,Chennai,179,Clothing,Card,0.01,2655.56,8,21244.48,212.4448,21264.07
3837,09-06-2023 20:00,1049,South,Delhi,233,Clothing,Cash,0.16,215.61,8,1724.88,275.9808,1699.23
3838,09-06-2023 21:00,1770,East,Bangalore,302,Electronics,Card,0.07,2215.54,4,8862.16,620.3512,8372.36
3839,09-06-2023 22:00,1972,South,Pune,215,Sports,Cash,0.17,2905.85,8,23246.8,3951.956,19068.73
3840,09-06-2023 23:00,1618,West,Chennai,319,Clothing,UPI,0.14,,7,6942.46,971.9444,6163.84
3841,10-06-2023 00:00,1624,West,Bangalore,352,Clothing,Cash,0.17,1357.14,8,10857.12,1845.7104,9458.39
3842,10-06-2023 01:00,1861,East,Mumbai,268,Electronics,NetBanking,0.17,1175.7,1,1175.7,199.869,1121.31
3843,10-06-2023 02:00,1253,South,Bangalore,434,Clothing,NetBanking,0.29,445.73,3,1337.19,387.7851,1006.45
3844,10-06-2023 03:00,1629,East,Delhi,415,Clothing,Card,0.17,1804.5,6,10827,1840.59,8483.95
3845,10-06-2023 04:00,1709,North,Pune,304,Sports,UPI,0.25,4896.93,1,4896.93,1224.2325,3353.77
3846,10-06-2023 05:00,1848,North,Pune,397,Clothing,UPI,0.1,1834.01,4,7336.04,733.604,6386.81
3847,10-06-2023 06:00,1876,North,Bangalore,471,Sports,Card,0.13,2356.63,9,21209.67,2757.2571,18122.81
3848,10-06-2023 07:00,1562,North,Mumbai,347,Clothing,NetBanking,0.14,3300.13,7,23100.91,3234.1274,19817.48
3849,10-06-2023 08:00,1756,East,Delhi,464,Clothing,Cash,0.08,3277.64,1,3277.64,262.2112,2736.86
3850,10-06-2023 09:00,1914,North,Bangalore,170,Sports,Card,0.11,4754.49,6,28526.94,3137.9634,25648.86
3851,10-06-2023 10:00,1425,South,Bangalore,255,Sports,Cash,0.18,4302.06,6,25812.36,4646.2248,21046.51
3852,10-06-2023 11:00,1546,West,Pune,201,Home,Cash,0.17,3990.36,2,7980.72,1356.7224,6289.3
3853,10-06-2023 12:00,1301,West,Delhi,112,Clothing,UPI,0.19,4762.97,6,28577.82,5429.7858,22871.22
3854,10-06-2023 13:00,1921,North,Mumbai,370,Sports,NetBanking,0.11,1230.75,2,2461.5,270.765,2211.26
3855,10-06-2023 14:00,1580,North,Pune,391,Clothing,Cash,0.09,3123.57,8,24988.56,2248.9704,22654.94
3856,10-06-2023 15:00,1348,North,Bangalore,319,Clothing,NetBanking,0.18,4447.26,7,31130.82,5603.5476,25539.8
3857,10-06-2023 16:00,1831,East,Pune,114,Clothing,UPI,0.04,3158.28,6,18949.68,757.9872,18117.72
3858,10-06-2023 17:00,1932,West,Pune,337,Electronics,Card,0.08,4889.36,6,29336.16,2346.8928,27504.66
3859,10-06-2023 18:00,1979,North,Chennai,216,Home,Card,0.01,591.73,9,5325.57,53.2557,5529.29
3860,10-06-2023 19:00,1048,South,Pune,430,Electronics,UPI,0.02,2252.72,9,20274.48,405.4896,19610.97
3861,10-06-2023 20:00,1916,North,Pune,155,Home,UPI,0.07,4889.08,2,9778.16,684.4712,8509.98
3862,10-06-2023 21:00,1073,West,Delhi,450,Clothing,Cash,,1959.88,3,5879.64,58.7964,5712.85
3863,10-06-2023 22:00,1703,North,Pune,231,Clothing,UPI,0.07,3723.83,7,26066.81,1824.6767,23901.01
3864,10-06-2023 23:00,1260,West,Mumbai,325,Sports,Card,0.2,248.97,9,2240.73,448.146,5096.16
3865,11-06-2023 00:00,1355,North,Bangalore,407,Home,NetBanking,0.02,3504.7,6,21028.2,420.564,20799.17
3866,11-06-2023 01:00,1581,South,Delhi,493,Home,NetBanking,0.13,4679.67,1,4679.67,608.3571,4068.21
3867,11-06-2023 02:00,1601,North,Pune,321,Electronics,NetBanking,0.27,1975.26,7,13826.82,3733.2414,10430.34
3868,11-06-2023 03:00,1259,South,Mumbai,272,Home,NetBanking,0.24,204.37,1,204.37,49.0488,133.15
3869,11-06-2023 04:00,1637,South,Bangalore,439,Clothing,UPI,0.09,236.76,5,1183.8,106.542,1011.69
3870,11-06-2023 05:00,1742,North,Delhi,384,Sports,UPI,0.28,4470.91,9,40238.19,11266.6932,28589.13
3871,11-06-2023 06:00,1294,South,Mumbai,408,Electronics,NetBanking,,3640.33,9,32762.97,3276.297,29298.87
3872,11-06-2023 07:00,1930,East,Pune,256,Sports,UPI,0.02,622.76,,622.76,12.4552,72
3873,11-06-2023 08:00,1640,North,Chennai,250,Home,Cash,0.3,367.49,6,2204.94,661.482,1855.14
3874,11-06-2023 09:00,1791,North,Chennai,284,Home,UPI,0.26,4043.64,3,12130.92,3154.0392,8581.83
3875,11-06-2023 10:00,1312,South,Delhi,277,Electronics,Cash,0.14,4068.32,9,36614.88,5126.0832,31555.01
3876,11-06-2023 11:00,1611,South,Mumbai,120,Home,Cash,0.2,690.56,3,2071.68,414.336,1583.34
3877,11-06-2023 12:00,1837,North,Bangalore,211,Sports,UPI,0.2,1577.45,2,3154.9,630.98,2640.52
3878,11-06-2023 13:00,1808,East,Mumbai,270,Clothing,NetBanking,0.06,3922.13,8,31377.04,1882.6224,29504.76
3879,11-06-2023 14:00,1181,South,Chennai,237,Electronics,Cash,0.06,2674.52,3,8023.56,481.4136,7145.32
3880,11-06-2023 15:00,1685,South,Delhi,332,Home,UPI,,4787.27,5,23936.35,3351.089,20485.45
3881,11-06-2023 16:00,1827,West,Pune,431,Sports,Card,0.27,2457.21,6,14743.26,3980.6802,11142.61
3882,11-06-2023 17:00,1363,East,Mumbai,129,Clothing,NetBanking,0,3417.09,1,3417.09,0,3170.14
3883,11-06-2023 18:00,1187,East,Chennai,480,Home,Card,0.23,2597.94,7,18185.58,4182.6834,14350.14
3884,11-06-2023 19:00,1568,North,Bangalore,406,Electronics,Cash,0.02,4720.53,7,33043.71,660.8742,32581.32
3885,11-06-2023 20:00,1542,East,Delhi,260,Home,Card,0.14,2053.43,5,10267.15,1437.401,8871.54
3886,11-06-2023 21:00,1595,North,Pune,177,Home,UPI,0.19,1226,9,11034,2096.46,8715.76
3887,11-06-2023 22:00,1663,West,Mumbai,377,Home,NetBanking,0.21,1700.51,2,3401.02,714.2142,2768.55
3888,11-06-2023 23:00,1984,East,Bangalore,419,Clothing,Cash,,4278.6,5,21393,427.86,20812.05
3889,12-06-2023 00:00,1547,South,Pune,120,Clothing,UPI,,2539.9,2,5079.8,660.374,4750.81
3890,12-06-2023 01:00,1724,West,Chennai,484,Home,NetBanking,0.18,1835.84,2,3671.68,660.9024,2624.56
3891,12-06-2023 02:00,1925,North,Chennai,462,Home,Cash,0.02,,9,24901.83,498.0366,24496.19
3892,12-06-2023 03:00,1407,West,Bangalore,471,Electronics,Cash,0.04,752.83,7,5269.81,210.7924,5067.64
3893,12-06-2023 04:00,1875,North,Chennai,479,Home,Cash,0.2,126.26,4,505.04,101.008,502.59
3894,12-06-2023 05:00,1617,West,Delhi,242,Sports,Cash,0.16,1474.86,8,11798.88,1887.8208,10126.39
3895,12-06-2023 06:00,1413,North,Bangalore,135,Sports,Card,0.05,3064.53,4,12258.12,612.906,11378.74
3896,12-06-2023 07:00,1341,East,Chennai,402,Electronics,Card,0.16,3587.24,1,3587.24,573.9584,2746.54
3897,12-06-2023 08:00,1219,South,Mumbai,313,Clothing,Card,0.27,4150.39,3,12451.17,3361.8159,9153.96
3898,12-06-2023 09:00,1902,North,Chennai,131,Home,Cash,0,4640.65,1,4640.65,0,4930.04
3899,12-06-2023 10:00,1162,West,Delhi,285,Electronics,Card,,2119.35,2,4238.7,805.353,3358.59
3900,12-06-2023 11:00,1950,North,Pune,273,Clothing,NetBanking,0.02,3728.53,,7457.06,149.1412,7739.29
3901,12-06-2023 12:00,1219,North,Pune,153,Electronics,Cash,0,465.9,7,3261.3,0,3171.31
3902,12-06-2023 13:00,1269,North,Chennai,260,Clothing,NetBanking,0.05,381.9,4,1527.6,76.38,1237.74
3903,12-06-2023 14:00,1631,West,Pune,349,Home,NetBanking,0.13,711.51,9,6403.59,832.4667,5707.4
3904,12-06-2023 15:00,1905,South,Chennai,350,Electronics,Card,0.24,2297.99,2,4595.98,1103.0352,3329.1
3905,12-06-2023 16:00,1847,East,Delhi,378,Home,Cash,0.08,,9,10217.52,817.4016,9240.01
3906,12-06-2023 17:00,1399,South,Pune,270,Electronics,Card,0.19,1505.93,6,9035.58,1716.7602,7396.82
3907,12-06-2023 18:00,1181,North,Mumbai,282,Clothing,Card,0.12,3274.61,8,26196.88,3143.6256,23332.82
3908,12-06-2023 19:00,1990,West,Chennai,101,Electronics,Card,0.07,1856.76,7,12997.32,909.8124,12178.21
3909,12-06-2023 20:00,1617,South,Pune,293,Sports,Cash,,2831.12,8,22648.96,3397.344,19284.11
3910,12-06-2023 21:00,1728,North,Delhi,265,Sports,Cash,0.24,2120.78,,19087.02,4580.8848,15083.21
3911,12-06-2023 22:00,1204,East,Delhi,346,Electronics,Card,0.25,927.95,8,7423.6,1855.9,5776.64
3912,12-06-2023 23:00,1581,East,Mumbai,343,Sports,NetBanking,0.25,462.7,6,2776.2,694.05,1980.6
3913,13-06-2023 00:00,1555,East,Delhi,209,Home,NetBanking,0.1,1257.53,8,10060.24,1006.024,9385.03
3914,13-06-2023 01:00,1840,North,Delhi,479,Sports,Cash,0.24,382.73,8,3061.84,734.8416,2255.14
3915,13-06-2023 02:00,1812,West,Pune,422,Sports,UPI,0.06,3131.2,2,6262.4,375.744,6067.72
3916,13-06-2023 03:00,1227,South,Chennai,170,Home,Card,0.22,3999.02,2,7998.04,1759.5688,6400.51
3917,13-06-2023 04:00,1695,East,Bangalore,263,Home,Card,0.28,1764.73,1,1764.73,494.1244,1271.41
3918,13-06-2023 05:00,1618,North,Delhi,384,Clothing,UPI,0,1996.84,2,3993.68,0,3776.43
3919,13-06-2023 06:00,1595,North,Delhi,474,Home,Cash,0.13,4099.34,7,28695.38,3730.3994,24956.71
3920,13-06-2023 07:00,1849,South,Bangalore,212,Electronics,NetBanking,0.19,1190.8,3,3572.4,678.756,2751.42
3921,13-06-2023 08:00,1249,East,Delhi,327,Sports,Cash,0.21,683.89,4,2735.56,574.4676,2240.09
3922,13-06-2023 09:00,1874,North,Pune,400,Clothing,NetBanking,0.05,2555.48,4,10221.92,511.096,39350.28
3923,13-06-2023 10:00,1440,South,Pune,115,Home,NetBanking,0.29,3266.33,4,13065.32,3788.9428,8685.2
3924,13-06-2023 11:00,1532,West,Bangalore,130,Sports,Cash,0.18,3038.31,2,6076.62,1093.7916,5084.13
3925,13-06-2023 12:00,1195,West,Delhi,261,Electronics,Card,0.05,3597.98,6,21587.88,1079.394,21386.07
3926,13-06-2023 13:00,1689,West,Delhi,405,Electronics,Card,0.01,378.08,1,378.08,3.7808,279.27
3927,13-06-2023 14:00,1928,East,Chennai,292,Clothing,Card,0.23,2198.19,5,10990.95,2527.9185,8759.71
3928,13-06-2023 15:00,1986,South,Delhi,309,Electronics,NetBanking,0.02,,2,2538,50.76,2709.83
3929,13-06-2023 16:00,1518,South,Pune,477,Sports,Card,0.04,3819.69,9,34377.21,1375.0884,32509.43
3930,13-06-2023 17:00,1069,North,Mumbai,331,Home,NetBanking,0.17,4376.38,2,8752.76,1487.9692,7414.1
3931,13-06-2023 18:00,1638,North,Mumbai,283,Electronics,Card,0.18,1478.55,6,8871.3,1596.834,7022.28
3932,13-06-2023 19:00,1398,North,Mumbai,114,Home,Cash,0.21,566.57,4,2266.28,475.9188,1731.11
3933,13-06-2023 20:00,1977,South,Mumbai,404,Sports,UPI,0.12,1341.8,6,8050.8,966.096,6646.92
3934,13-06-2023 21:00,1671,North,Delhi,308,Sports,NetBanking,0.23,609.64,2,1219.28,280.4344,1071.53
3935,13-06-2023 22:00,1759,South,Delhi,271,Home,Cash,0.29,1679.87,2,3359.74,974.3246,2283.11
3936,13-06-2023 23:00,1202,South,Chennai,365,Sports,NetBanking,0.08,2737.17,7,19160.19,1532.8152,18030.96
3937,14-06-2023 00:00,1147,West,Delhi,119,Clothing,NetBanking,,4871.04,3,14613.12,3068.7552,11136.49
3938,14-06-2023 01:00,1471,North,Mumbai,169,Electronics,Cash,0.28,2056.91,3,6170.73,1727.8044,4715.53
3939,14-06-2023 02:00,1654,West,Bangalore,107,Clothing,Card,0.21,1178.2,,8247.4,1731.954,6641.85
3940,14-06-2023 03:00,1943,East,Bangalore,133,Clothing,NetBanking,0.2,917.33,8,7338.64,1467.728,5613.41
3941,14-06-2023 04:00,1198,East,Pune,323,Clothing,UPI,0.07,947.89,7,6635.23,464.4661,5707.09
3942,14-06-2023 05:00,1916,East,Pune,278,Home,UPI,0.16,1043.73,3,3131.19,500.9904,2543.23
3943,14-06-2023 06:00,1425,South,Delhi,345,Home,Cash,0.17,3835.11,3,11505.33,1955.9061,9620.42
3944,14-06-2023 07:00,1665,South,Bangalore,359,Sports,UPI,0.21,399.04,7,2793.28,586.5888,1887.02
3945,14-06-2023 08:00,1491,South,Mumbai,207,Home,Cash,0.3,4987.27,3,14961.81,4488.543,10188.56
3946,14-06-2023 09:00,1887,North,Mumbai,341,Sports,Cash,0.01,2661.16,2,5322.32,53.2232,5566.23
3947,14-06-2023 10:00,1895,West,Mumbai,123,Home,NetBanking,0.02,2766.93,7,19368.51,387.3702,18746.69
3948,14-06-2023 11:00,1141,South,Delhi,315,Sports,Cash,0.02,1852.06,3,5556.18,111.1236,5619.03
3949,14-06-2023 12:00,1312,West,Delhi,154,Electronics,Cash,0.22,,5,17411.25,3830.475,13946.43
3950,14-06-2023 13:00,1164,West,Chennai,125,Sports,Card,,2410.14,7,16870.98,674.8392,15954.86
3951,14-06-2023 14:00,1313,West,Mumbai,380,Electronics,NetBanking,0.19,1712.4,2,3424.8,650.712,2399.23
3952,14-06-2023 15:00,1020,North,Mumbai,391,Sports,UPI,0.1,1399.18,8,11193.44,1119.344,10335.7
3953,14-06-2023 16:00,1081,North,Delhi,426,Home,Card,0.14,4635.69,2,9271.38,1297.9932,7883.74
3954,14-06-2023 17:00,1580,East,Delhi,285,Home,Card,,1525.85,4,6103.4,366.204,5605.56
3955,14-06-2023 18:00,1130,East,Chennai,111,Electronics,NetBanking,0.26,2238.33,4,8953.32,2327.8632,7054.05
3956,14-06-2023 19:00,1598,West,Chennai,228,Clothing,NetBanking,0.18,1816.67,8,14533.36,2616.0048,11837
3957,14-06-2023 20:00,1729,East,Pune,471,Clothing,Card,0.28,522.28,1,522.28,146.2384,459.34
3958,14-06-2023 21:00,1932,West,Bangalore,307,Sports,NetBanking,0.17,1011.08,9,9099.72,1546.9524,7069.32
3959,14-06-2023 22:00,1983,North,Mumbai,232,Home,NetBanking,0.04,1028.56,6,6171.36,246.8544,5901.6
3960,14-06-2023 23:00,1304,North,Mumbai,438,Clothing,Cash,0.05,3498.88,4,13995.52,699.776,13031.36
3961,15-06-2023 00:00,1914,North,Chennai,295,Home,NetBanking,0.3,2092.27,6,12553.62,3766.086,8635.44
3962,15-06-2023 01:00,1370,South,Chennai,361,Home,Cash,0.22,3931.64,6,23589.84,5189.7648,18230.32
3963,15-06-2023 02:00,1856,West,Pune,381,Home,Card,0.01,3573.86,9,32164.74,321.6474,32233.51
3964,15-06-2023 03:00,1852,North,Bangalore,468,Sports,Card,0.21,1041.04,4,4164.16,874.4736,3090.75
3965,15-06-2023 04:00,1383,West,Pune,202,Electronics,UPI,0.12,2858.29,8,22866.32,2743.9584,19961.93
3966,15-06-2023 05:00,1907,East,Bangalore,219,Sports,NetBanking,0.09,3740.25,1,3740.25,336.6225,3863.99
3967,15-06-2023 06:00,1444,East,Mumbai,282,Clothing,Card,0.05,3201.91,6,19211.46,960.573,18143.84
3968,15-06-2023 07:00,1424,North,Pune,108,Electronics,Cash,0.25,3040.08,5,15200.4,3800.1,11214.17
3969,15-06-2023 08:00,1160,West,Chennai,144,Clothing,Card,0.02,3724.09,3,11172.27,223.4454,11278.84
3970,15-06-2023 09:00,1177,North,Pune,343,Electronics,NetBanking,0.09,378.23,4,1512.92,136.1628,1381.54
3971,15-06-2023 10:00,1628,East,Pune,369,Electronics,UPI,0.09,3683.97,8,29471.76,2652.4584,26845.63
3972,15-06-2023 11:00,1707,North,Mumbai,211,Sports,UPI,0.05,1436.01,2,2872.02,143.601,2818.08
3973,15-06-2023 12:00,1894,West,Chennai,154,Home,Card,0.15,2902.17,8,23217.36,3482.604,20136.64
3974,15-06-2023 13:00,1489,East,Chennai,492,Home,UPI,0,1287.29,7,9011.03,0,8700.84
3975,15-06-2023 14:00,1326,South,Delhi,114,Electronics,NetBanking,0.09,4210.21,1,4210.21,378.9189,4174.62
3976,15-06-2023 15:00,1597,East,Delhi,136,Sports,NetBanking,0.28,2454.74,2,4909.48,1374.6544,3086.71
3977,15-06-2023 16:00,1288,South,Delhi,277,Clothing,UPI,0.09,3250.41,7,22752.87,2047.7583,20460.5
3978,15-06-2023 17:00,1592,North,Mumbai,226,Clothing,Cash,0.11,3991,3,11973,1317.03,10386.98
3979,15-06-2023 18:00,1663,North,Pune,216,Home,UPI,0.14,4487.04,2,8974.08,1256.3712,7675.4
3980,15-06-2023 19:00,1572,West,Chennai,439,Home,UPI,0.17,3687.1,1,3687.1,626.807,2835.23
3981,15-06-2023 20:00,1572,South,Chennai,171,Clothing,Card,0.24,828.97,7,5802.79,1392.6696,4791.42
3982,15-06-2023 21:00,1353,North,Pune,451,Clothing,Cash,0.06,4287.21,3,12861.63,771.6978,12245.96
3983,15-06-2023 22:00,1027,South,Chennai,210,Sports,UPI,0.26,3131.03,6,18786.18,4884.4068,13897.39
3984,15-06-2023 23:00,1953,North,Pune,248,Clothing,Card,0.23,3086.3,8,24690.4,5678.792,18748.15
3985,16-06-2023 00:00,1042,East,Mumbai,284,Sports,Card,0.22,4614.57,6,27687.42,6091.2324,22016.6
3986,16-06-2023 01:00,1680,North,Mumbai,204,Home,Card,0.03,1319.27,7,9234.89,277.0467,8987.35
3987,16-06-2023 02:00,1422,West,Mumbai,246,Clothing,NetBanking,0.01,1273.98,6,7643.88,76.4388,7492.21
3988,16-06-2023 03:00,1597,East,Pune,320,Home,Card,0.18,2614.65,7,18302.55,3294.459,14967.27
3989,16-06-2023 04:00,1176,West,Pune,413,Electronics,Card,0.26,3779.23,5,18896.15,4912.999,13916.58
3990,16-06-2023 05:00,1528,East,Bangalore,450,Electronics,NetBanking,0.18,2291.48,9,20623.32,3712.1976,17164.96
3991,16-06-2023 06:00,1609,South,Chennai,473,Electronics,NetBanking,0.06,3206.07,3,9618.21,577.0926,9380.22
3992,16-06-2023 07:00,1965,West,Chennai,105,Clothing,Card,0.03,2317.37,6,13904.22,417.1266,13209.31
3993,16-06-2023 08:00,1493,North,Bangalore,359,Home,UPI,0.21,3090.9,9,27818.1,5841.801,21780.61
3994,16-06-2023 09:00,1197,South,Bangalore,398,Clothing,Cash,0.22,4129.09,1,4129.09,908.3998,3039.97
3995,16-06-2023 10:00,1609,North,Mumbai,448,Home,NetBanking,0.05,984.34,5,4921.7,246.085,4771.57
3996,16-06-2023 11:00,1576,East,Bangalore,141,Sports,Cash,0.01,3507.35,4,14029.4,140.294,14188.52
3997,16-06-2023 12:00,1841,East,Pune,358,Clothing,NetBanking,0.12,3958.39,9,35625.51,4275.0612,30938.54
3998,16-06-2023 13:00,1852,North,Delhi,484,Electronics,Card,0.17,2290.85,1,2290.85,389.4445,1587.49
3999,16-06-2023 14:00,1516,North,Pune,370,Sports,NetBanking,0.21,1683.84,4,6735.36,1414.4256,5217.86
4000,16-06-2023 15:00,1513,South,Bangalore,146,Home,Card,0.24,166.37,1,166.37,39.9288,286.57
4001,16-06-2023 16:00,1021,North,Chennai,184,Clothing,Cash,0.18,4005.81,3,12017.43,2163.1374,9572
4002,16-06-2023 17:00,1111,West,Pune,273,Home,UPI,0.03,1706.9,,6827.6,204.828,6506.95
4003,16-06-2023 18:00,1056,West,Chennai,157,Home,Card,0.2,1850.82,1,1850.82,370.164,1264.21
4004,16-06-2023 19:00,1065,North,Pune,298,Clothing,Cash,0.3,1746.43,5,8732.15,2619.645,6339.76
4005,16-06-2023 20:00,1841,West,Chennai,308,Clothing,Cash,0.27,2543.82,,15262.92,4120.9884,11109.07
4006,16-06-2023 21:00,1097,North,Pune,347,Home,NetBanking,0.26,3542.25,1,3542.25,920.985,2402.65
4007,16-06-2023 22:00,1143,South,Chennai,310,Home,Card,0.09,3882.13,4,15528.52,1397.5668,13778.05
4008,16-06-2023 23:00,1879,West,Delhi,138,Sports,Cash,,2023.6,4,8094.4,1861.712,6113.87
4009,17-06-2023 00:00,1434,West,Mumbai,351,Electronics,UPI,0.26,3349.2,1,3349.2,870.792,2399.22
4010,17-06-2023 01:00,1636,North,Pune,230,Home,NetBanking,0.2,3631.35,2,7262.7,1452.54,6064.35
4011,17-06-2023 02:00,1678,West,Delhi,390,Electronics,NetBanking,0.08,1554.89,5,7774.45,621.956,7457.95
4012,17-06-2023 03:00,1085,East,Mumbai,349,Sports,Cash,0.29,573.45,2,1146.9,332.601,459.38
4013,17-06-2023 04:00,1587,South,Pune,151,Electronics,Card,0.14,4483.86,3,13451.58,1883.2212,11863.73
4014,17-06-2023 05:00,1343,South,Delhi,473,Electronics,NetBanking,0.04,3417.87,9,30760.83,1230.4332,29744.17
4015,17-06-2023 06:00,1935,West,Delhi,113,Sports,Card,0.03,3275.74,5,16378.7,491.361,15728.03
4016,17-06-2023 07:00,1293,West,Delhi,255,Home,Cash,0.19,388.62,1,388.62,73.8378,542.16
4017,17-06-2023 08:00,1955,East,Bangalore,129,Electronics,Cash,,4107.58,5,20537.9,2669.927,17630.33
4018,17-06-2023 09:00,1570,East,Chennai,189,Home,Card,0.03,2873.67,3,8621.01,258.6303,8484.07
4019,17-06-2023 10:00,1649,West,Mumbai,490,Home,UPI,0.22,4254.63,1,4254.63,936.0186,4046.18
4020,17-06-2023 11:00,1610,West,Chennai,266,Clothing,NetBanking,0.24,4875.35,3,14626.05,3510.252,11184.96
4021,17-06-2023 12:00,1703,East,Chennai,450,Home,Cash,0.22,4789.79,6,28738.74,6322.5228,22313.68
4022,17-06-2023 13:00,1242,North,Chennai,168,Home,UPI,0.06,4294.84,5,21474.2,1288.452,19791.61
4023,17-06-2023 14:00,1830,East,Delhi,262,Electronics,UPI,0.21,,1,153.64,32.2644,146.01
4024,17-06-2023 15:00,1560,North,Chennai,341,Home,Card,0,4440.06,2,8880.12,0,9179.49
4025,17-06-2023 16:00,1959,South,Bangalore,482,Home,Card,,467.81,5,2339.05,210.5145,1915.73
4026,17-06-2023 17:00,1031,South,Pune,151,Clothing,Card,0.12,4270.85,9,38437.65,4612.518,33987.42
4027,17-06-2023 18:00,1390,East,Delhi,241,Clothing,UPI,0.25,1472.85,5,7364.25,1841.0625,5444.19
4028,17-06-2023 19:00,1276,North,Mumbai,162,Electronics,NetBanking,0.12,3089.33,5,15446.65,1853.598,13473.51
4029,17-06-2023 20:00,1531,East,Pune,391,Electronics,Card,0,286.53,1,286.53,0,433.32
4030,17-06-2023 21:00,1153,East,Pune,190,Clothing,NetBanking,0.11,3878.79,5,19393.95,2133.3345,16692.66
4031,17-06-2023 22:00,1382,North,Pune,251,Clothing,Card,0.15,647.36,8,5178.88,776.832,4344.64
4032,17-06-2023 23:00,1067,East,Chennai,256,Sports,UPI,0.28,2112.37,9,19011.33,5323.1724,13984.27
4033,18-06-2023 00:00,1877,South,Chennai,408,Home,NetBanking,0.28,4105.49,3,12316.47,3448.6116,8812.42
4034,18-06-2023 01:00,1883,West,Delhi,464,Electronics,NetBanking,0.05,3507.21,4,14028.84,701.442,13329.5
4035,18-06-2023 02:00,1213,West,Chennai,249,Electronics,UPI,0.06,129.61,7,907.27,54.4362,813.02
4036,18-06-2023 03:00,1654,East,Chennai,427,Home,NetBanking,0.05,2074.86,7,14524.02,726.201,14371.6
4037,18-06-2023 04:00,1375,North,Chennai,370,Home,UPI,0.24,305.44,1,305.44,73.3056,347.59
4038,18-06-2023 05:00,1743,North,Delhi,468,Electronics,UPI,0,3400.15,6,20400.9,0,20018.08
4039,18-06-2023 06:00,1212,South,Delhi,168,Clothing,Cash,0.04,4847.85,9,43630.65,1745.226,41625.64
4040,18-06-2023 07:00,1078,North,Bangalore,215,Clothing,Card,0.16,3310.78,5,16553.9,2648.624,13933.46
4041,18-06-2023 08:00,1725,North,Bangalore,291,Home,Cash,0.07,1199.42,8,9595.36,671.6752,9301.04
4042,18-06-2023 09:00,1627,South,Bangalore,103,Electronics,UPI,0.03,1840.64,9,16565.76,496.9728,16267.12
4043,18-06-2023 10:00,1603,East,Bangalore,174,Home,UPI,0.11,4885.59,3,14656.77,1612.2447,13342.24
4044,18-06-2023 11:00,1781,West,Pune,397,Clothing,NetBanking,0.08,1197.86,1,1197.86,95.8288,763.1
4045,18-06-2023 12:00,1922,South,Pune,340,Sports,UPI,0.15,2851.49,2,5702.98,855.447,5036.77
4046,18-06-2023 13:00,1380,East,Bangalore,129,Sports,UPI,0.29,2062.22,5,10311.1,2990.219,7099.55
4047,18-06-2023 14:00,1679,South,Bangalore,242,Clothing,UPI,0.04,,7,27053.18,1082.1272,25935.05
4048,18-06-2023 15:00,1057,East,Mumbai,425,Home,Card,0.11,4350.21,6,26101.26,2871.1386,23485.15
4049,18-06-2023 16:00,1795,South,Pune,282,Sports,Cash,0.28,1770.1,4,7080.4,1982.512,4927.3
4050,18-06-2023 17:00,1025,East,Mumbai,115,Clothing,Cash,0.26,3335.94,9,30023.46,7806.0996,21785.28
4051,18-06-2023 18:00,1880,South,Mumbai,210,Electronics,Card,0.12,2790.33,4,11161.32,1339.3584,9711.53
4052,18-06-2023 19:00,1446,East,Chennai,459,Home,Card,0.21,1464.38,3,4393.14,922.5594,3506.9
4053,18-06-2023 20:00,1065,South,Delhi,300,Home,Card,0.03,1432.51,5,7162.55,214.8765,7152.55
4054,18-06-2023 21:00,1920,West,Pune,206,Sports,Cash,0.21,2739.3,4,10957.2,2301.012,8389.46
4055,18-06-2023 22:00,1759,West,Bangalore,478,Home,Cash,0.29,854.61,2,1709.22,495.6738,1047.32
4056,18-06-2023 23:00,1253,North,Bangalore,261,Sports,UPI,0.16,4072.97,3,12218.91,1955.0256,10328.45
4057,19-06-2023 00:00,1898,East,Delhi,382,Sports,Cash,0.15,438.12,7,3066.84,460.026,2770.56
4058,19-06-2023 01:00,1967,South,Pune,368,Clothing,NetBanking,0.06,563.41,2,1126.82,67.6092,1120.08
4059,19-06-2023 02:00,1043,East,Bangalore,254,Sports,Cash,0.19,1776.91,1,1776.91,337.6129,1395.34
4060,19-06-2023 03:00,1096,West,Bangalore,172,Electronics,Card,0.18,678.65,2,1357.3,244.314,891.13
4061,19-06-2023 04:00,1553,East,Chennai,296,Home,Cash,0.2,2430.93,8,19447.44,3889.488,15824.09
4062,19-06-2023 05:00,1226,South,Mumbai,342,Sports,UPI,0.01,2058.41,8,16467.28,164.6728,16666.67
4063,19-06-2023 06:00,1773,East,Bangalore,185,Home,Cash,0.16,3636.87,2,7273.74,1163.7984,5934.61
4064,19-06-2023 07:00,1678,South,Pune,386,Sports,Card,,4769.72,6,28618.32,5151.2976,23324.7
4065,19-06-2023 08:00,1435,West,Delhi,358,Clothing,NetBanking,0.06,3792.44,7,26547.08,1592.8248,25159.36
4066,19-06-2023 09:00,1790,West,Chennai,385,Electronics,Card,0.06,979.3,1,979.3,58.758,970.73
4067,19-06-2023 10:00,1600,West,Pune,248,Home,NetBanking,0.08,,7,32788.35,2623.068,30339.85
4068,19-06-2023 11:00,1378,North,Chennai,454,Clothing,UPI,0.21,2021.45,8,16171.6,3396.036,12856.87
4069,19-06-2023 12:00,1177,West,Mumbai,489,Home,UPI,0.18,2423.53,9,21811.77,3926.1186,17999.57
4070,19-06-2023 13:00,1426,East,Bangalore,289,Clothing,Cash,0.25,2165.72,8,17325.76,4331.44,12872.16
4071,19-06-2023 14:00,1914,North,Pune,316,Electronics,UPI,0.09,1474.68,3,4424.04,398.1636,3426.48
4072,19-06-2023 15:00,1708,West,Delhi,454,Sports,UPI,0.27,4485.72,8,35885.76,9689.1552,26254.6
4073,19-06-2023 16:00,1306,East,Mumbai,185,Clothing,Card,0.22,1727.97,3,5183.91,1140.4602,4250.43
4074,19-06-2023 17:00,1778,East,Mumbai,315,Home,Card,0.12,2935.12,6,17610.72,2113.2864,15583.18
4075,19-06-2023 18:00,1503,East,Chennai,419,Home,Cash,,1276.16,4,5104.64,153.1392,18910.8
4076,19-06-2023 19:00,1267,South,Mumbai,217,Clothing,Cash,0.08,4007.14,7,28049.98,2243.9984,25632.34
4077,19-06-2023 20:00,1585,North,Pune,469,Electronics,Cash,0.29,3893.57,8,31148.56,9033.0824,22852.61
4078,19-06-2023 21:00,1007,East,Chennai,186,Electronics,Cash,,1551.93,6,9311.58,838.0422,8579.07
4079,19-06-2023 22:00,1919,South,Mumbai,139,Sports,Card,0.1,3439.61,4,13758.44,1375.844,11678.28
4080,19-06-2023 23:00,1507,West,Delhi,260,Sports,Cash,0.06,3548.98,8,28391.84,1703.5104,26516.06
4081,20-06-2023 00:00,1475,East,Pune,290,Home,Cash,0.24,2856.31,7,19994.17,4798.6008,15130.46
4082,20-06-2023 01:00,1296,South,Delhi,124,Home,UPI,0.08,3042.93,8,24343.44,1947.4752,22024.45
4083,20-06-2023 02:00,1163,East,Delhi,251,Sports,Cash,0.1,2914.83,7,20403.81,2040.381,18324.48
4084,20-06-2023 03:00,1484,North,Chennai,194,Sports,NetBanking,,501.14,3,1503.42,180.4104,1175.13
4085,20-06-2023 04:00,1596,North,Bangalore,145,Sports,UPI,0.13,3384.3,3,10152.9,1319.877,8891.78
4086,20-06-2023 05:00,1071,West,Chennai,237,Clothing,Card,,2401.9,9,21617.1,2594.052,18937.61
4087,20-06-2023 06:00,1566,East,Pune,387,Sports,NetBanking,0.15,2248.44,7,15739.08,2360.862,13168.21
4088,20-06-2023 07:00,1904,South,Pune,452,Clothing,Cash,0.24,4314,1,4314,1035.36,3176.99
4089,20-06-2023 08:00,1558,West,Chennai,263,Clothing,UPI,0.25,213.81,3,641.43,160.3575,735.19
4090,20-06-2023 09:00,1910,East,Bangalore,499,Sports,Cash,0.24,1331.44,1,1331.44,319.5456,1031.12
4091,20-06-2023 10:00,1943,West,Chennai,115,Electronics,UPI,0.03,694.88,6,4169.28,125.0784,3979.65
4092,20-06-2023 11:00,1237,South,Pune,117,Electronics,Cash,0.24,273.17,2,546.34,131.1216,520.59
4093,20-06-2023 12:00,1103,West,Bangalore,235,Home,NetBanking,0.04,1450.82,7,10155.74,406.2296,9749.03
4094,20-06-2023 13:00,1209,West,Pune,346,Sports,Card,0.04,4943.53,8,39548.24,1581.9296,37634.34
4095,20-06-2023 14:00,1553,West,Bangalore,347,Home,NetBanking,0.28,1424.12,6,8544.72,2392.5216,6358.16
4096,20-06-2023 15:00,1827,East,Bangalore,430,Sports,NetBanking,0.25,3352.16,5,16760.8,4190.2,12383.29
4097,20-06-2023 16:00,1467,South,Chennai,297,Home,Card,0.17,679.66,4,2718.64,462.1688,2153.7
4098,20-06-2023 17:00,1453,North,Chennai,100,Clothing,UPI,0.26,,9,27441.45,7134.777,19852.6
4099,20-06-2023 18:00,1267,East,Chennai,289,Sports,UPI,0.3,4923.96,8,39391.68,11817.504,27820.76
4100,20-06-2023 19:00,1385,North,Bangalore,480,Electronics,Card,0.18,1530,5,7650,1377,6310.4
4101,20-06-2023 20:00,1774,North,Bangalore,393,Sports,Cash,0.18,4255.57,1,4255.57,766.0026,3575.02
4102,20-06-2023 21:00,1847,East,Pune,144,Home,UPI,0.23,4988.1,8,39904.8,9178.104,30970.84
4103,20-06-2023 22:00,1386,East,Delhi,436,Home,NetBanking,0.07,2983.92,8,23871.36,1670.9952,22447.08
4104,20-06-2023 23:00,1876,South,Chennai,484,Home,Card,0.05,1616.07,7,11312.49,565.6245,10535.58
4105,21-06-2023 00:00,1258,South,Pune,131,Home,NetBanking,0.23,3400.3,7,23802.1,5474.483,18331.25
4106,21-06-2023 01:00,1282,West,Pune,491,Home,UPI,0.1,4239.76,8,33918.08,3391.808,30500.52
4107,21-06-2023 02:00,1625,North,Mumbai,217,Home,Card,0.04,939.62,1,939.62,37.5848,847.85
4108,21-06-2023 03:00,1874,South,Chennai,395,Electronics,Card,0.09,2317.33,3,6951.99,625.6791,6084.96
4109,21-06-2023 04:00,1039,West,Pune,283,Home,UPI,0.11,1664.02,4,6656.08,732.1688,6351.42
4110,21-06-2023 05:00,1485,South,Mumbai,290,Electronics,UPI,0.29,1488.46,6,8930.76,2589.9204,6645.09
4111,21-06-2023 06:00,1928,East,Chennai,334,Sports,Card,0.21,4318.02,9,38862.18,8161.0578,30834.15
4112,21-06-2023 07:00,1219,South,Bangalore,337,Clothing,Cash,0.16,2166.1,4,8664.4,1386.304,7685.14
4113,21-06-2023 08:00,1128,North,Mumbai,315,Electronics,Card,0.29,1761.47,6,10568.82,3064.9578,7646.19
4114,21-06-2023 09:00,1519,South,Bangalore,173,Sports,Cash,0.27,3057.2,9,27514.8,7428.996,19994.87
4115,21-06-2023 10:00,1612,North,Delhi,210,Clothing,NetBanking,0.15,1175.07,9,10575.63,1586.3445,8862.84
4116,21-06-2023 11:00,1927,East,Delhi,202,Electronics,Cash,0.27,1226.48,6,7358.88,1986.8976,5487.7
4117,21-06-2023 12:00,1891,North,Delhi,458,Electronics,Cash,0.12,2649.41,5,13247.05,1589.646,11243.97
4118,21-06-2023 13:00,1687,South,Delhi,173,Sports,UPI,0.07,2105.44,3,6316.32,442.1424,6134.18
4119,21-06-2023 14:00,1618,West,Pune,351,Home,Card,0.07,1545.41,5,7727.05,540.8935,6697.61
4120,21-06-2023 15:00,1612,East,Delhi,213,Electronics,NetBanking,0.2,364.36,3,1093.08,218.616,1205.18
4121,21-06-2023 16:00,1259,South,Pune,478,Electronics,Card,0.15,2651.79,5,13258.95,1988.8425,11419.12
4122,21-06-2023 17:00,1989,East,Pune,412,Sports,Cash,0.2,4101.39,1,4101.39,820.278,3866.33
4123,21-06-2023 18:00,1965,East,Chennai,429,Home,Cash,0.21,4271.75,6,25630.5,5382.405,20302.12
4124,21-06-2023 19:00,1365,South,Pune,438,Clothing,Cash,0.01,1253.66,7,8775.62,87.7562,8884.65
4125,21-06-2023 20:00,1757,South,Pune,337,Home,Card,,3038.24,2,6076.48,121.5296,6164.05
4126,21-06-2023 21:00,1786,West,Delhi,272,Home,Cash,0.16,4293.82,3,12881.46,2061.0336,10554.75
4127,21-06-2023 22:00,1543,East,Pune,178,Sports,Card,0.06,2102.76,9,18924.84,1135.4904,17469.14
4128,21-06-2023 23:00,1648,East,Bangalore,485,Home,NetBanking,0.19,4667.47,8,37339.76,7094.5544,29965.07
4129,22-06-2023 00:00,1523,South,Delhi,192,Sports,NetBanking,0.17,4524.59,4,18098.36,3076.7212,15011.82
4130,22-06-2023 01:00,1906,North,Mumbai,149,Clothing,Card,0.18,1119.86,,8958.88,1612.5984,7344.1
4131,22-06-2023 02:00,1813,South,Delhi,384,Electronics,NetBanking,0.09,1368.93,8,10951.44,985.6296,9976.03
4132,22-06-2023 03:00,1886,East,Pune,322,Electronics,UPI,0.19,984.17,6,5905.02,1121.9538,19725.24
4133,22-06-2023 04:00,1015,South,Bangalore,180,Sports,Cash,0.25,1060.67,1,1060.67,265.1675,572.65
4134,22-06-2023 05:00,1128,West,Delhi,365,Sports,Cash,0.3,4548.52,2,9097.04,2729.112,6619.62
4135,22-06-2023 06:00,1574,North,Bangalore,254,Home,Cash,0.25,4662.58,4,18650.32,4662.58,14116.9
4136,22-06-2023 07:00,1108,South,Mumbai,472,Home,UPI,0.17,354.3,4,1417.2,240.924,1650.48
4137,22-06-2023 08:00,1886,West,Mumbai,332,Electronics,Cash,0.06,3008.66,2,6017.32,361.0392,5785.56
4138,22-06-2023 09:00,1532,East,Chennai,498,Electronics,Card,0.2,2864.73,9,25782.57,5156.514,20605.22
4139,22-06-2023 10:00,1669,South,Chennai,415,Electronics,Cash,0.28,2013.68,2,4027.36,1127.6608,3543.94
4140,22-06-2023 11:00,1268,East,Delhi,335,Sports,Card,0.06,3195.32,6,19171.92,1150.3152,17996.42
4141,22-06-2023 12:00,1161,West,Chennai,258,Clothing,NetBanking,,4742.1,5,23710.5,1896.84,21900.51
4142,22-06-2023 13:00,1259,East,Bangalore,415,Clothing,Card,0.04,,4,3737,149.48,3717.88
4143,22-06-2023 14:00,1923,West,Chennai,350,Sports,Card,0.22,,6,4140.06,910.8132,3508.56
4144,22-06-2023 15:00,1101,West,Bangalore,413,Home,Card,0.12,263.61,4,1054.44,126.5328,953.56
4145,22-06-2023 16:00,1505,West,Chennai,400,Clothing,Cash,0.02,1882.78,9,16945.02,338.9004,17436.23
4146,22-06-2023 17:00,1734,South,Chennai,479,Home,UPI,0.26,1754.38,7,12280.66,3192.9716,8915.7
4147,22-06-2023 18:00,1570,East,Chennai,381,Electronics,UPI,0.17,2211.02,3,6633.06,1127.6202,5952.31
4148,22-06-2023 19:00,1246,East,Pune,201,Electronics,Card,0.1,2566.22,4,10264.88,1026.488,8799.68
4149,22-06-2023 20:00,1639,North,Pune,150,Home,Cash,0.1,3813.34,1,3813.34,381.334,3136.64
4150,22-06-2023 21:00,1794,North,Chennai,151,Electronics,UPI,0.09,,6,12128.16,1091.5344,10569.76
4151,22-06-2023 22:00,1836,North,Bangalore,308,Sports,NetBanking,0.14,1720,2,3440,481.6,2680.83
4152,22-06-2023 23:00,1536,North,Delhi,406,Home,NetBanking,0.1,4151.71,4,16606.84,1660.684,14455.35
4153,23-06-2023 00:00,1130,East,Mumbai,230,Home,Cash,0.16,4264,5,21320,3411.2,17941.26
4154,23-06-2023 01:00,1352,West,Pune,369,Home,NetBanking,,1240.55,8,9924.4,2282.612,7373.92
4155,23-06-2023 02:00,1195,West,Chennai,304,Clothing,NetBanking,0.2,1641.89,3,4925.67,985.134,4394.97
4156,23-06-2023 03:00,1792,South,Mumbai,318,Home,NetBanking,0.09,4143.07,6,24858.42,2237.2578,22771.96
4157,23-06-2023 04:00,1915,West,Pune,356,Home,UPI,0.16,489.1,1,489.1,78.256,430.84
4158,23-06-2023 05:00,1929,East,Delhi,284,Home,NetBanking,0.25,,9,15269.85,3817.4625,11532.11
4159,23-06-2023 06:00,1665,East,Bangalore,244,Clothing,Card,0.02,2296.92,1,2296.92,45.9384,2444.79
4160,23-06-2023 07:00,1381,East,Chennai,277,Electronics,Card,0.02,1016.65,2,2033.3,40.666,2350.45
4161,23-06-2023 08:00,1644,South,Delhi,113,Clothing,NetBanking,0.17,981.58,1,981.58,166.8686,665.54
4162,23-06-2023 09:00,1226,North,Pune,345,Sports,Card,0.19,,8,17454.56,3316.3664,13933.71
4163,23-06-2023 10:00,1700,West,Chennai,286,Home,UPI,0.06,3797.16,4,15188.64,911.3184,14401.76
4164,23-06-2023 11:00,1475,East,Mumbai,436,Sports,Cash,,4217.14,2,8434.28,1855.5416,7049.42
4165,23-06-2023 12:00,1476,East,Bangalore,358,Clothing,Card,0.19,4898.25,7,34287.75,6514.6725,27364.5
4166,23-06-2023 13:00,1264,North,Pune,453,Electronics,NetBanking,0.28,462.52,8,3700.16,1036.0448,2783.87
4167,23-06-2023 14:00,1371,East,Bangalore,139,Electronics,Cash,0.05,1161.74,9,10455.66,522.783,10320.17
4168,23-06-2023 15:00,1485,West,Chennai,188,Home,Cash,0.23,3807.49,5,19037.45,4378.6135,14843.53
4169,23-06-2023 16:00,1433,South,Delhi,224,Electronics,NetBanking,0.03,2748.93,3,8246.79,247.4037,8098.99
4170,23-06-2023 17:00,1645,East,Bangalore,450,Clothing,Card,0.17,1705.63,1,1705.63,289.9571,1577.78
4171,23-06-2023 18:00,1210,West,Mumbai,108,Clothing,UPI,0.17,1107.39,8,8859.12,1506.0504,7894.08
4172,23-06-2023 19:00,1571,East,Pune,449,Electronics,Card,0.12,1474.34,6,8846.04,1061.5248,8023
4173,23-06-2023 20:00,1939,North,Mumbai,183,Home,Card,0.25,,5,11017.6,2754.4,7797.86
4174,23-06-2023 21:00,1376,East,Bangalore,120,Home,UPI,0,968.04,7,6776.28,0,6750.91
4175,23-06-2023 22:00,1394,East,Delhi,380,Clothing,Cash,0.16,4824.71,5,24123.55,3859.768,20290.05
4176,23-06-2023 23:00,1449,South,Delhi,457,Electronics,UPI,0.07,627.18,4,2508.72,175.6104,2640.87
4177,24-06-2023 00:00,1942,North,Mumbai,477,Clothing,UPI,0.22,4929.33,5,24646.65,5422.263,19249.37
4178,24-06-2023 01:00,1363,North,Chennai,271,Clothing,NetBanking,0.01,4225.28,7,29576.96,295.7696,29286
4179,24-06-2023 02:00,1875,South,Chennai,124,Sports,NetBanking,0.25,2173.44,6,13040.64,3260.16,9793.29
4180,24-06-2023 03:00,1456,East,Delhi,492,Clothing,Card,0.25,,9,33525.9,8381.475,25216.38
4181,24-06-2023 04:00,1724,West,Mumbai,202,Home,NetBanking,0.25,3390.42,2,6780.84,1695.21,5057.61
4182,24-06-2023 05:00,1727,North,Mumbai,289,Electronics,UPI,0.05,1145.11,,8015.77,400.7885,7489.24
4183,24-06-2023 06:00,1225,North,Mumbai,335,Electronics,UPI,,1761.44,1,1761.44,334.6736,1382.45
4184,24-06-2023 07:00,1981,East,Bangalore,412,Sports,NetBanking,0,2614.3,8,20914.4,0,21005.94
4185,24-06-2023 08:00,1130,East,Chennai,136,Sports,NetBanking,0.25,3225.44,4,12901.76,3225.44,9862.52
4186,24-06-2023 09:00,1587,North,Chennai,371,Home,NetBanking,0.22,2760.19,8,22081.52,4857.9344,18044.52
4187,24-06-2023 10:00,1475,East,Bangalore,392,Sports,UPI,0.16,2417.64,8,19341.12,3094.5792,15847.78
4188,24-06-2023 11:00,1797,West,Pune,431,Clothing,Cash,0.22,2271.45,4,9085.8,1998.876,7263.08
4189,24-06-2023 12:00,1985,North,Bangalore,251,Clothing,Cash,0.03,2541.5,4,10166,304.98,10303.75
4190,24-06-2023 13:00,1276,West,Mumbai,381,Home,NetBanking,0.16,2228.32,5,11141.6,1782.656,9126.9
4191,24-06-2023 14:00,1155,West,Bangalore,119,Electronics,Card,0.09,2752.52,7,19267.64,1734.0876,17738.95
4192,24-06-2023 15:00,1759,East,Mumbai,236,Home,Card,0.29,4451.13,6,26706.78,7744.9662,18852.35
4193,24-06-2023 16:00,1217,West,Delhi,458,Sports,Cash,0.26,3200.86,1,3200.86,832.2236,2213.71
4194,24-06-2023 17:00,1189,East,Mumbai,128,Electronics,NetBanking,0.22,3640.84,6,21845.04,4805.9088,16819.19
4195,24-06-2023 18:00,1416,South,Chennai,130,Electronics,UPI,0.28,3027.67,3,9083.01,2543.2428,6512.56
4196,24-06-2023 19:00,1980,East,Bangalore,118,Electronics,Card,0.1,3250.79,9,29257.11,2925.711,26292.94
4197,24-06-2023 20:00,1674,West,Mumbai,247,Sports,Card,0.27,2933.91,3,8801.73,2376.4671,6651.25
4198,24-06-2023 21:00,1691,South,Pune,382,Clothing,UPI,0.1,231.65,9,2084.85,208.485,1443.12
4199,24-06-2023 22:00,1545,East,Delhi,449,Clothing,UPI,0.22,4998.03,,24990.15,5497.833,19747.32
4200,24-06-2023 23:00,1040,West,Pune,440,Sports,NetBanking,0.22,264.69,8,2117.52,465.8544,1900
4201,25-06-2023 00:00,1306,North,Pune,399,Sports,UPI,0.01,2036.23,9,18326.07,183.2607,18235.49
4202,25-06-2023 01:00,1942,North,Pune,262,Home,UPI,0.11,615.07,9,5535.63,608.9193,5613.06
4203,25-06-2023 02:00,1337,East,Delhi,212,Home,UPI,0.01,574.95,7,4024.65,40.2465,4354.43
4204,25-06-2023 03:00,1313,East,Delhi,249,Clothing,Cash,0.3,3988.28,1,3988.28,1196.484,2641.53
4205,25-06-2023 04:00,1074,North,Delhi,429,Sports,UPI,0.04,2187.04,8,17496.32,699.8528,16439.62
4206,25-06-2023 05:00,1952,West,Delhi,354,Home,Card,0.16,4025.58,7,28179.06,4508.6496,23464.06
4207,25-06-2023 06:00,1278,West,Pune,186,Sports,NetBanking,0.24,1436.65,4,5746.6,1379.184,4193.11
4208,25-06-2023 07:00,1175,West,Chennai,498,Sports,NetBanking,,1356.67,6,8140.02,488.4012,7103.16
4209,25-06-2023 08:00,1895,East,Chennai,449,Clothing,NetBanking,0.15,1331.03,2,2662.06,399.309,2411.03
4210,25-06-2023 09:00,1661,South,Delhi,197,Clothing,Cash,0.18,3119.11,4,12476.44,2245.7592,9836.52
4211,25-06-2023 10:00,1272,South,Bangalore,496,Sports,Card,0.05,4093.5,8,32748,1637.4,31180.51
4212,25-06-2023 11:00,1836,South,Mumbai,231,Electronics,UPI,0.23,2316.08,4,9264.32,2130.7936,7414.88
4213,25-06-2023 12:00,1619,South,Bangalore,411,Electronics,Card,0.09,1958.32,4,7833.28,704.9952,7548.13
4214,25-06-2023 13:00,1650,South,Bangalore,196,Sports,NetBanking,0.06,4870.54,4,19482.16,1168.9296,18237.81
4215,25-06-2023 14:00,1861,East,Bangalore,197,Clothing,UPI,0.17,672.09,9,6048.81,1028.2977,4805.63
4216,25-06-2023 15:00,1782,East,Chennai,389,Electronics,NetBanking,0.12,2484.5,2,4969,596.28,4773.64
4217,25-06-2023 16:00,1858,South,Mumbai,455,Clothing,NetBanking,0.28,2101.59,7,14711.13,4119.1164,44175.76
4218,25-06-2023 17:00,1930,East,Bangalore,326,Electronics,NetBanking,0.26,580.82,3,1742.46,453.0396,1494.21
4219,25-06-2023 18:00,1288,East,Delhi,244,Sports,Card,0.15,1414.18,4,5656.72,848.508,4600.64
4220,25-06-2023 19:00,1723,South,Chennai,255,Home,Card,0.11,239.36,1,239.36,26.3296,-182.06
4221,25-06-2023 20:00,1892,West,Delhi,369,Home,NetBanking,0.1,4397.08,3,13191.24,1319.124,12206.99
4222,25-06-2023 21:00,1271,East,Delhi,261,Clothing,NetBanking,0.08,3078.46,2,6156.92,492.5536,5645.88
4223,25-06-2023 22:00,1929,West,Bangalore,211,Clothing,UPI,0.16,4093.59,7,28655.13,4584.8208,24442.24
4224,25-06-2023 23:00,1065,East,Delhi,430,Electronics,NetBanking,0.24,2655.62,6,15933.72,3824.0928,11910.06
4225,26-06-2023 00:00,1482,East,Mumbai,284,Sports,NetBanking,0.09,3037.6,1,3037.6,273.384,3096.83
4226,26-06-2023 01:00,1935,South,Delhi,304,Electronics,NetBanking,0.06,3534.19,8,28273.52,1696.4112,26999.36
4227,26-06-2023 02:00,1247,East,Bangalore,196,Sports,NetBanking,0.14,4549.26,9,40943.34,5732.0676,35138.66
4228,26-06-2023 03:00,1155,North,Delhi,476,Sports,Card,0.02,549.58,1,549.58,10.9916,631.17
4229,26-06-2023 04:00,1046,North,Chennai,154,Clothing,NetBanking,0.21,1721.65,5,8608.25,1807.7325,6452.16
4230,26-06-2023 05:00,1934,South,Chennai,216,Home,Cash,0.16,3574.23,7,25019.61,4003.1376,20675.67
4231,26-06-2023 06:00,1453,West,Chennai,192,Home,NetBanking,0.15,4795.92,2,9591.84,1438.776,8248.25
4232,26-06-2023 07:00,1200,West,Pune,392,Clothing,Card,0.09,4905.96,6,29435.76,2649.2184,26624.49
4233,26-06-2023 08:00,1659,West,Chennai,303,Home,Cash,0.27,3226.7,8,25813.6,6969.672,18916.14
4234,26-06-2023 09:00,1123,North,Chennai,381,Clothing,Cash,0.03,1048.63,8,8389.04,251.6712,8186.52
4235,26-06-2023 10:00,1000,West,Pune,288,Electronics,NetBanking,0.26,684.12,8,5472.96,1422.9696,4245.74
4236,26-06-2023 11:00,1967,West,Chennai,422,Sports,NetBanking,0.11,4735.61,6,28413.66,3125.5026,25447.07
4237,26-06-2023 12:00,1758,South,Bangalore,183,Home,Card,0.26,2226.25,6,13357.5,3472.95,10160.72
4238,26-06-2023 13:00,1854,West,Chennai,279,Home,Cash,0.22,1054.6,3,3163.8,696.036,2535.87
4239,26-06-2023 14:00,1639,North,Chennai,373,Electronics,Cash,0.03,4676.07,,9352.14,280.5642,9163.77
4240,26-06-2023 15:00,1190,North,Pune,280,Electronics,Card,0.25,612.17,5,3060.85,765.2125,2295.02
4241,26-06-2023 16:00,1578,North,Bangalore,280,Home,NetBanking,0.2,3674.9,9,33074.1,6614.82,26774.2
4242,26-06-2023 17:00,1515,South,Delhi,382,Home,UPI,0.01,3163.79,4,12655.16,126.5516,13080.73
4243,26-06-2023 18:00,1441,South,Mumbai,386,Clothing,UPI,,529.9,5,2649.5,105.98,2768.42
4244,26-06-2023 19:00,1920,East,Bangalore,205,Clothing,Cash,0.19,1759.87,6,10559.22,2006.2518,8702.21
4245,26-06-2023 20:00,1814,West,Delhi,228,Home,Cash,0.2,834.66,6,5007.96,1001.592,3941.16
4246,26-06-2023 21:00,1805,South,Bangalore,361,Clothing,NetBanking,0.22,3062.04,,12248.16,2694.5952,9626.46
4247,26-06-2023 22:00,1142,North,Delhi,110,Electronics,UPI,0.22,2437.85,4,9751.4,2145.308,7487.59
4248,26-06-2023 23:00,1190,North,Delhi,261,Sports,Cash,,120.95,8,967.6,193.52,589.32
4249,27-06-2023 00:00,1532,South,Bangalore,280,Clothing,NetBanking,0.23,4880.98,5,24404.9,5613.127,18732.91
4250,27-06-2023 01:00,1226,South,Pune,312,Sports,UPI,0.17,1812.96,5,9064.8,1541.016,8060.67
4251,27-06-2023 02:00,1312,South,Bangalore,373,Clothing,Card,0.08,1365.2,9,12286.8,982.944,11278.43
4252,27-06-2023 03:00,1628,East,Bangalore,120,Home,Cash,0.27,1189.97,4,4759.88,1285.1676,3961.74
4253,27-06-2023 04:00,1948,North,Delhi,374,Clothing,Card,0.01,878.2,7,6147.4,61.474,5794.29
4254,27-06-2023 05:00,1301,East,Mumbai,359,Sports,UPI,0.11,4995.77,5,24978.85,2747.6735,22272.87
4255,27-06-2023 06:00,1653,East,Delhi,432,Sports,NetBanking,0.22,1546.04,9,13914.36,3061.1592,11069.41
4256,27-06-2023 07:00,1995,West,Chennai,215,Home,NetBanking,0.13,2087.02,8,16696.16,2170.5008,14757.31
4257,27-06-2023 08:00,1459,North,Bangalore,124,Sports,UPI,0.01,4369.64,8,34957.12,349.5712,34282.65
4258,27-06-2023 09:00,1400,North,Bangalore,432,Home,Card,0.02,3245.25,3,9735.75,194.715,9176.3
4259,27-06-2023 10:00,1550,South,Pune,353,Home,NetBanking,0.19,1906.6,9,17159.4,3260.286,14084.94
4260,27-06-2023 11:00,1392,South,Delhi,310,Sports,Cash,0.29,4501.81,8,36014.48,10444.1992,25404.3
4261,27-06-2023 12:00,1866,West,Pune,404,Electronics,Card,0.17,,3,11320.95,1924.5615,9586.72
4262,27-06-2023 13:00,1763,East,Bangalore,420,Sports,Card,0.15,1216.71,1,1216.71,182.5065,1464.94
4263,27-06-2023 14:00,1844,South,Delhi,438,Sports,Cash,0.1,3254.32,5,16271.6,1627.16,14447.61
4264,27-06-2023 15:00,1206,South,Delhi,356,Clothing,UPI,0.08,4619.75,4,18479,1478.32,16844.02
4265,27-06-2023 16:00,1209,North,Chennai,267,Sports,NetBanking,0.01,2532.66,8,20261.28,202.6128,19450.81
4266,27-06-2023 17:00,1114,North,Chennai,436,Clothing,Card,0.08,3694.7,6,22168.2,1773.456,20635.07
4267,27-06-2023 18:00,1736,South,Mumbai,120,Clothing,NetBanking,0.13,4858.41,5,24292.05,3157.9665,21773.21
4268,27-06-2023 19:00,1645,North,Chennai,185,Sports,NetBanking,0.06,3483.03,9,31347.27,1880.8362,29092.38
4269,27-06-2023 20:00,1250,West,Delhi,114,Home,Card,0.03,601.95,6,3611.7,108.351,3876.54
4270,27-06-2023 21:00,1218,South,Chennai,149,Electronics,UPI,0.22,1298.34,3,3895.02,856.9044,3438.75
4271,27-06-2023 22:00,1406,North,Mumbai,403,Sports,Card,0.27,3015.97,6,18095.82,4885.8714,13445.14
4272,27-06-2023 23:00,1442,West,Bangalore,404,Sports,UPI,0.28,1450.22,4,5800.88,1624.2464,3994.98
4273,28-06-2023 00:00,1602,North,Chennai,295,Home,Cash,0.19,4791.95,5,23959.75,4552.3525,19334.37
4274,28-06-2023 01:00,1353,North,Delhi,463,Clothing,UPI,0.02,,6,12517.32,250.3464,12432.69
4275,28-06-2023 02:00,1887,North,Bangalore,400,Home,UPI,0.22,2340.43,9,21063.87,4634.0514,16586.75
4276,28-06-2023 03:00,1557,South,Delhi,387,Home,Card,0.03,3537.85,3,10613.55,318.4065,10219.99
4277,28-06-2023 04:00,1549,East,Bangalore,487,Clothing,NetBanking,0.2,2668.82,1,2668.82,533.764,2273.18
4278,28-06-2023 05:00,1141,North,Delhi,344,Sports,NetBanking,0.23,1972.52,2,3945.04,907.3592,2929.35
4279,28-06-2023 06:00,1611,West,Chennai,452,Home,UPI,0.22,475.53,8,3804.24,836.9328,2933.54
4280,28-06-2023 07:00,1500,South,Chennai,300,Home,UPI,0.29,3022.58,4,12090.32,3506.1928,8523.27
4281,28-06-2023 08:00,1839,South,Mumbai,292,Sports,Card,0.22,4351.14,7,30457.98,6700.7556,24085.67
4282,28-06-2023 09:00,1701,West,Bangalore,435,Sports,UPI,0.21,3460.24,2,6920.48,1453.3008,5038.63
4283,28-06-2023 10:00,1546,North,Mumbai,245,Electronics,Card,0.08,1969.33,8,15754.64,1260.3712,14689.24
4284,28-06-2023 11:00,1658,East,Pune,409,Home,Cash,0.28,725.86,9,6532.74,1829.1672,4811.35
4285,28-06-2023 12:00,1541,North,Chennai,226,Electronics,UPI,0.05,4100.06,7,28700.42,1435.021,26584.64
4286,28-06-2023 13:00,1845,West,Bangalore,274,Clothing,Cash,0.27,4714.57,1,4714.57,1272.9339,14811.76
4287,28-06-2023 14:00,1506,South,Mumbai,233,Sports,UPI,0.09,2002.54,2,4005.08,360.4572,3943.36
4288,28-06-2023 15:00,1595,East,Mumbai,165,Sports,UPI,0.04,3670.35,9,33033.15,1321.326,31590.26
4289,28-06-2023 16:00,1880,South,Pune,492,Electronics,Cash,0.25,2112.74,7,14789.18,3697.295,11237.32
4290,28-06-2023 17:00,1280,West,Mumbai,464,Home,Cash,0,2561.11,3,7683.33,0,7763.61
4291,28-06-2023 18:00,1423,North,Delhi,378,Clothing,Card,0.25,4198.73,5,20993.65,5248.4125,16414.81
4292,28-06-2023 19:00,1855,East,Chennai,345,Home,Card,0.08,508.78,,508.78,40.7024,618.8
4293,28-06-2023 20:00,1269,South,Mumbai,462,Home,Cash,0.27,2698.64,3,8095.92,2185.8984,5941.75
4294,28-06-2023 21:00,1153,South,Mumbai,336,Electronics,UPI,0.21,1151.64,4,4606.56,967.3776,3967.67
4295,28-06-2023 22:00,1613,South,Pune,270,Home,Card,0.2,1765.05,4,7060.2,1412.04,6130.47
4296,28-06-2023 23:00,1726,North,Delhi,150,Electronics,UPI,0.11,3257.7,7,22803.9,2508.429,20917.07
4297,29-06-2023 00:00,1661,East,Mumbai,427,Sports,NetBanking,0.02,233.42,5,1167.1,23.342,964.49
4298,29-06-2023 01:00,1943,North,Chennai,458,Sports,Card,0.25,3009.74,9,27087.66,6771.915,20444.68
4299,29-06-2023 02:00,1082,North,Chennai,252,Sports,Card,0.05,1488.87,7,10422.09,521.1045,9714.64
4300,29-06-2023 03:00,1621,North,Mumbai,179,Clothing,Card,0.11,3380.47,2,6760.94,743.7034,6713.58
4301,29-06-2023 04:00,1946,West,Delhi,244,Clothing,NetBanking,0.18,793.75,8,6350,1143,5221.19
4302,29-06-2023 05:00,1898,West,Chennai,373,Home,Cash,0.14,3705.48,2,7410.96,1037.5344,6660.55
4303,29-06-2023 06:00,1425,West,Chennai,254,Electronics,UPI,0.06,3263.63,7,22845.41,1370.7246,21425.08
4304,29-06-2023 07:00,1274,East,Delhi,498,Home,NetBanking,0.04,4859.08,5,24295.4,971.816,23473.31
4305,29-06-2023 08:00,1712,North,Delhi,436,Sports,Cash,0.04,4565.05,6,27390.3,1095.612,25752.93
4306,29-06-2023 09:00,1283,North,Mumbai,462,Home,Card,0.26,1488.18,4,5952.72,1547.7072,4717.06
4307,29-06-2023 10:00,1979,West,Bangalore,424,Home,Cash,0.01,233.85,5,1169.25,11.6925,1548.35
4308,29-06-2023 11:00,1172,North,Pune,435,Home,Cash,0.29,3311.31,5,16556.55,4801.3995,11577.38
4309,29-06-2023 12:00,1326,North,Bangalore,242,Sports,Cash,0.06,3054.15,7,21379.05,1282.743,19553.34
4310,29-06-2023 13:00,1717,South,Bangalore,397,Electronics,UPI,0.03,234.4,,937.6,28.128,1354.33
4311,29-06-2023 14:00,1062,North,Chennai,133,Home,Cash,0.17,701.12,5,3505.6,595.952,3316.45
4312,29-06-2023 15:00,1072,South,Delhi,403,Sports,Cash,0.02,,4,11860.16,237.2032,11860.26
4313,29-06-2023 16:00,1762,North,Chennai,491,Clothing,Cash,0.18,4567.95,4,18271.8,3288.924,14927.34
4314,29-06-2023 17:00,1635,East,Pune,338,Electronics,Cash,0.26,4541.85,8,36334.8,9447.048,26803.74
4315,29-06-2023 18:00,1374,West,Mumbai,237,Sports,NetBanking,0.01,842.28,5,4211.4,42.114,4569.5
4316,29-06-2023 19:00,1632,South,Pune,353,Home,NetBanking,0.24,1984.41,9,17859.69,4286.3256,13477.14
4317,29-06-2023 20:00,1507,West,Chennai,104,Sports,Cash,0.12,311.69,5,1558.45,187.014,1418.67
4318,29-06-2023 21:00,1786,South,Chennai,471,Electronics,Cash,0.05,2399.43,8,19195.44,959.772,18234.09
4319,29-06-2023 22:00,1942,South,Chennai,275,Home,Cash,0.05,3790.11,3,11370.33,568.5165,10900.2
4320,29-06-2023 23:00,1397,South,Chennai,472,Clothing,Card,0.28,3970.87,7,27796.09,7782.9052,19980.98
4321,30-06-2023 00:00,1119,East,Bangalore,313,Clothing,Cash,0.03,2545.05,1,2545.05,76.3515,9886.44
4322,30-06-2023 01:00,1933,North,Mumbai,463,Clothing,Cash,0.26,569.76,5,2848.8,740.688,2645.57
4323,30-06-2023 02:00,1436,South,Bangalore,122,Sports,NetBanking,0.16,1968.68,,3937.36,629.9776,3464.81
4324,30-06-2023 03:00,1828,East,Chennai,417,Electronics,NetBanking,0.01,4667.3,8,37338.4,373.384,37079.82
4325,30-06-2023 04:00,1675,South,Delhi,112,Clothing,NetBanking,0.14,1225.1,6,7350.6,1029.084,6568.05
4326,30-06-2023 05:00,1935,North,Bangalore,492,Home,UPI,0.25,1666.8,5,8334,2083.5,5914.85
4327,30-06-2023 06:00,1464,South,Chennai,340,Home,Card,0.22,3759.45,3,11278.35,2481.237,9102.39
4328,30-06-2023 07:00,1285,East,Chennai,375,Home,Cash,0.15,3694.55,1,3694.55,554.1825,3231.23
4329,30-06-2023 08:00,1264,North,Mumbai,191,Sports,NetBanking,0.26,4569.79,8,36558.32,9505.1632,26868.04
4330,30-06-2023 09:00,1319,East,Pune,207,Electronics,UPI,0.04,2001.78,5,10008.9,400.356,9579.67
4331,30-06-2023 10:00,1672,North,Bangalore,328,Electronics,Cash,0.27,2621.53,9,23593.77,6370.3179,17383.4
4332,30-06-2023 11:00,1375,North,Bangalore,251,Clothing,Cash,0.25,2390.22,7,16731.54,4182.885,12574.51
4333,30-06-2023 12:00,1819,West,Bangalore,207,Electronics,NetBanking,0.21,4645.99,1,4645.99,975.6579,3996.18
4334,30-06-2023 13:00,1088,West,Chennai,388,Home,Cash,0.25,3869.72,1,3869.72,967.43,2676.84
4335,30-06-2023 14:00,1653,West,Mumbai,275,Home,Cash,0.16,4174.06,7,29218.42,4674.9472,24205.95
4336,30-06-2023 15:00,1202,North,Chennai,419,Sports,Cash,0.2,752.18,7,5265.26,1053.052,3983.6
4337,30-06-2023 16:00,1820,South,Chennai,385,Home,NetBanking,0.17,3980.05,,35820.45,6089.4765,29608.07
4338,30-06-2023 17:00,1738,East,Delhi,463,Electronics,UPI,0.11,2221.6,2,4443.2,488.752,3994.7
4339,30-06-2023 18:00,1954,East,Mumbai,428,Home,Cash,0.17,214.36,7,1500.52,255.0884,1146
4340,30-06-2023 19:00,1333,East,Bangalore,464,Clothing,UPI,0.08,394.43,2,788.86,63.1088,369.61
4341,30-06-2023 20:00,1221,West,Pune,340,Sports,Cash,0.13,3421.75,2,6843.5,889.655,5547.93
4342,30-06-2023 21:00,1040,North,Bangalore,244,Sports,NetBanking,0.08,1922.86,5,9614.3,769.144,8461.64
4343,30-06-2023 22:00,1707,West,Chennai,455,Electronics,UPI,0.04,4353.77,9,39183.93,1567.3572,37530.07
4344,30-06-2023 23:00,1067,South,Mumbai,113,Home,NetBanking,0.1,3697.94,9,33281.46,3328.146,29709.98
4345,01-07-2023 00:00,1987,North,Mumbai,374,Home,Card,0.26,206.23,1,206.23,53.6198,37.47
4346,01-07-2023 01:00,1775,East,Mumbai,170,Electronics,Cash,,3465.75,7,24260.25,2668.6275,21989.88
4347,01-07-2023 02:00,1513,West,Delhi,414,Electronics,Card,0.22,,3,3127.59,688.0698,2088.62
4348,01-07-2023 03:00,1872,West,Bangalore,294,Clothing,Card,0.05,2170.65,1,2170.65,108.5325,2152
4349,01-07-2023 04:00,1636,South,Delhi,452,Electronics,Card,0.13,3161.2,2,6322.4,821.912,5145.05
4350,01-07-2023 05:00,1621,South,Pune,399,Home,Cash,0.03,4376.32,6,26257.92,787.7376,25069.7
4351,01-07-2023 06:00,1597,West,Chennai,466,Clothing,NetBanking,0.04,2334.88,2,4669.76,186.7904,4594.36
4352,01-07-2023 07:00,1936,South,Delhi,110,Sports,Card,0.19,4061.6,2,8123.2,1543.408,6782.27
4353,01-07-2023 08:00,1631,East,Delhi,205,Home,UPI,0.18,3936.53,4,15746.12,2834.3016,13148.53
4354,01-07-2023 09:00,1126,South,Chennai,357,Sports,Cash,0.06,2131.24,3,6393.72,383.6232,6343.39
4355,01-07-2023 10:00,1254,South,Mumbai,480,Sports,NetBanking,0.14,2554.8,8,20438.4,2861.376,17523.84
4356,01-07-2023 11:00,1694,West,Chennai,295,Sports,NetBanking,0.26,3532.38,8,28259.04,7347.3504,20994.18
4357,01-07-2023 12:00,1015,West,Bangalore,244,Home,Card,0.05,252.63,6,1515.78,75.789,1324.39
4358,01-07-2023 13:00,1476,North,Chennai,319,Sports,Cash,0.01,4464.98,4,17859.92,178.5992,18069.2
4359,01-07-2023 14:00,1061,North,Mumbai,449,Home,Card,0.2,3872.1,7,27104.7,5420.94,21410.37
4360,01-07-2023 15:00,1880,West,Chennai,273,Sports,UPI,0.02,1322.14,9,11899.26,237.9852,11811.52
4361,01-07-2023 16:00,1431,South,Delhi,315,Electronics,NetBanking,0.29,4907.78,2,9815.56,2846.5124,6649.48
4362,01-07-2023 17:00,1669,South,Pune,192,Electronics,NetBanking,0.18,979.01,6,5874.06,1057.3308,4849.73
4363,01-07-2023 18:00,1267,North,Delhi,359,Home,Cash,0.14,4579.02,7,32053.14,4487.4396,27083.77
4364,01-07-2023 19:00,1034,North,Pune,162,Sports,NetBanking,0.13,1689.92,1,1689.92,219.6896,1538.21
4365,01-07-2023 20:00,1778,North,Chennai,128,Sports,Cash,0.17,3839.42,6,23036.52,3916.2084,19712.55
4366,01-07-2023 21:00,1575,East,Bangalore,374,Sports,Card,0.03,2336.25,8,18690,560.7,17961.7
4367,01-07-2023 22:00,1493,East,Chennai,446,Electronics,UPI,0.28,3708.69,7,25960.83,7269.0324,18619.1
4368,01-07-2023 23:00,1561,North,Mumbai,384,Sports,Cash,0.19,863.34,2,1726.68,328.0692,1658.62
4369,02-07-2023 00:00,1468,South,Chennai,471,Sports,Card,0.06,1420.58,2,2841.16,170.4696,2684.07
4370,02-07-2023 01:00,1766,North,Pune,169,Home,UPI,0.17,589.3,4,2357.2,400.724,2323.11
4371,02-07-2023 02:00,1660,East,Delhi,478,Sports,NetBanking,0.04,4339.21,5,21696.05,867.842,20946.28
4372,02-07-2023 03:00,1324,South,Bangalore,378,Electronics,UPI,0.01,1551.84,5,7759.2,77.592,7944.27
4373,02-07-2023 04:00,1303,East,Chennai,330,Sports,UPI,0.19,3502.93,2,7005.86,1331.1134,5081.43
4374,02-07-2023 05:00,1275,South,Chennai,401,Electronics,UPI,0.19,4119.08,7,28833.56,5478.3764,23382.77
4375,02-07-2023 06:00,1868,East,Delhi,354,Electronics,NetBanking,0.18,4516.95,8,36135.6,6504.408,29298.84
4376,02-07-2023 07:00,1962,South,Bangalore,271,Clothing,Cash,0.06,620.86,2,1241.72,74.5032,1048.73
4377,02-07-2023 08:00,1683,South,Chennai,279,Electronics,Cash,0.18,4475.77,4,17903.08,3222.5544,14810.15
4378,02-07-2023 09:00,1928,South,Chennai,363,Clothing,UPI,0.02,1066.54,3,3199.62,63.9924,3066.74
4379,02-07-2023 10:00,1200,South,Pune,282,Clothing,Card,0.18,3710.82,4,14843.28,2671.7904,11936.23
4380,02-07-2023 11:00,1444,West,Pune,421,Sports,Card,0.17,3671.36,5,18356.8,3120.656,15612.39
4381,02-07-2023 12:00,1904,East,Mumbai,304,Clothing,UPI,0.2,141.67,6,850.02,170.004,982.18
4382,02-07-2023 13:00,1323,East,Delhi,348,Home,UPI,0.27,1181.06,2,2362.12,637.7724,1312.78
4383,02-07-2023 14:00,1034,West,Bangalore,312,Electronics,Card,0.26,2510.35,6,15062.1,3916.146,11374.69
4384,02-07-2023 15:00,1976,South,Chennai,258,Home,UPI,0.29,,9,19423.53,5632.8237,13841.76
4385,02-07-2023 16:00,1481,South,Chennai,199,Clothing,UPI,0.29,4601.01,8,36808.08,10674.3432,26204.49
4386,02-07-2023 17:00,1727,East,Mumbai,416,Sports,Cash,0.23,1862.73,1,1862.73,428.4279,1900.97
4387,02-07-2023 18:00,1479,West,Chennai,211,Electronics,Cash,0.29,4691.22,,42220.98,12244.0842,30023.36
4388,02-07-2023 19:00,1064,South,Delhi,407,Home,UPI,0.26,2351.2,2,4702.4,1222.624,3694.04
4389,02-07-2023 20:00,1007,South,Mumbai,265,Sports,UPI,0.22,4825.33,1,4825.33,1061.5726,3827.97
4390,02-07-2023 21:00,1300,South,Delhi,135,Clothing,NetBanking,0.02,3713.04,6,22278.24,445.5648,21898.53
4391,02-07-2023 22:00,1342,North,Mumbai,211,Sports,Cash,0.01,4163.74,1,4163.74,41.6374,3844.5
4392,02-07-2023 23:00,1430,West,Chennai,186,Home,UPI,0.25,613.9,6,3683.4,920.85,3498.72
4393,03-07-2023 00:00,1423,South,Mumbai,282,Sports,NetBanking,0.15,2972.09,2,5944.18,891.627,4129.88
4394,03-07-2023 01:00,1331,North,Pune,184,Home,NetBanking,0.24,799.23,7,5594.61,1342.7064,4034.23
4395,03-07-2023 02:00,1437,West,Bangalore,368,Sports,NetBanking,0.09,1558.34,7,10908.38,981.7542,9780
4396,03-07-2023 03:00,1587,South,Chennai,264,Electronics,NetBanking,0.12,3155.47,4,12621.88,1514.6256,11379.78
4397,03-07-2023 04:00,1173,East,Bangalore,402,Sports,Cash,0.21,3658.51,,7317.02,1536.5742,5357.15
4398,03-07-2023 05:00,1558,North,Chennai,189,Electronics,NetBanking,0.27,292,7,2044,551.88,1439.44
4399,03-07-2023 06:00,1526,North,Bangalore,337,Home,Cash,0.03,2701.62,,2701.62,81.0486,2856.64
4400,03-07-2023 07:00,1872,South,Pune,121,Electronics,NetBanking,0.26,2870.04,2,5740.08,1492.4208,3882.3
4401,03-07-2023 08:00,1658,South,Bangalore,266,Sports,NetBanking,0.24,486.26,2,972.52,233.4048,698.03
4402,03-07-2023 09:00,1025,North,Mumbai,314,Electronics,Card,0.09,2553.37,1,2553.37,229.8033,2273.15
4403,03-07-2023 10:00,1819,East,Bangalore,157,Home,Cash,0.11,3597.83,9,32380.47,3561.8517,28639.22
4404,03-07-2023 11:00,1604,East,Chennai,129,Sports,Card,0.01,360.81,6,2164.86,21.6486,2154.23
4405,03-07-2023 12:00,1405,West,Delhi,205,Electronics,Card,0,3825.31,3,11475.93,0,11348.27
4406,03-07-2023 13:00,1231,South,Bangalore,429,Electronics,NetBanking,0.14,2924.49,6,17546.94,2456.5716,15380.66
4407,03-07-2023 14:00,1532,East,Bangalore,266,Clothing,Cash,0.03,4182.81,7,29279.67,878.3901,28560.09
4408,03-07-2023 15:00,1818,West,Bangalore,449,Electronics,UPI,0.06,1168.51,3,3505.53,210.3318,3239.89
4409,03-07-2023 16:00,1549,East,Chennai,253,Clothing,NetBanking,0.25,4183.04,4,16732.16,4183.04,12568.89
4410,03-07-2023 17:00,1787,South,Bangalore,426,Home,Cash,0.17,563.35,1,563.35,95.7695,350.86
4411,03-07-2023 18:00,1504,West,Chennai,106,Clothing,Card,0.19,2078.77,6,12472.62,2369.7978,10503.85
4412,03-07-2023 19:00,1668,West,Chennai,296,Home,Cash,0.06,1077.48,6,6464.88,387.8928,6212.65
4413,03-07-2023 20:00,1178,West,Delhi,420,Electronics,NetBanking,0.25,4392.5,9,39532.5,9883.125,29607.39
4414,03-07-2023 21:00,1131,East,Mumbai,145,Electronics,Cash,0.26,3554.11,2,7108.22,1848.1372,5391.65
4415,03-07-2023 22:00,1822,South,Chennai,117,Clothing,Card,0.16,224.27,5,1121.35,179.416,1508.57
4416,03-07-2023 23:00,1454,West,Pune,496,Home,Cash,0.27,146.66,5,733.3,197.991,329.67
4417,04-07-2023 00:00,1347,North,Bangalore,252,Electronics,Cash,0.25,1527.12,7,10689.84,2672.46,8282.75
4418,04-07-2023 01:00,1539,South,Pune,363,Clothing,Card,0.22,802.09,5,4010.45,882.299,3252.42
4419,04-07-2023 02:00,1771,North,Bangalore,173,Clothing,NetBanking,0.22,3188.49,4,12753.96,2805.8712,9883.25
4420,04-07-2023 03:00,1405,North,Delhi,244,Clothing,UPI,0.03,3352.6,2,6705.2,201.156,6285.16
4421,04-07-2023 04:00,1075,West,Chennai,201,Electronics,Card,0.08,4715.56,8,37724.48,3017.9584,34964.27
4422,04-07-2023 05:00,1940,West,Mumbai,434,Home,Card,0.02,4765,5,23825,476.5,23435.74
4423,04-07-2023 06:00,1578,East,Chennai,434,Electronics,NetBanking,0,3328.59,4,13314.36,0,13747.5
4424,04-07-2023 07:00,1853,East,Bangalore,220,Sports,NetBanking,0.05,127.81,9,1150.29,57.5145,1443.17
4425,04-07-2023 08:00,1491,East,Mumbai,275,Sports,Cash,0.26,1859.09,2,3718.18,966.7268,2841.59
4426,04-07-2023 09:00,1193,South,Chennai,162,Electronics,Card,0.07,2614.39,3,7843.17,549.0219,7077.54
4427,04-07-2023 10:00,1983,East,Mumbai,395,Home,Cash,,,8,20367.84,5906.6736,15077.46
4428,04-07-2023 11:00,1161,North,Bangalore,183,Clothing,Cash,0.18,3056.37,4,12225.48,2200.5864,9839.11
4429,04-07-2023 12:00,1346,East,Delhi,114,Sports,NetBanking,0.07,4806.7,9,43260.3,3028.221,40481.24
4430,04-07-2023 13:00,1950,West,Delhi,454,Sports,NetBanking,,4437.44,9,39936.96,5990.544,33414.89
4431,04-07-2023 14:00,1360,East,Chennai,233,Electronics,Cash,0.07,633.65,9,5702.85,399.1995,5774.85
4432,04-07-2023 15:00,1768,South,Pune,220,Sports,Card,0.3,1403.3,1,1403.3,420.99,372.14
4433,04-07-2023 16:00,1583,South,Bangalore,418,Sports,Card,0.25,4182.24,6,25093.44,6273.36,18726.02
4434,04-07-2023 17:00,1086,North,Chennai,491,Clothing,Cash,0.01,4139.1,6,24834.6,248.346,24267.61
4435,04-07-2023 18:00,1933,South,Chennai,227,Clothing,UPI,0.28,1449.32,8,11594.56,3246.4768,8766.74
4436,04-07-2023 19:00,1261,East,Delhi,467,Home,UPI,0.22,3679.88,7,25759.16,5667.0152,19869.49
4437,04-07-2023 20:00,1213,West,Mumbai,466,Sports,NetBanking,0.02,3392.98,7,23750.86,475.0172,23434.48
4438,04-07-2023 21:00,1664,South,Bangalore,387,Home,Card,0.2,2420.27,2,4840.54,968.108,3952.52
4439,04-07-2023 22:00,1721,North,Mumbai,400,Home,Cash,0.19,1087.13,4,4348.52,826.2188,3088.79
4440,04-07-2023 23:00,1912,East,Bangalore,477,Clothing,Cash,0.07,4454.35,1,4454.35,311.8045,4451.24
4441,05-07-2023 00:00,1572,North,Pune,279,Clothing,Card,0.23,3421.47,7,23950.29,5508.5667,18436.93
4442,05-07-2023 01:00,1779,South,Delhi,181,Electronics,NetBanking,0.03,928.07,4,3712.28,111.3684,4053.2
4443,05-07-2023 02:00,1261,South,Pune,112,Clothing,NetBanking,0.15,3553.53,9,31981.77,4797.2655,27368.55
4444,05-07-2023 03:00,1729,North,Chennai,123,Home,UPI,0,3733.03,6,22398.18,0,22170.17
4445,05-07-2023 04:00,1282,East,Delhi,267,Sports,Card,0.29,4445.71,6,26674.26,7735.5354,18878.38
4446,05-07-2023 05:00,1647,South,Chennai,369,Home,Card,0.23,1191.91,9,10727.19,2467.2537,8191.04
4447,05-07-2023 06:00,1466,West,Pune,169,Home,Cash,0.05,4944.9,8,39559.2,1977.96,37814.64
4448,05-07-2023 07:00,1379,South,Bangalore,417,Home,Card,0.1,851.63,6,5109.78,510.978,19289.44
4449,05-07-2023 08:00,1361,East,Chennai,475,Clothing,UPI,0.05,3043.38,6,18260.28,913.014,17145.3
4450,05-07-2023 09:00,1448,South,Mumbai,188,Home,Card,0.23,3320.16,6,19920.96,4581.8208,15623.29
4451,05-07-2023 10:00,1440,North,Bangalore,288,Electronics,Cash,0.02,2152.87,4,8611.48,172.2296,8561.23
4452,05-07-2023 11:00,1092,South,Bangalore,356,Sports,UPI,0.25,2427.68,5,12138.4,3034.6,9304.62
4453,05-07-2023 12:00,1620,South,Pune,316,Clothing,Cash,0.28,4465.46,,13396.38,3750.9864,9800.74
4454,05-07-2023 13:00,1752,East,Pune,481,Home,Card,0.2,3261.84,9,29356.56,5871.312,23733.95
4455,05-07-2023 14:00,1866,North,Delhi,131,Electronics,NetBanking,0.06,2535.3,2,5070.6,304.236,4486.52
4456,05-07-2023 15:00,1423,East,Delhi,240,Sports,Card,0.11,728.91,7,5102.37,561.2607,4598.14
4457,05-07-2023 16:00,1141,South,Mumbai,260,Home,Card,0.14,135.95,1,135.95,19.033,419.14
4458,05-07-2023 17:00,1290,West,Bangalore,131,Sports,Cash,0.18,712.35,7,4986.45,897.561,4423.61
4459,05-07-2023 18:00,1431,South,Mumbai,411,Clothing,NetBanking,0.2,4785.3,2,9570.6,1914.12,7990.73
4460,05-07-2023 19:00,1748,East,Mumbai,251,Clothing,Card,0.17,3844.03,,19220.15,3267.4255,15686.95
4461,05-07-2023 20:00,1851,West,Pune,446,Electronics,UPI,0.11,4838.87,1,4838.87,532.2757,4930.07
4462,05-07-2023 21:00,1823,East,Mumbai,359,Clothing,UPI,,274.97,5,1374.85,371.2095,1533.17
4463,05-07-2023 22:00,1688,East,Mumbai,315,Electronics,Cash,0.02,3433.08,4,13732.32,274.6464,13198.02
4464,05-07-2023 23:00,1652,North,Chennai,378,Home,Cash,0.14,,1,317.04,44.3856,182.95
4465,06-07-2023 00:00,1700,West,Delhi,384,Sports,NetBanking,0.23,3932.08,1,3932.08,904.3784,3233.25
4466,06-07-2023 01:00,1997,South,Delhi,197,Clothing,Cash,0.02,1966.66,,13766.62,275.3324,13274.86
4467,06-07-2023 02:00,1048,East,Bangalore,129,Sports,NetBanking,0.21,569.25,3,1707.75,358.6275,1523.64
4468,06-07-2023 03:00,1301,South,Delhi,189,Sports,Card,0.25,2883.43,9,25950.87,6487.7175,19526.67
4469,06-07-2023 04:00,1880,North,Bangalore,247,Home,UPI,0.2,1472.59,9,13253.31,2650.662,10989.26
4470,06-07-2023 05:00,1189,North,Chennai,243,Home,UPI,0,3331.91,9,29987.19,0,30116.11
4471,06-07-2023 06:00,1135,West,Delhi,166,Clothing,UPI,,3325.06,1,3325.06,166.253,2549.65
4472,06-07-2023 07:00,1554,North,Chennai,456,Home,Cash,0.1,3554.54,4,14218.16,1421.816,13055.14
4473,06-07-2023 08:00,1403,North,Delhi,157,Sports,Cash,0.07,4963.08,1,4963.08,347.4156,4984.55
4474,06-07-2023 09:00,1891,South,Delhi,380,Electronics,Card,0.29,1994.82,1,1994.82,578.4978,1397.4
4475,06-07-2023 10:00,1864,North,Chennai,378,Electronics,Cash,0.2,2380.05,9,21420.45,4284.09,17180.72
4476,06-07-2023 11:00,1601,North,Mumbai,335,Electronics,NetBanking,0.09,4042.6,5,20213,1819.17,18439.16
4477,06-07-2023 12:00,1806,East,Mumbai,484,Clothing,UPI,0.28,2934.01,1,2934.01,821.5228,1936.89
4478,06-07-2023 13:00,1340,North,Mumbai,452,Home,Card,0.22,282.56,3,847.68,186.4896,1402.04
4479,06-07-2023 14:00,1756,East,Mumbai,498,Home,NetBanking,0.09,4231.08,7,29617.56,2665.5804,26717.26
4480,06-07-2023 15:00,1944,North,Delhi,227,Home,NetBanking,0.11,352.34,2,704.68,77.5148,905.55
4481,06-07-2023 16:00,1703,North,Pune,436,Home,Cash,0.06,937.02,4,3748.08,224.8848,3800.2
4482,06-07-2023 17:00,1317,West,Chennai,308,Sports,Cash,0.29,600.19,2,1200.38,348.1102,714.91
4483,06-07-2023 18:00,1617,West,Pune,285,Electronics,UPI,0.16,481.84,9,4336.56,693.8496,3361.79
4484,06-07-2023 19:00,1362,East,Pune,268,Sports,Card,0.27,225.86,9,2032.74,548.8398,1451.96
4485,06-07-2023 20:00,1821,North,Bangalore,271,Clothing,NetBanking,0.1,369.64,7,2587.48,258.748,2537.92
4486,06-07-2023 21:00,1381,South,Mumbai,359,Electronics,Cash,0.26,2267.95,7,15875.65,4127.669,11840.02
4487,06-07-2023 22:00,1232,West,Delhi,304,Electronics,Cash,0.02,1338.98,2,2677.96,53.5592,3169.16
4488,06-07-2023 23:00,1776,South,Mumbai,234,Sports,Card,,720.03,8,5760.24,1670.4696,3913.48
4489,07-07-2023 00:00,1343,West,Mumbai,145,Clothing,Card,0.27,3327.66,1,3327.66,898.4682,2260.18
4490,07-07-2023 01:00,1548,West,Pune,108,Clothing,Cash,0.11,1207.95,8,9663.6,1062.996,8865.11
4491,07-07-2023 02:00,1816,North,Bangalore,260,Electronics,Cash,0.23,192.85,5,964.25,221.7775,241.98
4492,07-07-2023 03:00,1552,West,Mumbai,388,Home,UPI,0.23,2150.26,,8601.04,1978.2392,6453.87
4493,07-07-2023 04:00,1528,South,Chennai,439,Clothing,Card,,1621.12,2,3242.24,875.4048,2327.65
4494,07-07-2023 05:00,1855,West,Chennai,487,Sports,NetBanking,0.09,1661.16,3,4983.48,448.5132,4530.69
4495,07-07-2023 06:00,1788,East,Mumbai,420,Clothing,Cash,0.14,2281.82,2,4563.64,638.9096,3772.42
4496,07-07-2023 07:00,1818,North,Pune,205,Electronics,Cash,0.26,3377.68,4,13510.72,3512.7872,9450.68
4497,07-07-2023 08:00,1570,North,Pune,389,Home,Cash,,3120.75,3,9362.25,2153.3175,7633.34
4498,07-07-2023 09:00,1934,East,Delhi,440,Clothing,Cash,0.12,4692.58,5,23462.9,2815.548,21055.93
4499,07-07-2023 10:00,1182,East,Bangalore,187,Electronics,UPI,0.25,2636.81,7,18457.67,4614.4175,13343.9
4500,07-07-2023 11:00,1040,East,Pune,291,Clothing,Card,0.01,2415.59,9,21740.31,217.4031,21725.06
4501,07-07-2023 12:00,1550,West,Delhi,252,Home,Cash,0.23,1145.73,5,5728.65,1317.5895,4370.53
4502,07-07-2023 13:00,1396,North,Chennai,410,Sports,Card,0.06,3801.37,8,30410.96,1824.6576,28754.14
4503,07-07-2023 14:00,1703,East,Chennai,236,Electronics,NetBanking,0.09,789.8,2,1579.6,142.164,1521.62
4504,07-07-2023 15:00,1778,West,Chennai,372,Electronics,NetBanking,0.15,2506.55,6,15039.3,2255.895,12346.23
4505,07-07-2023 16:00,1493,East,Mumbai,248,Home,NetBanking,0.13,2164.48,8,17315.84,2251.0592,15305.39
4506,07-07-2023 17:00,1658,South,Bangalore,287,Electronics,NetBanking,0.16,3325.67,9,29931.03,4788.9648,24976.47
4507,07-07-2023 18:00,1906,South,Delhi,240,Home,Card,0.16,4596.35,4,18385.4,2941.664,14664.82
4508,07-07-2023 19:00,1332,North,Bangalore,230,Electronics,NetBanking,0.1,4738.32,4,18953.28,1895.328,17117.71
4509,07-07-2023 20:00,1126,West,Mumbai,103,Home,NetBanking,0.05,,7,6455.54,322.777,5663.81
4510,07-07-2023 21:00,1557,South,Delhi,362,Clothing,Cash,0.23,1382.9,4,5531.6,1272.268,4602.76
4511,07-07-2023 22:00,1556,South,Delhi,125,Clothing,Cash,0.12,4077.01,5,20385.05,2446.206,17851.54
4512,07-07-2023 23:00,1000,West,Pune,123,Clothing,Cash,0.15,2639.57,2,5279.14,791.871,4510.95
4513,08-07-2023 00:00,1167,East,Bangalore,365,Electronics,UPI,0.19,2319.87,2,4639.74,881.5506,3914.09
4514,08-07-2023 01:00,1619,West,Bangalore,328,Home,Cash,0.27,3582.06,5,17910.3,4835.781,13106
4515,08-07-2023 02:00,1018,East,Pune,368,Home,NetBanking,0.21,3049.43,2,6098.86,1280.7606,4640.79
4516,08-07-2023 03:00,1331,South,Chennai,224,Sports,Card,0.01,4856.5,6,29139,291.39,29186.48
4517,08-07-2023 04:00,1583,South,Mumbai,271,Clothing,NetBanking,0.25,2961.48,6,17768.88,4442.22,13294.09
4518,08-07-2023 05:00,1455,South,Bangalore,333,Sports,Card,0.3,2383.27,8,19066.16,5719.848,13009.05
4519,08-07-2023 06:00,1956,North,Pune,394,Clothing,NetBanking,,2759.81,1,2759.81,386.3734,2479.87
4520,08-07-2023 07:00,1108,North,Delhi,374,Sports,UPI,0.29,,7,28432.95,8245.5555,20163.24
4521,08-07-2023 08:00,1267,North,Pune,175,Clothing,Cash,0.16,3102.11,7,21714.77,3474.3632,18233.52
4522,08-07-2023 09:00,1444,West,Chennai,407,Home,NetBanking,,3270.54,9,29434.86,4120.8804,25351.7
4523,08-07-2023 10:00,1239,South,Mumbai,313,Clothing,Cash,0.1,4860.05,4,19440.2,1944.02,17512.97
4524,08-07-2023 11:00,1928,South,Chennai,475,Electronics,UPI,0.2,3130.14,7,21910.98,4382.196,17966.03
4525,08-07-2023 12:00,1300,West,Delhi,257,Clothing,UPI,0.07,1963.4,,11780.4,824.628,10715.46
4526,08-07-2023 13:00,1601,North,Delhi,401,Clothing,Cash,0.03,3487.5,4,13950,418.5,12907.26
4527,08-07-2023 14:00,1102,West,Delhi,303,Home,Cash,0.01,3331.35,8,26650.8,266.508,26384.47
4528,08-07-2023 15:00,1987,North,Delhi,248,Electronics,Card,0.09,167.85,3,503.55,45.3195,707.78
4529,08-07-2023 16:00,1249,South,Pune,174,Home,Cash,0.12,2389.91,8,19119.28,2294.3136,16355.71
4530,08-07-2023 17:00,1452,East,Delhi,479,Sports,Cash,0.17,3740.23,5,18701.15,3179.1955,15631.31
4531,08-07-2023 18:00,1519,North,Delhi,328,Sports,Card,0.09,2545.3,4,10181.2,916.308,8842.9
4532,08-07-2023 19:00,1152,South,Pune,403,Electronics,NetBanking,0.3,3920.14,3,11760.42,3528.126,8485.42
4533,08-07-2023 20:00,1858,South,Delhi,161,Sports,Card,0.09,2309.33,7,16165.31,1454.8779,14713.67
4534,08-07-2023 21:00,1173,East,Chennai,157,Electronics,NetBanking,0.13,4918.28,7,34427.96,4475.6348,29688.37
4535,08-07-2023 22:00,1342,South,Chennai,373,Clothing,NetBanking,0.03,1535.17,6,9211.02,276.3306,8453.63
4536,08-07-2023 23:00,1669,South,Bangalore,207,Sports,NetBanking,0.08,551.4,3,1654.2,132.336,2176.19
4537,09-07-2023 00:00,1430,North,Chennai,286,Clothing,Card,0.01,2207.06,9,19863.54,198.6354,20356.48
4538,09-07-2023 01:00,1726,North,Mumbai,328,Home,Card,0.17,2754.37,2,5508.74,936.4858,4248.53
4539,09-07-2023 02:00,1688,East,Mumbai,147,Sports,UPI,0.23,1810.56,3,5431.68,1249.2864,3851.61
4540,09-07-2023 03:00,1686,East,Mumbai,418,Home,NetBanking,0.06,1287.18,1,1287.18,77.2308,1233.67
4541,09-07-2023 04:00,1851,South,Pune,367,Home,Card,0.11,3393.09,7,23751.63,2612.6793,21023.27
4542,09-07-2023 05:00,1849,North,Chennai,314,Electronics,UPI,,1947.91,2,3895.82,0,3797.99
4543,09-07-2023 06:00,1657,East,Mumbai,389,Home,NetBanking,0.25,3193.71,8,25549.68,6387.42,19247.38
4544,09-07-2023 07:00,1961,East,Bangalore,353,Electronics,Card,,3917.45,9,35257.05,8109.1215,27723.25
4545,09-07-2023 08:00,1323,West,Pune,457,Electronics,Card,0.02,3828.91,2,7657.82,153.1564,7913.3
4546,09-07-2023 09:00,1989,East,Bangalore,186,Electronics,Card,0.11,1939.02,6,11634.12,1279.7532,10258.29
4547,09-07-2023 10:00,1672,South,Chennai,280,Electronics,Cash,0.29,2882.7,1,2882.7,835.983,2263.35
4548,09-07-2023 11:00,1638,North,Delhi,124,Electronics,UPI,0.12,2303.33,8,18426.64,2211.1968,15661.33
4549,09-07-2023 12:00,1419,East,Bangalore,487,Clothing,Card,,4366.95,5,21834.75,3493.56,18381.96
4550,09-07-2023 13:00,1593,West,Delhi,321,Electronics,Cash,0.11,4405.92,9,39653.28,4361.8608,35220.42
4551,09-07-2023 14:00,1484,North,Pune,496,Sports,UPI,0.18,1784.33,3,5352.99,963.5382,4678.49
4552,09-07-2023 15:00,1658,East,Bangalore,148,Electronics,UPI,0.29,,2,1099.02,318.7158,966.88
4553,09-07-2023 16:00,1750,West,Bangalore,433,Clothing,Cash,0.3,921.15,7,6448.05,1934.415,4606.3
4554,09-07-2023 17:00,1411,East,Pune,274,Sports,UPI,0.23,1898.31,,13288.17,3056.2791,10369.96
4555,09-07-2023 18:00,1935,North,Pune,491,Sports,Cash,0.12,2864.82,5,14324.1,1718.892,12475.14
4556,09-07-2023 19:00,1083,North,Mumbai,410,Clothing,NetBanking,0.15,3318.26,7,23227.82,3484.173,20033.94
4557,09-07-2023 20:00,1112,North,Chennai,373,Sports,Card,0.11,1723.72,6,10342.32,1137.6552,9342.71
4558,09-07-2023 21:00,1736,South,Bangalore,134,Clothing,Cash,0.3,3370.75,9,30336.75,9101.025,21187.05
4559,09-07-2023 22:00,1331,East,Bangalore,316,Home,UPI,0.21,4694.93,3,14084.79,2957.8059,11156.61
4560,09-07-2023 23:00,1377,South,Pune,308,Home,UPI,0.13,3294.87,4,13179.48,1713.3324,11719.37
4561,10-07-2023 00:00,1754,North,Pune,259,Electronics,NetBanking,0,876.97,9,7892.73,0,8174.34
4562,10-07-2023 01:00,1654,West,Chennai,106,Electronics,NetBanking,0.16,2940.38,8,23523.04,3763.6864,19656.68
4563,10-07-2023 02:00,1040,East,Pune,368,Electronics,NetBanking,0.3,2755.29,6,16531.74,4959.522,11304.1
4564,10-07-2023 03:00,1934,South,Delhi,225,Electronics,NetBanking,0.16,4366.43,,13099.29,2095.8864,10866.71
4565,10-07-2023 04:00,1769,East,Delhi,467,Clothing,NetBanking,0.05,1816.48,9,16348.32,817.416,15409.67
4566,10-07-2023 05:00,1958,West,Delhi,424,Home,Card,0.01,,9,19551.87,195.5187,19393.33
4567,10-07-2023 06:00,1796,South,Delhi,455,Clothing,Cash,0.11,3033.43,6,18200.58,2002.0638,16557.74
4568,10-07-2023 07:00,1104,North,Chennai,189,Sports,NetBanking,0.28,2669.68,2,5339.36,1495.0208,3703.18
4569,10-07-2023 08:00,1201,South,Bangalore,141,Sports,NetBanking,0.3,3623.18,7,25362.26,7608.678,17869.99
4570,10-07-2023 09:00,1449,East,Delhi,464,Sports,Card,0.28,297.91,9,2681.19,750.7332,1875.19
4571,10-07-2023 10:00,1818,East,Pune,258,Sports,Cash,0.22,2861.23,9,25751.07,5665.2354,20091.57
4572,10-07-2023 11:00,1842,East,Delhi,301,Sports,NetBanking,0.17,696.19,3,2088.57,355.0569,1824.4
4573,10-07-2023 12:00,1972,East,Chennai,465,Home,Cash,0.18,1644.52,2,3289.04,592.0272,3057.49
4574,10-07-2023 13:00,1265,North,Pune,381,Clothing,Cash,0.16,3341.97,5,16709.85,2673.576,14110.48
4575,10-07-2023 14:00,1909,South,Delhi,431,Sports,Card,0.21,871.33,7,6099.31,1280.8551,4043.98
4576,10-07-2023 15:00,1209,North,Bangalore,387,Electronics,Card,0.13,1613.32,3,4839.96,629.1948,4151.03
4577,10-07-2023 16:00,1562,North,Pune,190,Home,NetBanking,0.2,3544.73,4,14178.92,2835.784,11813.87
4578,10-07-2023 17:00,1117,North,Pune,224,Electronics,UPI,,3288.95,2,6577.9,263.116,6657.41
4579,10-07-2023 18:00,1712,East,Bangalore,225,Home,Card,0.08,546.09,2,1092.18,87.3744,1241.99
4580,10-07-2023 19:00,1376,East,Pune,151,Home,Cash,0.25,2928.62,7,20500.34,5125.085,15729.06
4581,10-07-2023 20:00,1550,East,Delhi,202,Electronics,Cash,0.27,821.55,2,1643.1,443.637,1446.67
4582,10-07-2023 21:00,1539,South,Pune,460,Electronics,NetBanking,0.16,1336.13,1,1336.13,213.7808,1470.33
4583,10-07-2023 22:00,1770,West,Delhi,286,Sports,NetBanking,0.01,2350.14,4,9400.56,94.0056,8971.3
4584,10-07-2023 23:00,1083,East,Bangalore,304,Electronics,NetBanking,0.28,635.8,6,3814.8,1068.144,2728.7
4585,11-07-2023 00:00,1453,South,Mumbai,113,Clothing,Cash,0.21,4968.87,4,19875.48,4173.8508,15745.9
4586,11-07-2023 01:00,1666,East,Bangalore,203,Home,Card,0.12,910.31,1,910.31,109.2372,817.29
4587,11-07-2023 02:00,1628,East,Delhi,216,Home,UPI,0.18,3928.43,1,3928.43,707.1174,3048.19
4588,11-07-2023 03:00,1513,North,Chennai,403,Sports,Card,,4166.21,9,37495.89,4874.4657,32665.32
4589,11-07-2023 04:00,1604,North,Bangalore,192,Home,UPI,0.14,4972.87,1,4972.87,696.2018,3766.6
4590,11-07-2023 05:00,1677,North,Chennai,243,Electronics,Card,0.27,2200.4,7,15402.8,4158.756,11379.99
4591,11-07-2023 06:00,1386,South,Chennai,209,Home,NetBanking,0.05,4383.06,7,30681.42,1534.071,28945.21
4592,11-07-2023 07:00,1911,West,Delhi,262,Home,Cash,0.03,4791.94,1,4791.94,143.7582,3995.37
4593,11-07-2023 08:00,1349,West,Delhi,152,Electronics,UPI,0,947.18,1,947.18,0,952.13
4594,11-07-2023 09:00,1295,South,Mumbai,102,Electronics,Card,0.09,2449.24,6,14695.44,1322.5896,13837.28
4595,11-07-2023 10:00,1257,East,Pune,167,Home,Cash,0.04,394.05,8,3152.4,126.096,2456.04
4596,11-07-2023 11:00,1080,South,Bangalore,345,Clothing,UPI,0.07,3141.55,7,21990.85,1539.3595,20378.58
4597,11-07-2023 12:00,1936,East,Delhi,488,Electronics,UPI,0,2948.89,6,17693.34,0,17206.71
4598,11-07-2023 13:00,1267,South,Bangalore,237,Clothing,Cash,0.07,1100.22,3,3300.66,231.0462,3146.73
4599,11-07-2023 14:00,1418,South,Chennai,407,Clothing,NetBanking,0.1,4009.72,7,28068.04,2806.804,25522.55
4600,11-07-2023 15:00,1234,South,Pune,451,Sports,Cash,0.01,282.62,6,1695.72,16.9572,1435.99
4601,11-07-2023 16:00,1832,West,Mumbai,386,Clothing,NetBanking,0.18,4050.51,8,32404.08,5832.7344,26444.26
4602,11-07-2023 17:00,1310,North,Bangalore,165,Sports,Card,,230.56,4,922.24,156.7808,720.85
4603,11-07-2023 18:00,1812,South,Pune,446,Clothing,Card,0.03,3318.46,9,29866.14,895.9842,29341.98
4604,11-07-2023 19:00,1974,West,Mumbai,424,Sports,Cash,0.18,485.97,1,485.97,87.4746,-20.96
4605,11-07-2023 20:00,1985,North,Bangalore,254,Electronics,NetBanking,0.3,1331.01,7,9317.07,2795.121,6385.79
4606,11-07-2023 21:00,1356,North,Pune,186,Home,Card,0.28,3637.38,9,32736.42,9166.1976,24041.44
4607,11-07-2023 22:00,1212,South,Delhi,132,Home,NetBanking,0,1473.98,1,1473.98,0,1255.77
4608,11-07-2023 23:00,1573,East,Bangalore,167,Sports,NetBanking,0.24,2604.75,3,7814.25,1875.42,5820.48
4609,12-07-2023 00:00,1048,East,Pune,286,Electronics,NetBanking,,4584.72,,32093.04,3530.2344,28616.84
4610,12-07-2023 01:00,1126,East,Mumbai,291,Sports,Cash,0.02,,9,3088.89,61.7778,3725.26
4611,12-07-2023 02:00,1222,South,Pune,312,Sports,NetBanking,0.09,4074.29,1,4074.29,366.6861,3372.39
4612,12-07-2023 03:00,1920,East,Delhi,187,Electronics,Cash,0.1,419.83,6,2518.98,251.898,2493.69
4613,12-07-2023 04:00,1278,West,Bangalore,450,Clothing,Card,,721.29,2,1442.58,230.8128,855.43
4614,12-07-2023 05:00,1407,West,Bangalore,207,Clothing,Card,0.2,684.66,,3423.3,684.66,2436.38
4615,12-07-2023 06:00,1504,West,Bangalore,339,Electronics,UPI,0.22,4971.1,7,34797.7,7655.494,26988.17
4616,12-07-2023 07:00,1293,West,Delhi,315,Sports,UPI,0.07,982.91,,6880.37,481.6259,6538.2
4617,12-07-2023 08:00,1795,North,Mumbai,276,Home,Card,0.1,4494.13,7,31458.91,3145.891,28148.1
4618,12-07-2023 09:00,1276,West,Bangalore,152,Sports,NetBanking,0.09,4955.57,4,19822.28,1784.0052,18078.15
4619,12-07-2023 10:00,1437,East,Mumbai,429,Clothing,NetBanking,0.11,1980.55,6,11883.3,1307.163,10360.89
4620,12-07-2023 11:00,1106,South,Pune,148,Electronics,Card,0.3,3192.14,6,19152.84,5745.852,13431.43
4621,12-07-2023 12:00,1657,East,Mumbai,468,Electronics,Card,,3917.55,7,27422.85,6307.2555,20726.28
4622,12-07-2023 13:00,1419,West,Mumbai,213,Electronics,UPI,0.29,2023.96,9,18215.64,5282.5356,12551.25
4623,12-07-2023 14:00,1610,North,Bangalore,194,Clothing,NetBanking,0.21,892.89,6,5357.34,1125.0414,4078.24
4624,12-07-2023 15:00,1428,West,Chennai,124,Sports,Card,0.12,2225.44,1,2225.44,267.0528,2141.71
4625,12-07-2023 16:00,1374,South,Chennai,231,Electronics,UPI,0.12,3882.25,8,31058,3726.96,27389.18
4626,12-07-2023 17:00,1072,East,Delhi,278,Home,UPI,0.15,3925.74,2,7851.48,1177.722,6441.45
4627,12-07-2023 18:00,1948,South,Delhi,494,Electronics,NetBanking,0.13,1229.64,3,3688.92,479.5596,2869.89
4628,12-07-2023 19:00,1997,South,Chennai,244,Sports,UPI,0.25,957.33,5,4786.65,1196.6625,3900.13
4629,12-07-2023 20:00,1633,South,Pune,463,Clothing,UPI,0.14,4610.75,6,27664.5,3873.03,24200.44
4630,12-07-2023 21:00,1029,East,Bangalore,297,Home,Cash,0.09,315.6,7,2209.2,198.828,2162.69
4631,12-07-2023 22:00,1187,West,Bangalore,424,Home,Card,0.23,3700.22,4,14800.88,3404.2024,11503.34
4632,12-07-2023 23:00,1363,South,Pune,183,Electronics,NetBanking,0.26,327.46,3,982.38,255.4188,85.62
4633,13-07-2023 00:00,1865,East,Pune,256,Sports,Card,0.13,4205.71,9,37851.39,4920.6807,33108.8
4634,13-07-2023 01:00,1799,North,Chennai,184,Electronics,Cash,0.2,4536.53,4,18146.12,3629.224,14993.42
4635,13-07-2023 02:00,1450,East,Delhi,352,Home,NetBanking,0.02,1557.35,9,14016.15,280.323,14057.49
4636,13-07-2023 03:00,1194,North,Pune,474,Electronics,Card,0.16,462.28,9,4160.52,665.6832,3800.25
4637,13-07-2023 04:00,1155,East,Delhi,171,Sports,UPI,0.01,2455.35,3,7366.05,73.6605,6795.79
4638,13-07-2023 05:00,1171,West,Mumbai,322,Clothing,NetBanking,0.01,1562.47,3,4687.41,46.8741,4429.24
4639,13-07-2023 06:00,1846,South,Bangalore,375,Home,Cash,0.18,2143.97,8,17151.76,3087.3168,14020.99
4640,13-07-2023 07:00,1040,West,Chennai,382,Sports,UPI,0.09,3358.43,1,3358.43,302.2587,2842.68
4641,13-07-2023 08:00,1062,East,Bangalore,363,Electronics,Cash,0.22,1128.15,6,6768.9,1489.158,4931.78
4642,13-07-2023 09:00,1022,South,Chennai,345,Home,UPI,0.27,1849.06,6,11094.36,2995.4772,8224.62
4643,13-07-2023 10:00,1359,North,Mumbai,440,Electronics,Card,0.04,3934.56,9,35411.04,1416.4416,34293.62
4644,13-07-2023 11:00,1074,East,Bangalore,160,Electronics,Card,0.22,3254.43,2,6508.86,1431.9492,4657.99
4645,13-07-2023 12:00,1559,South,Mumbai,358,Clothing,Card,0.15,1698.75,8,13590,2038.5,11862.88
4646,13-07-2023 13:00,1671,North,Chennai,106,Electronics,Cash,0.03,3355.08,7,23485.56,704.5668,22847.97
4647,13-07-2023 14:00,1824,North,Pune,287,Electronics,NetBanking,0.2,3850.03,2,7700.06,1540.012,6646.96
4648,13-07-2023 15:00,1117,West,Bangalore,103,Sports,Card,0.18,3003.18,1,3003.18,540.5724,2701.06
4649,13-07-2023 16:00,1611,East,Mumbai,330,Electronics,Cash,0.15,1273.53,4,5094.12,764.118,4368.97
4650,13-07-2023 17:00,1379,North,Bangalore,232,Clothing,UPI,0.28,101.2,2,202.4,56.672,187.05
4651,13-07-2023 18:00,1928,South,Bangalore,494,Electronics,Card,,4033.96,3,12101.88,1936.3008,10166.22
4652,13-07-2023 19:00,1919,North,Bangalore,224,Electronics,UPI,0.3,4130.9,2,8261.8,2478.54,6328.83
4653,13-07-2023 20:00,1678,North,Delhi,114,Electronics,Card,0.15,3518.26,9,31664.34,4749.651,27098.31
4654,13-07-2023 21:00,1289,West,Mumbai,112,Home,UPI,0.03,475.25,4,1901,57.03,1733.57
4655,13-07-2023 22:00,1439,West,Mumbai,217,Clothing,Cash,0.14,2967.59,1,2967.59,415.4626,2722.91
4656,13-07-2023 23:00,1667,South,Bangalore,339,Home,Card,0.05,4123,8,32984,1649.2,31474.63
4657,14-07-2023 00:00,1932,West,Pune,362,Clothing,Cash,0.18,2009.37,4,8037.48,1446.7464,6463.89
4658,14-07-2023 01:00,1006,North,Bangalore,459,Clothing,Cash,0.21,1070.2,8,8561.6,1797.936,6517.62
4659,14-07-2023 02:00,1195,North,Delhi,105,Sports,UPI,0.14,2979.37,8,23834.96,3336.8944,20852.65
4660,14-07-2023 03:00,1420,West,Chennai,419,Home,Card,0.03,4148.9,9,37340.1,1120.203,36141.18
4661,14-07-2023 04:00,1567,North,Delhi,330,Clothing,NetBanking,0.14,339.46,7,2376.22,332.6708,1947.98
4662,14-07-2023 05:00,1832,North,Pune,129,Clothing,NetBanking,0.02,3025.06,4,12100.24,242.0048,12032.78
4663,14-07-2023 06:00,1192,South,Bangalore,121,Sports,Cash,0.2,3251.55,2,6503.1,1300.62,5047.15
4664,14-07-2023 07:00,1558,West,Mumbai,255,Home,UPI,0.24,3051.6,6,18309.6,4394.304,13983.89
4665,14-07-2023 08:00,1147,North,Bangalore,217,Electronics,UPI,0.29,3285.17,4,13140.68,3810.7972,9215.81
4666,14-07-2023 09:00,1786,West,Pune,439,Sports,UPI,0.04,3193.74,6,19162.44,766.4976,17622.16
4667,14-07-2023 10:00,1668,South,Mumbai,488,Clothing,Card,0.16,738.98,8,5911.84,945.8944,5081.85
4668,14-07-2023 11:00,1201,West,Delhi,292,Home,Card,0.17,1251.19,3,3753.57,638.1069,3194.01
4669,14-07-2023 12:00,1443,North,Chennai,498,Clothing,UPI,0.28,3133.07,1,3133.07,877.2596,2361.96
4670,14-07-2023 13:00,1913,West,Chennai,445,Sports,NetBanking,0.19,186.7,5,933.5,177.365,133.47
4671,14-07-2023 14:00,1987,North,Bangalore,294,Sports,NetBanking,0.04,3210.25,3,9630.75,385.23,8840.32
4672,14-07-2023 15:00,1418,North,Delhi,267,Home,Card,0.13,3360.39,,20162.34,2621.1042,17889.99
4673,14-07-2023 16:00,1426,North,Pune,476,Sports,UPI,0.2,1271.96,,3815.88,763.176,3074.87
4674,14-07-2023 17:00,1478,South,Chennai,338,Sports,NetBanking,0.21,3030.85,1,3030.85,636.4785,1826.32
4675,14-07-2023 18:00,1474,West,Delhi,461,Electronics,NetBanking,0.26,2717.04,9,24453.36,6357.8736,18120.86
4676,14-07-2023 19:00,1125,South,Bangalore,343,Clothing,Card,0.05,1377.39,5,6886.95,344.3475,6071.66
4677,14-07-2023 20:00,1394,West,Mumbai,168,Electronics,Card,0.29,2368.57,2,4737.14,1373.7706,3191.38
4678,14-07-2023 21:00,1816,South,Bangalore,194,Electronics,NetBanking,0.02,4557.16,2,9114.32,182.2864,9008.11
4679,14-07-2023 22:00,1880,East,Bangalore,176,Home,UPI,0.3,2190.35,9,19713.15,5913.945,13875.71
4680,14-07-2023 23:00,1805,North,Delhi,270,Sports,NetBanking,0.26,3186.24,1,3186.24,828.4224,2659.87
4681,15-07-2023 00:00,1575,North,Chennai,100,Clothing,NetBanking,0.2,273.22,3,819.66,163.932,795.31
4682,15-07-2023 01:00,1324,South,Delhi,161,Clothing,UPI,0.22,481.22,7,3368.54,741.0788,2785.94
4683,15-07-2023 02:00,1391,East,Mumbai,306,Clothing,Card,0.02,,1,498.41,9.9682,374
4684,15-07-2023 03:00,1929,North,Delhi,253,Sports,UPI,0.01,3913.38,2,7826.76,78.2676,7493.37
4685,15-07-2023 04:00,1687,West,Pune,373,Clothing,UPI,0.03,1816.26,6,10897.56,326.9268,10585.31
4686,15-07-2023 05:00,1627,South,Bangalore,147,Clothing,UPI,0.03,1215.3,9,10937.7,328.131,10915.6
4687,15-07-2023 06:00,1439,North,Chennai,236,Sports,UPI,0.16,,,33857.01,5417.1216,114750.84
4688,15-07-2023 07:00,1203,North,Mumbai,100,Home,Card,0.06,932.8,8,7462.4,447.744,6954.32
4689,15-07-2023 08:00,1485,South,Bangalore,334,Clothing,NetBanking,0.26,1307.81,3,3923.43,1020.0918,2885.45
4690,15-07-2023 09:00,1832,South,Delhi,492,Sports,Cash,0.13,2211.56,2,4423.12,575.0056,3577.4
4691,15-07-2023 10:00,1030,West,Pune,355,Electronics,Card,,1724.05,1,1724.05,362.0505,1707.15
4692,15-07-2023 11:00,1387,West,Delhi,206,Sports,UPI,0.2,2968.42,9,26715.78,5343.156,21857.16
4693,15-07-2023 12:00,1624,North,Bangalore,272,Electronics,NetBanking,0.1,1755.42,5,8777.1,877.71,8031.19
4694,15-07-2023 13:00,1876,North,Mumbai,229,Sports,NetBanking,,2025.46,3,6076.38,425.3466,5160.33
4695,15-07-2023 14:00,1433,South,Chennai,497,Clothing,UPI,0.1,4328.14,5,21640.7,2164.07,19678.65
4696,15-07-2023 15:00,1836,North,Bangalore,393,Home,Card,0.24,4434.2,3,13302.6,3192.624,10606.33
4697,15-07-2023 16:00,1925,North,Mumbai,139,Home,UPI,0.18,4155.78,9,37402.02,6732.3636,30334.11
4698,15-07-2023 17:00,1375,South,Bangalore,437,Clothing,NetBanking,0.08,4337.67,1,4337.67,347.0136,4244.41
4699,15-07-2023 18:00,1343,North,Pune,115,Electronics,NetBanking,0.25,,1,2891.67,722.9175,2112.35
4700,15-07-2023 19:00,1442,North,Delhi,226,Sports,Card,0.02,3266.54,3,9799.62,195.9924,9976.78
4701,15-07-2023 20:00,1578,East,Chennai,472,Clothing,Cash,0.21,2830.15,6,16980.9,3565.989,13067.58
4702,15-07-2023 21:00,1074,West,Mumbai,448,Sports,UPI,0.13,3949.38,2,7898.76,1026.8388,6741.82
4703,15-07-2023 22:00,1556,South,Chennai,302,Clothing,Cash,0.22,2799.9,1,2799.9,615.978,6854.2
4704,15-07-2023 23:00,1771,East,Chennai,233,Clothing,NetBanking,0.28,644.28,,5154.24,1443.1872,3812.91
4705,16-07-2023 00:00,1665,West,Chennai,358,Sports,Cash,0.23,4066.94,9,36602.46,8418.5658,28349.82
4706,16-07-2023 01:00,1154,West,Mumbai,113,Home,UPI,0.13,3826.87,1,3826.87,497.4931,3432.57
4707,16-07-2023 02:00,1429,West,Mumbai,165,Home,UPI,0.05,4119.47,3,12358.41,617.9205,11585.77
4708,16-07-2023 03:00,1362,East,Chennai,450,Electronics,NetBanking,0.24,1033.1,5,5165.5,1239.72,3793.96
4709,16-07-2023 04:00,1447,East,Delhi,441,Sports,Card,0.14,1430.92,7,10016.44,1402.3016,8515.98
4710,16-07-2023 05:00,1986,West,Bangalore,294,Electronics,Card,0.02,1549.18,4,6196.72,123.9344,6338.38
4711,16-07-2023 06:00,1233,North,Chennai,213,Clothing,NetBanking,0.22,2589.59,6,15537.54,3418.2588,11683.49
4712,16-07-2023 07:00,1562,North,Pune,258,Electronics,UPI,0.09,756,1,756,68.04,585.79
4713,16-07-2023 08:00,1817,East,Chennai,260,Clothing,Card,0.01,1988.37,4,7953.48,79.5348,7432.25
4714,16-07-2023 09:00,1261,East,Mumbai,353,Sports,Cash,0.27,992.57,8,7940.56,2143.9512,5673.84
4715,16-07-2023 10:00,1826,East,Bangalore,484,Sports,NetBanking,0.14,1397.34,5,6986.7,978.138,6004.29
4716,16-07-2023 11:00,1124,West,Pune,114,Sports,Cash,0.08,3561.3,8,28490.4,2279.232,26841.31
4717,16-07-2023 12:00,1910,North,Bangalore,136,Sports,UPI,0.21,4288.57,1,4288.57,900.5997,3187.66
4718,16-07-2023 13:00,1244,East,Bangalore,254,Electronics,Card,0.27,,9,1910.16,515.7432,1702.54
4719,16-07-2023 14:00,1541,East,Pune,126,Clothing,UPI,0,2872.9,4,11491.6,0,10978.5
4720,16-07-2023 15:00,1937,South,Chennai,111,Home,Cash,0.21,276.69,9,2490.21,522.9441,1979.2
4721,16-07-2023 16:00,1484,West,Chennai,166,Sports,UPI,0.23,517.72,8,4141.76,952.6048,3200.44
4722,16-07-2023 17:00,1121,South,Chennai,129,Sports,UPI,0.06,3554.91,8,28439.28,1706.3568,26956.49
4723,16-07-2023 18:00,1124,North,Delhi,195,Clothing,NetBanking,0.15,3704.48,2,7408.96,1111.344,6133.75
4724,16-07-2023 19:00,1548,South,Chennai,314,Home,NetBanking,0.03,4088.51,3,12265.53,367.9659,11662.09
4725,16-07-2023 20:00,1169,South,Pune,293,Sports,UPI,0.22,2423.78,9,21814.02,4799.0844,16390.9
4726,16-07-2023 21:00,1123,South,Delhi,234,Home,NetBanking,0.25,4313.06,3,12939.18,3234.795,9803.7
4727,16-07-2023 22:00,1868,West,Chennai,389,Sports,UPI,0.03,917.51,8,7340.08,220.2024,6927.26
4728,16-07-2023 23:00,1034,North,Delhi,131,Electronics,Cash,0.24,,5,6618.05,1588.332,5337.35
4729,17-07-2023 00:00,1086,South,Pune,472,Electronics,NetBanking,0.23,759.06,7,5313.42,1222.0866,4244.87
4730,17-07-2023 01:00,1645,West,Chennai,138,Home,UPI,0.1,4007.93,4,16031.72,1603.172,14784.2
4731,17-07-2023 02:00,1707,North,Mumbai,451,Clothing,NetBanking,0.21,1220.51,8,9764.08,2050.4568,7451.56
4732,17-07-2023 03:00,1785,East,Pune,305,Clothing,UPI,0,862.01,4,3448.04,0,3509.4
4733,17-07-2023 04:00,1200,South,Bangalore,486,Electronics,NetBanking,0.28,3153.24,5,15766.2,4414.536,11408.65
4734,17-07-2023 05:00,1368,North,Bangalore,142,Clothing,Card,0.17,477.7,1,477.7,81.209,247.66
4735,17-07-2023 06:00,1796,South,Pune,436,Clothing,UPI,0.19,320.01,8,2560.08,486.4152,2442.77
4736,17-07-2023 07:00,1076,East,Bangalore,358,Clothing,Card,0.2,622.92,7,4360.44,872.088,3722.75
4737,17-07-2023 08:00,1058,North,Pune,348,Home,UPI,0.17,101.18,5,505.9,86.003,1029.12
4738,17-07-2023 09:00,1430,West,Mumbai,173,Home,Card,0.26,3515.25,6,21091.5,5483.79,15816.11
4739,17-07-2023 10:00,1637,North,Pune,472,Clothing,UPI,0.18,2854.95,1,2854.95,513.891,2901.72
4740,17-07-2023 11:00,1499,West,Chennai,418,Electronics,NetBanking,0.27,1128.39,8,9027.12,2437.3224,7143.64
4741,17-07-2023 12:00,1912,North,Chennai,466,Clothing,Card,0.17,1241.72,9,11175.48,1899.8316,9128.18
4742,17-07-2023 13:00,1108,West,Delhi,395,Sports,NetBanking,0.05,4073.75,5,20368.75,1018.4375,18909.45
4743,17-07-2023 14:00,1735,East,Bangalore,373,Electronics,UPI,0.27,2558.92,7,17912.44,4836.3588,13582.06
4744,17-07-2023 15:00,1277,East,Bangalore,422,Home,NetBanking,0.2,3522.79,4,14091.16,2818.232,11481.07
4745,17-07-2023 16:00,1067,East,Pune,458,Sports,UPI,0.21,,6,13911,2921.31,11146.07
4746,17-07-2023 17:00,1068,North,Bangalore,289,Clothing,NetBanking,0.3,1264.82,,2529.64,758.892,1636.15
4747,17-07-2023 18:00,1164,East,Chennai,237,Clothing,Card,0.02,4854.97,4,19419.88,388.3976,19150.63
4748,17-07-2023 19:00,1488,South,Mumbai,401,Electronics,UPI,0.13,2871.67,5,14358.35,1866.5855,12796.88
4749,17-07-2023 20:00,1304,East,Pune,410,Electronics,NetBanking,0.07,741.81,9,6676.29,467.3403,6406.53
4750,17-07-2023 21:00,1908,West,Bangalore,430,Clothing,UPI,0.19,2089.84,9,18808.56,3573.6264,15050.79
4751,17-07-2023 22:00,1673,West,Chennai,452,Clothing,UPI,0.24,,8,13710,3290.4,10882.3
4752,17-07-2023 23:00,1364,West,Delhi,381,Electronics,UPI,0.29,1149.03,4,4596.12,1332.8748,3300.69
4753,18-07-2023 00:00,1853,North,Bangalore,265,Sports,Cash,0.14,4673.86,6,28043.16,3926.0424,24320.87
4754,18-07-2023 01:00,1820,South,Mumbai,377,Home,UPI,0.24,4416.51,7,30915.57,7419.7368,23748.01
4755,18-07-2023 02:00,1378,East,Mumbai,125,Electronics,NetBanking,0.28,1075.82,1,1075.82,301.2296,1414.11
4756,18-07-2023 03:00,1342,South,Bangalore,172,Sports,Cash,0.2,1825.52,1,1825.52,365.104,1584.76
4757,18-07-2023 04:00,1946,South,Bangalore,214,Clothing,NetBanking,0.07,,4,15341.4,1073.898,14251.82
4758,18-07-2023 05:00,1898,West,Chennai,150,Home,Cash,0.18,1121.68,3,3365.04,605.7072,3333.45
4759,18-07-2023 06:00,1553,West,Bangalore,468,Sports,UPI,0.29,2998.67,4,11994.68,3478.4572,8848.62
4760,18-07-2023 07:00,1353,West,Delhi,270,Home,Card,0.3,3528.99,9,31760.91,9528.273,22324.46
4761,18-07-2023 08:00,1415,North,Chennai,367,Home,Card,0.19,3304.46,2,6608.92,1255.6948,5426.15
4762,18-07-2023 09:00,1108,South,Pune,102,Home,UPI,0.27,3561.4,4,14245.6,3846.312,9811.27
4763,18-07-2023 10:00,1562,South,Delhi,309,Sports,Cash,0.06,3562.83,7,24939.81,1496.3886,23417.18
4764,18-07-2023 11:00,1761,North,Chennai,475,Sports,NetBanking,0.07,4827.55,2,9655.1,675.857,8558.51
4765,18-07-2023 12:00,1496,North,Chennai,490,Clothing,Card,,1797.84,8,14382.72,4170.9888,9410.83
4766,18-07-2023 13:00,1340,North,Mumbai,489,Home,UPI,0.04,4405.09,4,17620.36,704.8144,16736.76
4767,18-07-2023 14:00,1941,South,Chennai,437,Electronics,UPI,0.06,206.85,9,1861.65,111.699,1335.51
4768,18-07-2023 15:00,1382,South,Delhi,400,Electronics,Cash,0.13,1512.19,1,1512.19,196.5847,1209.08
4769,18-07-2023 16:00,1532,West,Bangalore,482,Electronics,Card,0.18,338.41,7,2368.87,426.3966,2034.89
4770,18-07-2023 17:00,1299,West,Delhi,441,Sports,UPI,0.18,3290.9,1,3290.9,592.362,2851.28
4771,18-07-2023 18:00,1138,South,Pune,214,Clothing,Card,0.09,593.87,9,5344.83,481.0347,4831.01
4772,18-07-2023 19:00,1358,West,Chennai,266,Sports,NetBanking,,4243.96,1,4243.96,1188.3088,2669.01
4773,18-07-2023 20:00,1835,North,Chennai,364,Home,UPI,0.27,3268.3,3,9804.9,2647.323,7121.23
4774,18-07-2023 21:00,1498,East,Chennai,326,Electronics,UPI,0.12,241.2,7,1688.4,202.608,1166.07
4775,18-07-2023 22:00,1384,West,Chennai,250,Sports,NetBanking,0.13,3602.41,1,3602.41,468.3133,3555.11
4776,18-07-2023 23:00,1603,South,Mumbai,367,Electronics,UPI,0.21,4323.97,5,21619.85,4540.1685,17035.39
4777,19-07-2023 00:00,1958,West,Mumbai,215,Sports,Cash,0.2,3339.49,6,20036.94,4007.388,15687.8
4778,19-07-2023 01:00,1279,West,Bangalore,187,Electronics,NetBanking,0.11,249.57,3,748.71,82.3581,351.05
4779,19-07-2023 02:00,1636,West,Chennai,417,Home,Cash,0.12,4303.81,6,25822.86,3098.7432,22726.2
4780,19-07-2023 03:00,1482,East,Pune,341,Electronics,NetBanking,0.1,3689.07,4,14756.28,1475.628,13298.1
4781,19-07-2023 04:00,1908,North,Bangalore,459,Home,NetBanking,0.07,1954.41,6,11726.46,820.8522,10847.55
4782,19-07-2023 05:00,1110,South,Chennai,428,Home,Cash,0.14,,6,10261.74,1436.6436,9123.23
4783,19-07-2023 06:00,1865,East,Mumbai,432,Sports,NetBanking,0.21,2451.12,4,9804.48,2058.9408,7457.04
4784,19-07-2023 07:00,1138,South,Pune,139,Sports,Card,0.22,4348.8,1,4348.8,956.736,3693.14
4785,19-07-2023 08:00,1995,South,Bangalore,281,Sports,Cash,0.23,1335.09,3,4005.27,921.2121,3055.87
4786,19-07-2023 09:00,1434,South,Pune,308,Home,NetBanking,0.11,594.72,7,4163.04,457.9344,3963.87
4787,19-07-2023 10:00,1508,East,Chennai,490,Clothing,Cash,0.23,4336.72,2,8673.44,1994.8912,6490.88
4788,19-07-2023 11:00,1272,North,Delhi,372,Clothing,NetBanking,0,228.82,4,915.28,0,1148.72
4789,19-07-2023 12:00,1098,South,Pune,218,Home,NetBanking,,4563.89,6,27383.34,3833.6676,23307.58
4790,19-07-2023 13:00,1763,North,Pune,481,Home,Card,0.24,1598.15,5,7990.75,1917.78,6567.17
4791,19-07-2023 14:00,1849,North,Mumbai,123,Sports,Card,0.19,2590.29,6,15541.74,2952.9306,12564.81
4792,19-07-2023 15:00,1103,West,Chennai,357,Sports,Card,0.14,748.25,5,3741.25,523.775,3088.23
4793,19-07-2023 16:00,1213,East,Pune,191,Sports,NetBanking,0.19,4521.05,9,40689.45,7730.9955,32606.34
4794,19-07-2023 17:00,1760,East,Chennai,260,Clothing,Card,0.27,3774.2,,7548.4,2038.068,5560.91
4795,19-07-2023 18:00,1663,West,Mumbai,248,Clothing,Cash,0.17,4628.36,4,18513.44,3147.2848,15321.57
4796,19-07-2023 19:00,1761,West,Chennai,216,Home,NetBanking,0.24,3447.82,1,3447.82,827.4768,2219.23
4797,19-07-2023 20:00,1786,North,Mumbai,152,Clothing,Cash,0.29,1005,7,7035,2040.15,4773.95
4798,19-07-2023 21:00,1164,South,Mumbai,401,Sports,Card,0.21,1610.51,1,1610.51,338.2071,686.05
4799,19-07-2023 22:00,1998,East,Bangalore,144,Sports,NetBanking,0.17,2485.56,6,14913.36,2535.2712,12039.18
4800,19-07-2023 23:00,1852,South,Chennai,364,Sports,Cash,0.01,3075.57,9,27680.13,276.8013,27366.44
4801,20-07-2023 00:00,1519,South,Delhi,361,Sports,UPI,0.11,4639.65,2,9279.3,1020.723,8364.66
4802,20-07-2023 01:00,1283,West,Bangalore,406,Sports,Cash,0.17,1981.36,1,1981.36,336.8312,1547.39
4803,20-07-2023 02:00,1516,South,Mumbai,333,Electronics,NetBanking,0.24,3545.05,3,10635.15,2552.436,8224.18
4804,20-07-2023 03:00,1656,North,Delhi,474,Home,UPI,0.13,4808.94,6,28853.64,3750.9732,24815.08
4805,20-07-2023 04:00,1612,West,Pune,134,Home,Card,0.29,,7,5926.41,1718.6589,4340.88
4806,20-07-2023 05:00,1163,South,Pune,437,Clothing,Card,0.08,4327.28,8,34618.24,2769.4592,31825.62
4807,20-07-2023 06:00,1885,West,Bangalore,296,Sports,Cash,0.22,2161.46,4,8645.84,1902.0848,6681.95
4808,20-07-2023 07:00,1658,North,Delhi,124,Electronics,Card,0.13,3688.87,8,29510.96,3836.4248,25673.47
4809,20-07-2023 08:00,1063,North,Chennai,494,Sports,Cash,0.15,1538.34,7,10768.38,1615.257,8973.35
4810,20-07-2023 09:00,1090,South,Delhi,301,Sports,Cash,0.24,1736.52,8,13892.16,3334.1184,10097.73
4811,20-07-2023 10:00,1116,West,Bangalore,372,Clothing,Cash,0.09,232.95,5,1164.75,104.8275,2985.48
4812,20-07-2023 11:00,1865,South,Chennai,135,Electronics,Cash,0.03,4859.88,7,34019.16,1020.5748,32575.03
4813,20-07-2023 12:00,1266,South,Chennai,322,Electronics,NetBanking,0.16,4085.92,4,16343.68,2614.9888,13660.33
4814,20-07-2023 13:00,1821,West,Pune,451,Home,NetBanking,0.16,560.2,1,560.2,89.632,675.38
4815,20-07-2023 14:00,1684,South,Delhi,376,Sports,UPI,0.24,4997.59,3,14992.77,3598.2648,11839.6
4816,20-07-2023 15:00,1558,North,Chennai,117,Electronics,UPI,0.29,3064.62,9,27581.58,7998.6582,19444.57
4817,20-07-2023 16:00,1139,West,Bangalore,287,Home,Card,0.02,4283.27,4,17133.08,342.6616,16742.18
4818,20-07-2023 17:00,1245,West,Pune,356,Electronics,NetBanking,0.18,426.64,5,2133.2,383.976,2314.01
4819,20-07-2023 18:00,1660,West,Chennai,241,Sports,UPI,0.2,2008.31,3,6024.93,1204.986,4699.13
4820,20-07-2023 19:00,1757,West,Delhi,235,Home,NetBanking,0.3,3381.29,,20287.74,6086.322,14013.41
4821,20-07-2023 20:00,1394,South,Pune,406,Electronics,NetBanking,0.28,621.53,4,2486.12,696.1136,1750.89
4822,20-07-2023 21:00,1486,South,Delhi,178,Clothing,Card,0.21,2495.62,5,12478.1,2620.401,9730.35
4823,20-07-2023 22:00,1475,North,Delhi,391,Electronics,Card,0.16,2269.12,7,15883.84,2541.4144,13138.86
4824,20-07-2023 23:00,1516,East,Delhi,161,Sports,Cash,0.05,1158.6,7,8110.2,405.51,7282.36
4825,21-07-2023 00:00,1976,East,Pune,228,Clothing,NetBanking,0.12,1571.32,9,14141.88,1697.0256,12922.64
4826,21-07-2023 01:00,1183,North,Chennai,440,Electronics,Cash,0.18,4838.88,2,9677.76,1741.9968,8100.98
4827,21-07-2023 02:00,1019,East,Mumbai,397,Electronics,Cash,,1514.38,,6057.52,1332.6544,5209.8
4828,21-07-2023 03:00,1936,North,Chennai,356,Home,Cash,,1145.79,8,9166.32,1741.6008,7711.13
4829,21-07-2023 04:00,1557,South,Pune,311,Sports,NetBanking,0.21,2727.42,,10909.68,2291.0328,8623.33
4830,21-07-2023 05:00,1523,West,Mumbai,153,Electronics,NetBanking,0.13,3387.69,3,10163.07,1321.1991,8340.83
4831,21-07-2023 06:00,1581,West,Mumbai,274,Electronics,Cash,0.22,3652.96,6,21917.76,4821.9072,16823.12
4832,21-07-2023 07:00,1528,South,Mumbai,199,Electronics,NetBanking,0.04,3795.81,3,11387.43,455.4972,10827.33
4833,21-07-2023 08:00,1882,West,Bangalore,138,Sports,Cash,0.05,280.48,2,560.96,28.048,243.75
4834,21-07-2023 09:00,1146,West,Pune,362,Clothing,UPI,0.05,2029.43,9,18264.87,913.2435,16805.74
4835,21-07-2023 10:00,1665,East,Bangalore,249,Sports,NetBanking,0.27,3892.39,3,11677.17,3152.8359,8257.06
4836,21-07-2023 11:00,1303,South,Mumbai,220,Home,Card,0.02,4533.78,1,4533.78,90.6756,4384.88
4837,21-07-2023 12:00,1619,East,Bangalore,277,Home,Card,0.24,3050.78,9,27457.02,6589.6848,21344.31
4838,21-07-2023 13:00,1747,East,Bangalore,400,Sports,Cash,0.07,356.3,5,1781.5,124.705,1454.86
4839,21-07-2023 14:00,1819,West,Pune,429,Electronics,UPI,0.14,2043.56,7,14304.92,2002.6888,12498.84
4840,21-07-2023 15:00,1863,West,Delhi,219,Electronics,NetBanking,0.27,463.71,2,927.42,250.4034,383.99
4841,21-07-2023 16:00,1581,South,Bangalore,171,Clothing,Cash,0.18,3767.84,1,3767.84,678.2112,3022.31
4842,21-07-2023 17:00,1694,West,Bangalore,318,Sports,UPI,0.06,411.18,6,2467.08,148.0248,2308.74
4843,21-07-2023 18:00,1761,West,Mumbai,493,Sports,UPI,0.09,1010.08,5,5050.4,454.536,5075.91
4844,21-07-2023 19:00,1227,South,Mumbai,497,Electronics,NetBanking,0.28,2143.1,6,12858.6,3600.408,8457.11
4845,21-07-2023 20:00,1101,West,Mumbai,401,Home,Card,0.13,2366.98,2,4733.96,615.4148,3875.13
4846,21-07-2023 21:00,1586,East,Chennai,222,Home,Card,0.18,2091.76,7,14642.32,2635.6176,12080.78
4847,21-07-2023 22:00,1416,South,Bangalore,343,Clothing,UPI,0.14,2370.64,1,2370.64,331.8896,2164.16
4848,21-07-2023 23:00,1957,West,Mumbai,473,Clothing,Card,0.11,3594.87,8,28758.96,3163.4856,25242.35
4849,22-07-2023 00:00,1215,North,Pune,174,Home,UPI,0.07,1909.42,7,13365.94,935.6158,12418.77
4850,22-07-2023 01:00,1406,South,Chennai,105,Sports,UPI,0.21,2783.98,7,19487.86,4092.4506,15399.27
4851,22-07-2023 02:00,1398,South,Delhi,120,Clothing,UPI,0.22,1586.51,6,9519.06,2094.1932,7866.34
4852,22-07-2023 03:00,1922,North,Bangalore,289,Electronics,Card,0.08,1832.77,5,9163.85,733.108,8493.28
4853,22-07-2023 04:00,1714,West,Bangalore,324,Sports,Cash,0.24,3107.61,9,27968.49,6712.4376,21213.51
4854,22-07-2023 05:00,1703,West,Pune,202,Electronics,Card,0.26,2503.42,3,7510.26,1952.6676,5346.48
4855,22-07-2023 06:00,1760,South,Delhi,443,Clothing,Cash,0.28,,9,32785.92,9180.0576,23788.15
4856,22-07-2023 07:00,1498,South,Delhi,198,Home,Card,0.05,2846.64,5,14233.2,711.66,13445.09
4857,22-07-2023 08:00,1753,West,Chennai,417,Clothing,NetBanking,0.09,4037.51,8,32300.08,2907.0072,29223.09
4858,22-07-2023 09:00,1464,West,Bangalore,462,Home,NetBanking,0.26,2272.7,,6818.1,1772.706,4751.36
4859,22-07-2023 10:00,1690,East,Mumbai,182,Sports,Card,0.06,2506.06,7,17542.42,1052.5452,16400.81
4860,22-07-2023 11:00,1948,South,Pune,280,Clothing,NetBanking,0,3382.86,4,13531.44,0,13740.99
4861,22-07-2023 12:00,1973,South,Pune,251,Clothing,NetBanking,0.26,1184.1,5,5920.5,1539.33,4227.25
4862,22-07-2023 13:00,1730,North,Pune,155,Clothing,NetBanking,,1991.05,4,7964.2,796.42,7178.11
4863,22-07-2023 14:00,1081,East,Pune,289,Sports,NetBanking,0.12,,,28455.48,3414.6576,24873.74
4864,22-07-2023 15:00,1603,West,Mumbai,121,Electronics,Cash,0.13,241.49,7,1690.43,219.7559,1521.8
4865,22-07-2023 16:00,1946,East,Mumbai,167,Electronics,UPI,0.25,2241.16,6,13446.96,3361.74,10110.2
4866,22-07-2023 17:00,1686,West,Chennai,284,Home,Cash,0.1,3034.36,6,18206.16,1820.616,16149.39
4867,22-07-2023 18:00,1750,West,Bangalore,109,Clothing,UPI,0.27,4840.14,7,33880.98,9147.8646,24982.67
4868,22-07-2023 19:00,1771,East,Mumbai,165,Electronics,UPI,0.19,4397.38,5,21986.9,4177.511,17372.56
4869,22-07-2023 20:00,1902,South,Chennai,363,Sports,Card,0.16,,3,4426.92,708.3072,4059.18
4870,22-07-2023 21:00,1364,West,Delhi,324,Clothing,Card,0.1,2585.33,3,7755.99,775.599,7079.14
4871,22-07-2023 22:00,1162,East,Bangalore,222,Home,Card,0.07,376.43,7,2635.01,184.4507,2626.92
4872,22-07-2023 23:00,1047,North,Mumbai,137,Electronics,Card,0.19,1279.7,1,1279.7,243.143,541.37
4873,23-07-2023 00:00,1510,East,Delhi,222,Sports,Card,0.13,3896.79,4,15587.16,2026.3308,13545.52
4874,23-07-2023 01:00,1328,North,Chennai,417,Sports,Cash,0.27,704.24,8,5633.92,1521.1584,4572.88
4875,23-07-2023 02:00,1839,West,Mumbai,255,Home,Cash,,1362.68,4,5450.72,817.608,4589.52
4876,23-07-2023 03:00,1115,East,Mumbai,493,Electronics,NetBanking,0.15,4725.81,1,4725.81,708.8715,4056.03
4877,23-07-2023 04:00,1940,East,Delhi,400,Clothing,Cash,,4136.89,5,20684.45,2688.9785,17652.22
4878,23-07-2023 05:00,1848,North,Mumbai,420,Sports,Cash,0.24,3930.96,,3930.96,943.4304,2555.81
4879,23-07-2023 06:00,1336,East,Pune,166,Home,Card,0.13,,9,39026.97,5073.5061,34022.58
4880,23-07-2023 07:00,1880,East,Mumbai,492,Sports,NetBanking,0.08,,,30184.56,2414.7648,27566.37
4881,23-07-2023 08:00,1736,West,Bangalore,232,Sports,Cash,0.26,690.87,7,4836.09,1257.3834,3412.57
4882,23-07-2023 09:00,1863,East,Delhi,461,Electronics,Cash,0.18,2631.15,5,13155.75,2368.035,10806.67
4883,23-07-2023 10:00,1839,South,Bangalore,493,Electronics,NetBanking,0.18,2276.8,4,9107.2,1639.296,7673.81
4884,23-07-2023 11:00,1146,North,Chennai,239,Clothing,UPI,0.18,1624.64,7,11372.48,2047.0464,9483.15
4885,23-07-2023 12:00,1574,East,Bangalore,181,Sports,Card,0.22,4186.8,3,12560.4,2763.288,9827.01
4886,23-07-2023 13:00,1805,North,Pune,157,Home,Cash,0.09,2374.28,8,18994.24,1709.4816,17550.9
4887,23-07-2023 14:00,1322,North,Pune,248,Sports,Cash,0.01,395.46,5,1977.3,19.773,2270.7
4888,23-07-2023 15:00,1442,North,Bangalore,230,Home,NetBanking,0.24,1447.33,5,7236.65,1736.796,5460.37
4889,23-07-2023 16:00,1836,East,Chennai,168,Sports,Cash,0.04,1220.24,1,1220.24,48.8096,1671.92
4890,23-07-2023 17:00,1012,East,Mumbai,444,Home,Card,0.22,4448.65,8,35589.2,7829.624,27433.4
4891,23-07-2023 18:00,1942,North,Pune,349,Sports,Cash,0.02,3272.45,7,22907.15,458.143,21989.1
4892,23-07-2023 19:00,1493,South,Bangalore,419,Sports,UPI,0.11,2845.84,1,2845.84,313.0424,2947.82
4893,23-07-2023 20:00,1700,North,Bangalore,276,Clothing,Card,0.02,2582.58,4,10330.32,206.6064,9913.69
4894,23-07-2023 21:00,1286,South,Bangalore,171,Electronics,UPI,0.16,3285.55,4,13142.2,2102.752,10237.7
4895,23-07-2023 22:00,1719,North,Mumbai,116,Electronics,NetBanking,0.2,3798.89,9,34190.01,6838.002,27254.24
4896,23-07-2023 23:00,1113,West,Delhi,428,Home,Card,0.05,2816.49,2,5632.98,281.649,5719.93
4897,24-07-2023 00:00,1479,North,Chennai,259,Sports,Cash,0.11,4697.6,4,18790.4,2066.944,16631.21
4898,24-07-2023 01:00,1021,North,Delhi,169,Sports,Card,0.28,4886.49,3,14659.47,4104.6516,10022.25
4899,24-07-2023 02:00,1348,East,Chennai,212,Electronics,Card,0.13,4977.18,5,24885.9,3235.167,21563.85
4900,24-07-2023 03:00,1725,South,Chennai,331,Home,Card,0.24,3380.02,7,23660.14,5678.4336,17926
4901,24-07-2023 04:00,1682,West,Bangalore,120,Clothing,UPI,0.28,,5,23349.2,6537.776,16710.6
4902,24-07-2023 05:00,1834,South,Pune,234,Clothing,NetBanking,,2081.95,5,10409.75,3018.8275,7175.19
4903,24-07-2023 06:00,1565,West,Bangalore,362,Clothing,Card,0.27,4312,4,17248,4656.96,12389.53
4904,24-07-2023 07:00,1905,North,Mumbai,210,Sports,Cash,0.1,4554.95,9,40994.55,4099.455,37113.42
4905,24-07-2023 08:00,1809,East,Chennai,345,Home,Card,0.29,4530.29,6,27181.74,7882.7046,19125.07
4906,24-07-2023 09:00,1319,East,Pune,382,Electronics,Card,0.24,4171.15,6,25026.9,6006.456,19068.87
4907,24-07-2023 10:00,1125,South,Chennai,107,Sports,NetBanking,0.25,2092.34,6,12554.04,3138.51,9462.88
4908,24-07-2023 11:00,1276,East,Chennai,383,Sports,Cash,0,878.65,6,5271.9,0,5087.02
4909,24-07-2023 12:00,1975,South,Bangalore,306,Clothing,Cash,0.29,1736.39,1,1736.39,503.5531,1007.12
4910,24-07-2023 13:00,1203,South,Pune,293,Home,UPI,0.23,3859.71,6,23158.26,5326.3998,17852.85
4911,24-07-2023 14:00,1193,West,Pune,146,Home,Cash,0.23,1241.14,4,4964.56,1141.8488,3327.02
4912,24-07-2023 15:00,1680,South,Chennai,441,Clothing,Cash,0.02,2443.53,2,4887.06,97.7412,5387.48
4913,24-07-2023 16:00,1663,West,Pune,341,Clothing,Cash,0.07,2870.46,6,17222.76,1205.5932,15845.35
4914,24-07-2023 17:00,1546,East,Pune,109,Clothing,Card,0.29,3058.91,1,3058.91,887.0839,2054.64
4915,24-07-2023 18:00,1695,South,Bangalore,469,Sports,UPI,0.15,4685.06,1,4685.06,702.759,4203.27
4916,24-07-2023 19:00,1285,South,Delhi,388,Sports,Cash,0.12,3341.32,5,16706.6,2004.792,14650.87
4917,24-07-2023 20:00,1056,North,Mumbai,490,Sports,Cash,0.25,3952.86,6,23717.16,5929.29,17662.6
4918,24-07-2023 21:00,1733,South,Delhi,230,Electronics,Cash,0.03,2951.2,2,5902.4,177.072,5324.13
4919,24-07-2023 22:00,1302,South,Pune,369,Electronics,Card,0.13,4184.54,8,33476.32,4351.9216,29154.97
4920,24-07-2023 23:00,1162,North,Chennai,401,Home,Card,0.11,1391.95,4,5567.8,612.458,4791.29
4921,25-07-2023 00:00,1018,North,Mumbai,160,Clothing,UPI,0.1,1128.4,4,4513.6,451.36,4686.64
4922,25-07-2023 01:00,1369,East,Mumbai,263,Clothing,NetBanking,0.09,4638.97,5,23194.85,2087.5365,21045.72
4923,25-07-2023 02:00,1263,South,Chennai,112,Sports,UPI,0.06,3498.06,4,13992.24,839.5344,12472.62
4924,25-07-2023 03:00,1793,East,Mumbai,371,Electronics,Card,0.05,3390.48,5,16952.4,847.62,16389.83
4925,25-07-2023 04:00,1112,East,Chennai,307,Clothing,Cash,0.19,2389.75,3,7169.25,1362.1575,5507.08
4926,25-07-2023 05:00,1487,North,Mumbai,345,Home,Cash,0.28,1945.82,8,15566.56,4358.6368,11239.8
4927,25-07-2023 06:00,1326,West,Delhi,232,Clothing,UPI,0.15,2822.89,6,16937.34,2540.601,14818.2
4928,25-07-2023 07:00,1541,East,Mumbai,343,Sports,Cash,0.09,690.78,8,5526.24,497.3616,4936.24
4929,25-07-2023 08:00,1646,West,Bangalore,393,Sports,Card,0.05,2328.09,5,11640.45,582.0225,10997.01
4930,25-07-2023 09:00,1578,South,Chennai,137,Electronics,UPI,0.25,2331.3,7,16319.1,4079.775,12519.72
4931,25-07-2023 10:00,1064,North,Mumbai,458,Home,NetBanking,0.29,2737.85,7,19164.95,5557.8355,14034.79
4932,25-07-2023 11:00,1291,South,Chennai,155,Home,Card,0.1,3209.96,6,19259.76,1925.976,17292.59
4933,25-07-2023 12:00,1024,South,Bangalore,418,Clothing,Card,0.09,4790.86,4,19163.44,1724.7096,18045.51
4934,25-07-2023 13:00,1548,North,Mumbai,475,Home,Cash,0.18,3295.63,6,19773.78,3559.2804,15692.93
4935,25-07-2023 14:00,1000,South,Mumbai,147,Clothing,Card,0.23,4430.25,9,39872.25,9170.6175,30430.84
4936,25-07-2023 15:00,1910,North,Bangalore,204,Clothing,Card,0.14,2825.89,4,11303.56,1582.4984,9577.79
4937,25-07-2023 16:00,1548,West,Bangalore,158,Electronics,NetBanking,0.19,3171.95,6,19031.7,3616.023,15732.63
4938,25-07-2023 17:00,1140,South,Bangalore,176,Home,Cash,0.21,442.2,6,2653.2,557.172,2165.17
4939,25-07-2023 18:00,1743,North,Chennai,317,Sports,Card,0.29,752.99,3,2258.97,655.1013,1401.36
4940,25-07-2023 19:00,1647,East,Bangalore,482,Clothing,Cash,0.05,2940.39,4,11761.56,588.078,10835.7
4941,25-07-2023 20:00,1900,South,Chennai,154,Clothing,Card,0.3,2038.99,3,6116.97,1835.091,3833.81
4942,25-07-2023 21:00,1187,West,Delhi,154,Clothing,NetBanking,0.12,4014.17,3,12042.51,1445.1012,10752.27
4943,25-07-2023 22:00,1127,North,Mumbai,228,Home,Cash,0.22,2761.57,4,11046.28,2430.1816,8499.28
4944,25-07-2023 23:00,1200,South,Mumbai,491,Home,Cash,0.17,4423.23,4,17692.92,3007.7964,14989.43
4945,26-07-2023 00:00,1126,South,Pune,482,Home,NetBanking,0.15,4864.43,6,29186.58,4377.987,24378.53
4946,26-07-2023 01:00,1256,South,Delhi,487,Clothing,UPI,0.21,823.41,4,3293.64,691.6644,2730.13
4947,26-07-2023 02:00,1675,West,Bangalore,184,Sports,Card,0.12,2034.66,6,12207.96,1464.9552,10730.27
4948,26-07-2023 03:00,1546,North,Bangalore,313,Sports,Card,0.04,3358.41,2,6716.82,268.6728,6264.08
4949,26-07-2023 04:00,1193,East,Delhi,214,Home,UPI,0.15,1596.89,4,6387.56,958.134,5267.13
4950,26-07-2023 05:00,1702,East,Bangalore,413,Sports,Cash,0.16,1408.46,2,2816.92,450.7072,2397.09
4951,26-07-2023 06:00,1103,East,Pune,392,Clothing,Cash,0.06,4087.32,8,32698.56,1961.9136,30727.19
4952,26-07-2023 07:00,1534,North,Chennai,148,Home,NetBanking,0.28,4903.85,9,44134.65,12357.702,31509.46
4953,26-07-2023 08:00,1264,East,Mumbai,166,Home,NetBanking,0.07,3891.64,7,27241.48,1906.9036,25489.26
4954,26-07-2023 09:00,1801,West,Delhi,374,Clothing,NetBanking,0.12,2666.02,6,15996.12,1919.5344,14438.1
4955,26-07-2023 10:00,1941,North,Mumbai,228,Home,UPI,0.05,2268.31,8,18146.48,907.324,17165.98
4956,26-07-2023 11:00,1973,South,Chennai,128,Clothing,UPI,0.16,2744.27,4,10977.08,1756.3328,9395.25
4957,26-07-2023 12:00,1383,West,Delhi,442,Home,Cash,0.09,2367.91,2,4735.82,426.2238,4261.78
4958,26-07-2023 13:00,1259,South,Chennai,132,Sports,NetBanking,0.15,2564.15,4,10256.6,1538.49,9441.19
4959,26-07-2023 14:00,1413,East,Bangalore,218,Home,Cash,0.07,,5,5484.6,383.922,5104.84
4960,26-07-2023 15:00,1990,West,Bangalore,279,Home,UPI,,4528.34,9,40755.06,815.1012,40150.39
4961,26-07-2023 16:00,1357,North,Bangalore,250,Home,Card,0.23,3797.22,5,18986.1,4366.803,14969.48
4962,26-07-2023 17:00,1074,West,Chennai,232,Electronics,Cash,0.19,3436.79,9,30931.11,5876.9109,24861.94
4963,26-07-2023 18:00,1354,South,Chennai,426,Sports,UPI,0.1,4754.63,9,42791.67,4279.167,38724.3
4964,26-07-2023 19:00,1583,North,Chennai,284,Clothing,NetBanking,0.01,1493.53,8,11948.24,119.4824,12087.47
4965,26-07-2023 20:00,1770,West,Mumbai,233,Electronics,Card,0.26,497.68,5,2488.4,646.984,1970.38
4966,26-07-2023 21:00,1909,West,Chennai,276,Sports,Card,0.05,4148.08,,8296.16,414.808,8110.31
4967,26-07-2023 22:00,1187,West,Bangalore,121,Home,Card,0.28,4992.24,5,24961.2,6989.136,17777.63
4968,26-07-2023 23:00,1972,West,Pune,340,Home,NetBanking,0.14,2934.32,1,2934.32,410.8048,3167.7
4969,27-07-2023 00:00,1684,North,Chennai,176,Clothing,Card,0.1,388.17,8,3105.36,310.536,2075.29
4970,27-07-2023 01:00,1991,South,Pune,303,Clothing,UPI,,3924.29,2,7848.58,1726.6876,5869.53
4971,27-07-2023 02:00,1289,West,Bangalore,103,Sports,Cash,0.26,461.37,7,3229.59,839.6934,1988.58
4972,27-07-2023 03:00,1044,North,Chennai,427,Sports,Card,0.11,,2,5492.14,604.1354,5404.87
4973,27-07-2023 04:00,1572,South,Mumbai,264,Clothing,Card,0.12,1459.91,5,7299.55,875.946,6384.32
4974,27-07-2023 05:00,1082,West,Mumbai,227,Sports,UPI,0.13,4583.63,7,32085.41,4171.1033,27630.91
4975,27-07-2023 06:00,1122,South,Pune,144,Clothing,NetBanking,0.28,2311.52,6,13869.12,3883.3536,9804.09
4976,27-07-2023 07:00,1357,South,Mumbai,317,Home,Card,0.21,4502.47,5,22512.35,4727.5935,17327.29
4977,27-07-2023 08:00,1527,North,Mumbai,334,Clothing,UPI,0.07,1565.5,6,9393,657.51,8923.71
4978,27-07-2023 09:00,1065,South,Mumbai,235,Electronics,UPI,0.06,1998.08,2,3996.16,239.7696,3974.8
4979,27-07-2023 10:00,1935,North,Bangalore,267,Clothing,NetBanking,0.07,4740.88,1,4740.88,331.8616,4500.08
4980,27-07-2023 11:00,1656,West,Mumbai,336,Clothing,NetBanking,0.08,1086.44,1,1086.44,86.9152,784.74
4981,27-07-2023 12:00,1374,South,Delhi,192,Electronics,Cash,0.07,2934.66,8,23477.28,1643.4096,22291.7
4982,27-07-2023 13:00,1161,South,Chennai,104,Electronics,Card,0.2,2003.7,3,6011.1,1202.22,5043.44
4983,27-07-2023 14:00,1745,East,Mumbai,255,Electronics,Cash,0.03,,3,11680.26,350.4078,10806.46
4984,27-07-2023 15:00,1379,West,Mumbai,344,Electronics,UPI,,733.55,9,6601.95,792.234,5751.57
4985,27-07-2023 16:00,1655,West,Mumbai,459,Clothing,Card,0.19,2242.35,6,13454.1,2556.279,10550.77
4986,27-07-2023 17:00,1357,East,Delhi,180,Sports,UPI,0.09,3524.77,4,14099.08,1268.9172,13271.73
4987,27-07-2023 18:00,1187,East,Mumbai,346,Electronics,UPI,0.02,2094.38,4,8377.52,167.5504,8075.45
4988,27-07-2023 19:00,1321,North,Mumbai,442,Home,UPI,0.02,386.81,7,2707.67,54.1534,2239.74
4989,27-07-2023 20:00,1449,North,Chennai,236,Clothing,NetBanking,0.04,3555.05,6,21330.3,853.212,20433.23
4990,27-07-2023 21:00,1473,South,Delhi,485,Sports,NetBanking,0.25,2565.67,2,5131.34,1282.835,4325.45
4991,27-07-2023 22:00,1012,South,Delhi,162,Home,Card,0.2,155.41,9,1398.69,279.738,1378.3
4992,27-07-2023 23:00,1183,South,Mumbai,406,Clothing,UPI,0.02,3102.01,2,6204.02,124.0804,5923.54
4993,28-07-2023 00:00,1110,South,Delhi,215,Clothing,UPI,0.12,4607.42,8,36859.36,4423.1232,32384.03
4994,28-07-2023 01:00,1926,North,Pune,212,Home,Card,0.08,644.03,4,2576.12,206.0896,2668.52
4995,28-07-2023 02:00,1507,West,Delhi,130,Electronics,Cash,0.17,2994.29,1,2994.29,509.0293,2903.66
4996,28-07-2023 03:00,1289,South,Delhi,106,Electronics,UPI,0.16,3670.48,1,3670.48,587.2768,2617.98
4997,28-07-2023 04:00,1294,West,Delhi,102,Home,NetBanking,0.14,446.79,9,4021.11,562.9554,3504.23
4998,28-07-2023 05:00,1450,South,Bangalore,406,Sports,Cash,0.09,210.82,4,843.28,75.8952,660.92
4999,28-07-2023 06:00,1903,East,Bangalore,342,Electronics,Cash,0.04,2374.56,1,2374.56,94.9824,2133.31
5000,28-07-2023 07:00,1214,South,Bangalore,155,Clothing,Cash,0.22,3976.81,3,11930.43,2624.6946,9708.34
